Name,Location,City,District,Price,Bed,PropertyID,PropertyArea,OwnershipType,image
വാസയോഗ്യമായ ഫ്‌ളാറ്റ്‌ വാടകയ്ക്ക്,Aryad,Alapuzha,Alleppey,10 k - 15 k ,3,P785660,950 Sq-ft,Single,https://assets.helloaddress.com/ui/images/property-no-image-small-ra.jpg
Residential Apartment for Rent,Thathampally,Alapuzha,Alleppey,5 k - 10 k ,2,P752633,1000 Sq-ft,Single,https://assets.helloaddress.com/ui/images/property-no-image-small-ra.jpg
Residential Apartment for Rent,Town,Alapuzha,Alleppey,10 k - 15 k ,3,12068982,1400 Sq-ft,Single,https://assets.helloaddress.com/ui/images/property-no-image-small-ra.jpg
Commercial Office for Rent,Mavelikkara,Mavellikkara,Alleppey,1 k - 5 k ,3,12665062,137.62 Sq-ft,Single,https://assets.helloaddress.com/ui/images/property-no-image-small-cf.jpg
Commercial Building for Rent,in Chandiroor,Aroor,Alleppey,45 k - 50 k ,3,12656437,4600 Sq-ft,Single,https://assets.helloaddress.com/ui/images/property-no-image-small-cb.jpg
Commercial Building for Rent,Chengannur town,Chengannur,Alleppey,1 Lac - 5 Lac ,3,12653269,4000 Sq-ft,Single,https://assets.helloaddress.com/ui/images/property-no-image-small-cb.jpg
Commercial Shop for Rent,Mavelikkara,Mavellikkara,Alleppey,Not Provided ,3,12658747,1200 Sq-ft,Single,https://assets.helloaddress.com/ui/images/property-no-image-small-cs.jpg
Commercial Building for Rent,Cherthala town,Cherthala,Alleppey,5 k - 10 k ,3,12651369,1000 Sq-ft,Single,https://assets.helloaddress.com/propertyImages/2019/February/thumb_property_12651369_5c67a6a33071b.jpg
Residential House/Villa for Rent,in Kalarkode,Alapuzha,Alleppey,5 k - 10 k ,2,12645106,1200 Sq-ft,Single,https://assets.helloaddress.com/ui/images/property-no-image-small-rh.jpg
Commercial Building for Rent,Cherthala town,Cherthala,Alleppey,Not Provided ,2,12650220,1500 Sq-ft,Single,https://assets.helloaddress.com/ui/images/property-no-image-small-cb.jpg
Commercial Building for Rent,Thamarakulam,Kayamkulam,Alleppey,Not Provided ,2,12647976,800 Sq-ft,Single,https://assets.helloaddress.com/ui/images/property-no-image-small-cb.jpg
Residential House/Villa for Rent,Chengannur town,Chengannur,Alleppey,Not Provided ,4,12636853,2000 Sq-ft,Single,https://assets.helloaddress.com/ui/images/property-no-image-small-rh.jpg
Commercial Building for Rent,Haripad,Haripad,Alleppey,Not Provided ,4,12637439,10000 Sq-ft,Single,https://assets.helloaddress.com/ui/images/property-no-image-small-cb.jpg
Commercial Shop for Rent,in Eramalloor,Aroor,Alleppey,Not Provided ,4,12642932,700 Sq-ft,Single,https://assets.helloaddress.com/ui/images/property-no-image-small-cs.jpg
Commercial Building for Rent,Town,Alapuzha,Alleppey,Not Provided ,4,12645164,15000 Sq-ft,Single,https://assets.helloaddress.com/ui/images/property-no-image-small-cb.jpg
Commercial Office for Rent,Chengannur town,Chengannur,Alleppey,Not Provided ,4,12644147,1200 Sq-ft,Single,https://assets.helloaddress.com/ui/images/property-no-image-small-cf.jpg
Commercial Shop for Rent,Mavelikkara,Mavellikkara,Alleppey,Not Provided ,4,12635003,2600 Sq-ft,Single,https://assets.helloaddress.com/propertyImages/2019/February/thumb_property_12635003_5c53d495a3d70.jpg
Commercial Office for Rent,Chengannur town,Chengannur,Alleppey,Not Provided ,4,12621584,850 Sq-ft,Single,https://assets.helloaddress.com/propertyImages/2019/January/thumb_property_12621584_5c42fae1bed55.jpg
Agricultural Land for Rent,Thumboli,Alapuzha,Alleppey,Not Provided ,4,12614871,15 Cent,Single,https://assets.helloaddress.com/ui/images/property-no-image-small-al.jpg
Commercial Building for Rent,Cherthala town,Cherthala,Alleppey,15 k - 20 k ,4,12618832,1800 Sq-ft,Single,https://assets.helloaddress.com/ui/images/property-no-image-small-cb.jpg
Commercial Office for Rent,Nedumudi,Kuttanad,Alleppey,Not Provided ,4,12616005,2000 Sq-ft,Single,https://assets.helloaddress.com/propertyImages/2019/January/thumb_property_12616005_5c42cf43930da.jpg
Commercial Office for Rent,in Thalavady,Kuttanad,Alleppey,Not Provided ,4,12616352,1500 Sq-ft,Single,https://assets.helloaddress.com/ui/images/property-no-image-small-cf.jpg
Commercial Building for Rent,Chengannur town,Chengannur,Alleppey,Not Provided ,4,12620469,2500 Sq-ft,Single,https://assets.helloaddress.com/ui/images/property-no-image-small-cb.jpg
Commercial Building for Rent,Cherthala town,Cherthala,Alleppey,15 k - 20 k ,4,12608549,1800 Sq-ft,Single,https://assets.helloaddress.com/ui/images/property-no-image-small-cb.jpg
Residential House/Villa for Rent,Marari beach,Mararikulam,Alleppey,25 k - 30 k ,4,12612130,2200 Sq-ft,Single,https://assets.helloaddress.com/ui/images/property-no-image-small-rh.jpg
Commercial Shop for Rent,Muthukulam,Kayamkulam,Alleppey,10 k - 15 k ,4,12608784,450 Sq-ft,Single,https://assets.helloaddress.com/ui/images/property-no-image-small-cs.jpg
Commercial Building for Rent,Cherthala town,Cherthala,Alleppey,Not Provided ,4,12607191,5000 Sq-ft,Single,https://assets.helloaddress.com/ui/images/property-no-image-small-cb.jpg
Commercial Land for Rent,in Edathua,Kuttanad,Alleppey,Not Provided ,4,12605501,18 Cent,Single,https://assets.helloaddress.com/ui/images/property-no-image-small-cl.jpg
Commercial Land for Rent,Arookutty,Aroor,Alleppey,Not Provided ,4,P791507,28 Cent,Single,https://assets.helloaddress.com/propertyImages/2019/January/thumb_property_P791507_5c2f33f643eb8.jpg
Commercial Building for Rent,Mullakkal,Ambalapuzha,Alleppey,Not Provided ,4,12591815,4000 Sq-ft,Single,https://assets.helloaddress.com/ui/images/property-no-image-small-cb.jpg
Commercial Building for Rent,Cherthala town,Cherthala,Alleppey,Not Provided ,4,12592806,10000 Sq-ft,Single,https://assets.helloaddress.com/ui/images/property-no-image-small-cb.jpg
Commercial Shop for Rent,Cherthala town,Cherthala,Alleppey,Not Provided ,4,12581430,210 Sq-ft,Single,https://assets.helloaddress.com/ui/images/property-no-image-small-cs.jpg
Commercial Office for Rent,Cherthala town,Cherthala,Alleppey,10 k - 15 k ,4,12584787,1300 Sq-ft,Single,https://assets.helloaddress.com/ui/images/property-no-image-small-cf.jpg
Commercial Shop for Rent,Kayamkulam town,Kayamkulam,Alleppey,15 k - 20 k ,4,12585444,1500 Sq-ft,Single,https://assets.helloaddress.com/ui/images/property-no-image-small-cs.jpg
Residential House/Villa for Rent,Aroor,Aroor,Alleppey,5 k - 10 k ,3,12578098,1400 Sq-ft,Single,https://assets.helloaddress.com/ui/images/property-no-image-small-rh.jpg
Commercial Office for Rent,Mavelikkara,Mavellikkara,Alleppey,Not Provided ,3,12572284,2000 Sq-ft,Single,https://assets.helloaddress.com/ui/images/property-no-image-small-cf.jpg
Residential House/Villa for Rent,in Eramalloor,Aroor,Alleppey,5 k - 10 k ,3,12568200,1100 Sq-ft,Single,https://assets.helloaddress.com/ui/images/property-no-image-small-rh.jpg
Commercial Building for Rent,Cherthala town,Cherthala,Alleppey,20 k - 25 k ,3,12579335,1260 Sq-ft,Single,https://assets.helloaddress.com/ui/images/property-no-image-small-cb.jpg
Commercial Building for Rent,Kalavoor,Mararikulam,Alleppey,65 k - 70 k ,3,12579920,8000 Sq-ft,Single,https://assets.helloaddress.com/ui/images/property-no-image-small-cb.jpg
Commercial Shop for Rent,Aroor,Aroor,Alleppey,20 k - 25 k ,3,12573228,270 Sq-ft,Single,https://assets.helloaddress.com/ui/images/property-no-image-small-cs.jpg
Commercial Building for Rent,in Edathua,Kuttanad,Alleppey,Not Provided ,3,12566369,1400 Sq-ft,Single,https://assets.helloaddress.com/ui/images/property-no-image-small-cb.jpg
Commercial Shop for Rent,Mavelikkara,Mavellikkara,Alleppey,1 k - 5 k ,3,12565123,200 Sq-ft,Single,https://assets.helloaddress.com/ui/images/property-no-image-small-cs.jpg
Commercial Office for Rent,Aroor,Aroor,Alleppey,Not Provided ,3,12564644,1350 Sq-ft,Single,https://assets.helloaddress.com/ui/images/property-no-image-small-cf.jpg
Residential House/Villa for Rent,in Kalavoor,Mararikulam,Alleppey,Not Provided ,4,12558027,1800 Sq-ft,Single,https://assets.helloaddress.com/ui/images/property-no-image-small-rh.jpg
Commercial Building for Rent,in Chandiroor,Aroor,Alleppey,Not Provided ,4,12546357,5500 Sq-ft,Single,https://assets.helloaddress.com/ui/images/property-no-image-small-cb.jpg
Residential House/Villa for Rent,Town,Alapuzha,Alleppey,10 k - 15 k ,2,12550840,800 Sq-ft,Single,https://assets.helloaddress.com/ui/images/property-no-image-small-rh.jpg
Commercial Building for Rent,Chandiroor,Aroor,Alleppey,Not Provided ,2,12550014,3000 Sq-ft,Single,https://assets.helloaddress.com/ui/images/property-no-image-small-cb.jpg
Residential House/Villa for Rent,in Mararikulam,Mararikulam,Alleppey,Not Provided ,4,12546432,2200 Sq-ft,Single,https://assets.helloaddress.com/ui/images/property-no-image-small-rh.jpg
Residential House/Villa for Rent,Chengannur town,Chengannur,Alleppey,Not Provided ,4,12545247,1500 Sq-ft,Single,https://assets.helloaddress.com/ui/images/property-no-image-small-rh.jpg
Commercial Building for Rent,Muhamma,Cherthala,Alleppey,Not Provided ,4,12546395,2000 Sq-ft,Single,https://assets.helloaddress.com/ui/images/property-no-image-small-cb.jpg
Residential Apartment for Rent,in Aroor,Aroor,Alleppey,10 k - 15 k ,3,12536835,1380 Sq-ft,Single,https://assets.helloaddress.com/ui/images/property-no-image-small-ra.jpg
Commercial Office for Rent,Town,Alapuzha,Alleppey,Not Provided ,3,12537335,500 Sq-m,Single,https://assets.helloaddress.com/ui/images/property-no-image-small-cf.jpg
Commercial Building for Rent,in Chandiroor,Aroor,Alleppey,Not Provided ,3,12521102,6000 Sq-ft,Single,https://assets.helloaddress.com/ui/images/property-no-image-small-cb.jpg
Commercial Land for Rent,Town,Alapuzha,Alleppey,Not Provided ,3,12527043,50 Cent,Single,https://assets.helloaddress.com/ui/images/property-no-image-small-cl.jpg
Commercial Building for Rent,Pazhaveed,Alapuzha,Alleppey,Not Provided ,3,12529742,600 Sq-ft,Single,https://assets.helloaddress.com/ui/images/property-no-image-small-cb.jpg
Residential House/Villa for Rent,Chengannur town,Chengannur,Alleppey,5 k - 10 k ,2,12522826,1000 Sq-ft,Single,https://assets.helloaddress.com/ui/images/property-no-image-small-rh.jpg
Commercial Building for Rent,Mararikulam,Mararikulam,Alleppey,Not Provided ,2,12530695,20000 Sq-ft,Single,https://assets.helloaddress.com/ui/images/property-no-image-small-cb.jpg
Residential House/Villa for Rent,Chengannur town,Chengannur,Alleppey,Not Provided ,5,12515483,3000 Sq-ft,Single,https://assets.helloaddress.com/ui/images/property-no-image-small-rh.jpg
Commercial Building for Rent,Town,Alapuzha,Alleppey,Not Provided ,5,12497295,4500 Sq-ft,Single,https://assets.helloaddress.com/ui/images/property-no-image-small-cb.jpg
Residential Apartment for Rent,in Aroor,Aroor,Alleppey,10 k - 15 k ,3,12494807,1380 Sq-ft,Single,https://assets.helloaddress.com/ui/images/property-no-image-small-ra.jpg
Residential House/Villa for Rent,Town,Alapuzha,Alleppey,10 k - 15 k ,3,12502484,1600 Sq-ft,Single,https://assets.helloaddress.com/ui/images/property-no-image-small-rh.jpg
Commercial Office for Rent,Thriperumthura,Mavellikkara,Alleppey,15 k - 20 k ,3,P796029,1000 Sq-ft,Single,https://assets.helloaddress.com/ui/images/property-no-image-small-cf.jpg
Residential House/Villa for Rent,in Eramalloor,Aroor,Alleppey,5 k - 10 k ,4,P795116,1500 Sq-m,Single,https://assets.helloaddress.com/ui/images/property-no-image-small-rh.jpg
Residential House/Villa for Rent,Ramankary,Kuttanad,Alleppey,Not Provided ,3,P795268,1500 Sq-ft,Single,https://assets.helloaddress.com/ui/images/property-no-image-small-rh.jpg
Residential House/Villa for Rent,Aroor,Aroor,Alleppey,10 k - 15 k ,2,P792500,1500 Sq-ft,Single,https://assets.helloaddress.com/ui/images/property-no-image-small-rh.jpg
Commercial Building for Rent,Town,Alapuzha,Alleppey,Not Provided ,2,P788021,5000 Sq-ft,Single,https://assets.helloaddress.com/ui/images/property-no-image-small-cb.jpg
Residential House/Villa for Rent,in Cherthala town,Cherthala,Alleppey,30 k - 35 k ,4,P785679,2238 Sq-ft,Single,https://assets.helloaddress.com/ui/images/property-no-image-small-rh.jpg
വാസയോഗ്യമായ ഫ്‌ളാറ്റ്‌ വാടകയ്ക്ക്,Aryad,Alapuzha,Alleppey,10 k - 15 k ,3,P785660,950 Sq-ft,Single,https://assets.helloaddress.com/ui/images/property-no-image-small-ra.jpg
Commercial Building for Rent,Cherthala town,Cherthala,Alleppey,Not Provided ,3,P785029,2000 Sq-ft,Single,https://assets.helloaddress.com/ui/images/property-no-image-small-cb.jpg
Residential House/Villa for Rent,Pallippuram,Cherthala,Alleppey,1 k - 5 k ,8,P782462,2800 Sq-ft,Single,https://assets.helloaddress.com/ui/images/property-no-image-small-rh.jpg
Commercial Building for Rent,Kayamkulam town,Kayamkulam,Alleppey,Not Provided ,8,P780751,5000 Sq-ft,Single,https://assets.helloaddress.com/ui/images/property-no-image-small-cb.jpg
Commercial Shop for Rent,Kannamangalam,Mavellikkara,Alleppey,Not Provided ,8,P780437,3500 Sq-ft,Single,https://assets.helloaddress.com/ui/images/property-no-image-small-cs.jpg
Commercial Shop for Rent,Town,Alapuzha,Alleppey,40 k - 45 k ,8,P780384,1000 Sq-ft,Single,https://assets.helloaddress.com/ui/images/property-no-image-small-cs.jpg
Residential House/Villa for Rent,Pazhaveed,Alapuzha,Alleppey,5 k - 10 k ,3,P771715,1450 Sq-ft,Single,https://assets.helloaddress.com/ui/images/property-no-image-small-rh.jpg
Commercial Building for Rent,Haripad,Haripad,Alleppey,75 k - 80 k ,3,P778927,8000 Sq-ft,Single,https://assets.helloaddress.com/ui/images/property-no-image-small-cb.jpg
Commercial Office for Rent,Cherthala town,Cherthala,Alleppey,30 k - 35 k ,3,P777727,1300 Sq-ft,Single,https://assets.helloaddress.com/ui/images/property-no-image-small-cf.jpg
Commercial Office for Rent,Town,Alapuzha,Alleppey,Not Provided ,3,P764019,6000 Sq-ft,Single,https://assets.helloaddress.com/ui/images/property-no-image-small-cf.jpg
Residential House/Villa for Rent,Kallisery,Chengannur,Alleppey,Not Provided ,1,12470656,2000 Sq-ft,Single,https://assets.helloaddress.com/ui/images/property-no-image-small-rh.jpg
Residential House/Villa for Rent,Kallisery,Chengannur,Alleppey,15 k - 20 k ,3,P773920,3250 Sq-ft,Single,https://assets.helloaddress.com/ui/images/property-no-image-small-rh.jpg
Residential House/Villa for Rent,Mavelikkara,Mavellikkara,Alleppey,5 k - 10 k ,3,P772446,1000 Sq-ft,Single,https://assets.helloaddress.com/ui/images/property-no-image-small-rh.jpg
Residential House/Villa for Rent,NagIarkulangara,Haripad,Alleppey,5 k - 10 k ,3,12459880,1400 Sq-ft,Single,https://assets.helloaddress.com/ui/images/property-no-image-small-rh.jpg
Commercial Building for Rent,Ezhupunna,Cherthala,Alleppey,Not Provided ,3,12451512,10000 Sq-ft,Single,https://assets.helloaddress.com/ui/images/property-no-image-small-cb.jpg
Residential House/Villa for Rent,Cherthala town,Cherthala,Alleppey,5 k - 10 k ,4,12443071,2000 Sq-ft,Single,https://assets.helloaddress.com/ui/images/property-no-image-small-rh.jpg
Commercial Shop for Rent,Kayamkulam town,Kayamkulam,Alleppey,35 k - 40 k ,4,P771712,1300 Sq-ft,Single,https://assets.helloaddress.com/ui/images/property-no-image-small-cs.jpg
Commercial Building for Rent,in Haripad,Haripad,Alleppey,Not Provided ,4,12449896,14000 Sq-ft,Single,https://assets.helloaddress.com/ui/images/property-no-image-small-cb.jpg
Commercial Building for Rent,Kayamkulam town,Kayamkulam,Alleppey,1 k - 5 k ,4,12448055,2800 Sq-ft,Single,https://assets.helloaddress.com/ui/images/property-no-image-small-cb.jpg
Commercial Office for Rent,in Aroor,Aroor,Alleppey,75 k - 80 k ,4,P770321,2900 Sq-ft,Single,https://assets.helloaddress.com/ui/images/property-no-image-small-cf.jpg
Commercial Building for Rent,Town,Alapuzha,Alleppey,Not Provided ,4,12441285,6200 Sq-ft,Single,https://assets.helloaddress.com/ui/images/property-no-image-small-cb.jpg
Residential House/Villa for Rent,Chengannur town,Chengannur,Alleppey,5 k - 10 k ,2,12430992,1100 Sq-ft,Single,https://assets.helloaddress.com/ui/images/property-no-image-small-rh.jpg
Commercial Office for Rent,Town,Alapuzha,Alleppey,20 k - 25 k ,2,12431643,1900 Sq-ft,Single,https://assets.helloaddress.com/ui/images/property-no-image-small-cf.jpg
Commercial Building for Rent,Town,Alapuzha,Alleppey,Not Provided ,2,12426463,2000 Sq-m,Single,https://assets.helloaddress.com/ui/images/property-no-image-small-cb.jpg
Commercial Building for Rent,Town,Alapuzha,Alleppey,Not Provided ,2,12428065,10000 Sq-ft,Single,https://assets.helloaddress.com/ui/images/property-no-image-small-cb.jpg
Commercial Building for Rent,in Budhanoor,Mannar,Alleppey,Not Provided ,2,12431843,1500 Sq-ft,Single,https://assets.helloaddress.com/ui/images/property-no-image-small-cb.jpg
Commercial Office for Rent,Mavelikkara,Mavellikkara,Alleppey,Not Provided ,2,12430940,1400 Sq-ft,Single,https://assets.helloaddress.com/ui/images/property-no-image-small-cf.jpg
Commercial Office for Rent,Cherthala town,Cherthala,Alleppey,95 k - 1 Lac ,2,12431202,2850 Sq-ft,Single,https://assets.helloaddress.com/ui/images/property-no-image-small-cf.jpg
Commercial Office for Rent,Chengannur town,Chengannur,Alleppey,5 k - 10 k ,2,12429409,850 Sq-ft,Single,https://assets.helloaddress.com/ui/images/property-no-image-small-cf.jpg
Residential Apartment for Rent,Chengannur town,Chengannur,Alleppey,5 k - 10 k ,2,12427361,1000 Sq-ft,Single,https://assets.helloaddress.com/ui/images/property-no-image-small-ra.jpg
Commercial Building for Rent,in Kayamkulam town,Kayamkulam,Alleppey,Not Provided ,2,12421987,4000 Sq-ft,Single,https://assets.helloaddress.com/ui/images/property-no-image-small-cb.jpg
Commercial Building for Rent,Chengannur town,Chengannur,Alleppey,Not Provided ,2,12415380,10500 Sq-ft,Single,https://assets.helloaddress.com/ui/images/property-no-image-small-cb.jpg
Commercial Building for Rent,Ezhupunna,Cherthala,Alleppey,Not Provided ,2,12412422,30000 Sq-ft,Single,https://assets.helloaddress.com/ui/images/property-no-image-small-cb.jpg
Residential House/Villa for Rent,in Maruthorvattom,Cherthala,Alleppey,5 k - 10 k ,3,P766309,1800 Sq-ft,Single,https://assets.helloaddress.com/ui/images/property-no-image-small-rh.jpg
Residential House/Villa for Rent,Chengannur town,Chengannur,Alleppey,Not Provided ,4,12414688,1500 Sq-ft,Single,https://assets.helloaddress.com/ui/images/property-no-image-small-rh.jpg
Commercial Shop for Rent,Mannar,Mannar,Alleppey,90 k - 95 k ,4,P766213,6200 Sq-ft,Single,https://assets.helloaddress.com/ui/images/property-no-image-small-cs.jpg
Commercial Office for Rent,Town,Alapuzha,Alleppey,5 k - 10 k ,4,12415055,200 Sq-ft,Single,https://assets.helloaddress.com/ui/images/property-no-image-small-cf.jpg
Residential House/Villa for Rent,in Mavelikkara,Mavellikkara,Alleppey,5 k - 10 k ,2,12408702,1000 Sq-ft,Single,https://assets.helloaddress.com/ui/images/property-no-image-small-rh.jpg
Commercial Building for Rent,in Chandiroor,Aroor,Alleppey,Not Provided ,2,12395160,8000 Sq-ft,Single,https://assets.helloaddress.com/ui/images/property-no-image-small-cb.jpg
Commercial Building for Rent,Eramalloor,Aroor,Alleppey,1 Lac - 5 Lac ,2,12392157,10000 Sq-ft,Single,https://assets.helloaddress.com/ui/images/property-no-image-small-cb.jpg
Commercial Office for Rent,Chennithala,Mavellikkara,Alleppey,20 k - 25 k ,2,12382875,1800 Sq-ft,Single,https://assets.helloaddress.com/ui/images/property-no-image-small-cf.jpg
Residential House/Villa for Rent,in Kalarkode,Alapuzha,Alleppey,10 k - 15 k ,4,123933701,2300 Sq-ft,Single,https://assets.helloaddress.com/ui/images/property-no-image-small-rh.jpg
Residential House/Villa for Rent,in Kalarkode,Alapuzha,Alleppey,5 k - 10 k ,3,12393370,1500 Sq-ft,Single,https://assets.helloaddress.com/ui/images/property-no-image-small-rh.jpg
Residential House/Villa for Rent,in Kayamkulam town,Kayamkulam,Alleppey,10 k - 15 k ,2,12378967,1500 Sq-ft,Single,https://assets.helloaddress.com/ui/images/property-no-image-small-rh.jpg
Residential House/Villa for Rent,Thathampally,Alapuzha,Alleppey,5 k - 10 k ,3,12384471,1800 Sq-ft,Single,https://assets.helloaddress.com/ui/images/property-no-image-small-rh.jpg
Commercial Building for Rent,Town,Alapuzha,Alleppey,20 k - 25 k ,3,12385104,2000 Sq-ft,Single,https://assets.helloaddress.com/ui/images/property-no-image-small-cb.jpg
Commercial Office for Rent,Mavelikkara,Mavellikkara,Alleppey,Not Provided ,3,12382371,600 Sq-ft,Single,https://assets.helloaddress.com/ui/images/property-no-image-small-cf.jpg
Residential House/Villa for Rent,Mavelikkara,Mavellikkara,Alleppey,5 k - 10 k ,2,121379516,1400 Sq-ft,Single,https://assets.helloaddress.com/ui/images/property-no-image-small-rh.jpg
Residential House/Villa for Rent,in Aroor,Aroor,Alleppey,10 k - 15 k ,4,12370059,1400 Sq-ft,Single,https://assets.helloaddress.com/ui/images/property-no-image-small-rh.jpg
Commercial Building for Rent,Thazhakara,Mavellikkara,Alleppey,20 k - 25 k ,4,P726615,3500 Sq-ft,Single,https://assets.helloaddress.com/ui/images/property-no-image-small-cb.jpg
Commercial Building for Rent,in Chengannur town,Chengannur,Alleppey,15 k - 20 k ,4,12344879,1700 Sq-ft,Single,https://assets.helloaddress.com/ui/images/property-no-image-small-cb.jpg
Residential House/Villa for Rent,Chengannur town,Chengannur,Alleppey,10 k - 15 k ,3,12345117,2000 Sq-ft,Single,https://assets.helloaddress.com/ui/images/property-no-image-small-rh.jpg
Commercial Building for Rent,Town,Alapuzha,Alleppey,1 k - 5 k ,3,123474071,200 Sq-ft,Single,https://assets.helloaddress.com/ui/images/property-no-image-small-cb.jpg
Commercial Shop for Rent,Town,Alapuzha,Alleppey,5 k - 10 k ,3,12347407,350 Sq-ft,Single,https://assets.helloaddress.com/ui/images/property-no-image-small-cs.jpg
Commercial Office for Rent,in Haripad,Haripad,Alleppey,Not Provided ,3,12329906,3500 Sq-ft,Single,https://assets.helloaddress.com/ui/images/property-no-image-small-cf.jpg
Industrial Building for Rent,in Arookutty,Aroor,Alleppey,10 k - 15 k ,3,P753259,1200 Sq-ft,Single,https://assets.helloaddress.com/ui/images/property-no-image-small-ib.jpg
Industrial Building for Rent,in Arookutty,Aroor,Alleppey,Not Provided ,3,P753253,10000 Sq-ft,Single,https://assets.helloaddress.com/ui/images/property-no-image-small-ib.jpg
Residential Apartment for Rent,Thathampally,Alapuzha,Alleppey,5 k - 10 k ,2,P752633,1000 Sq-ft,Single,https://assets.helloaddress.com/ui/images/property-no-image-small-ra.jpg
Residential House/Villa for Rent,Town,Alapuzha,Alleppey,10 k - 15 k ,2,12314024,1400 Sq-ft,Single,https://assets.helloaddress.com/ui/images/property-no-image-small-rh.jpg
Residential House/Villa for Rent,in Cherthala town,Cherthala,Alleppey,10 k - 15 k ,4,12314554,2000 Sq-ft,Single,https://assets.helloaddress.com/ui/images/property-no-image-small-rh.jpg
Commercial Shop for Rent,NagIarkulangara,Haripad,Alleppey,10 k - 15 k ,4,P750992,2500 Sq-ft,Single,https://assets.helloaddress.com/ui/images/property-no-image-small-cs.jpg
Commercial Office for Rent,Town,Alapuzha,Alleppey,10 k - 15 k ,4,12299627,900 Sq-ft,Single,https://assets.helloaddress.com/ui/images/property-no-image-small-cf.jpg
Commercial Building for Rent,in Cherthala town,Cherthala,Alleppey,Not Provided ,4,12305589,2500 Sq-ft,Single,https://assets.helloaddress.com/ui/images/property-no-image-small-cb.jpg
Commercial Building for Rent,Kayamkulam town,Kayamkulam,Alleppey,25 k - 30 k ,4,P750519,2000 Sq-ft,Single,https://assets.helloaddress.com/ui/images/property-no-image-small-cb.jpg
Commercial Office for Rent,Kalarkode,Alapuzha,Alleppey,65 k - 70 k ,4,P648253,5700 Sq-ft,Single,https://assets.helloaddress.com/ui/images/property-no-image-small-cf.jpg
Commercial Shop for Rent,Haripad,Haripad,Alleppey,Not Provided ,4,P748603,3500 Sq-ft,Single,https://assets.helloaddress.com/ui/images/property-no-image-small-cs.jpg
Commercial Office for Rent,Town,Alapuzha,Alleppey,15 k - 20 k ,4,P748325,950 Sq-ft,Single,https://assets.helloaddress.com/ui/images/property-no-image-small-cf.jpg
Commercial Land for Rent,Town,Alapuzha,Alleppey,Not Provided ,4,12277083,50 Cent,Single,https://assets.helloaddress.com/ui/images/property-no-image-small-cl.jpg
Residential Land for Rent,Cherthala town,Cherthala,Alleppey,15 k - 20 k ,4,12283152,5 Cent,Single,https://assets.helloaddress.com/ui/images/property-no-image-small-rl.jpg
Commercial Shop for Rent,in Haripad,Haripad,Alleppey,35 k - 40 k ,4,12275470,1300 Sq-ft,Single,https://assets.helloaddress.com/ui/images/property-no-image-small-cs.jpg
Commercial Office for Rent,Mavelikkara,Mavellikkara,Alleppey,1 k - 5 k ,4,12258075,700 Sq-ft,Single,https://assets.helloaddress.com/ui/images/property-no-image-small-cf.jpg
Commercial Shop for Rent,Town,Alapuzha,Alleppey,10 k - 15 k ,4,12237854,500 Sq-ft,Single,https://assets.helloaddress.com/ui/images/property-no-image-small-cs.jpg
Commercial Shop for Rent,in Chengannur town,Chengannur,Alleppey,Not Provided ,4,12240203,3000 Sq-ft,Single,https://assets.helloaddress.com/ui/images/property-no-image-small-cs.jpg
Commercial Building for Rent,in Mavelikkara,Mavellikkara,Alleppey,Not Provided ,4,12238136,1000 Sq-ft,Single,https://assets.helloaddress.com/ui/images/property-no-image-small-cb.jpg
Commercial Office for Rent,Chengannur town,Chengannur,Alleppey,Not Provided ,4,12201810,1500 Sq-ft,Single,https://assets.helloaddress.com/ui/images/property-no-image-small-cf.jpg
Residential House/Villa for Rent,Haripad,Haripad,Alleppey,45 k - 50 k ,3,12220242,1800 Sq-ft,Single,https://assets.helloaddress.com/ui/images/property-no-image-small-rh.jpg
Commercial Shop for Rent,Cherthala town,Cherthala,Alleppey,Not Provided ,3,1224904,1200 Sq-ft,Single,https://assets.helloaddress.com/ui/images/property-no-image-small-cs.jpg
Residential House/Villa for Rent,Kalavoor,Mararikulam,Alleppey,Not Provided ,2,P740443,1800 Sq-ft,Single,https://assets.helloaddress.com/ui/images/property-no-image-small-rh.jpg
Commercial Shop for Rent,Mavelikkara,Mavellikkara,Alleppey,Not Provided ,2,P740065,1000 Sq-ft,Single,https://assets.helloaddress.com/ui/images/property-no-image-small-cs.jpg
Commercial Building for Rent,in Aroor,Aroor,Alleppey,Not Provided ,2,12202186,3000 Sq-ft,Single,https://assets.helloaddress.com/ui/images/property-no-image-small-cb.jpg
Commercial Shop for Rent,Town,Alapuzha,Alleppey,Not Provided ,2,12205547,650 Sq-ft,Single,https://assets.helloaddress.com/ui/images/property-no-image-small-cs.jpg
Commercial Office for Rent,Town,Alapuzha,Alleppey,10 k - 15 k ,2,12199501,200 Sq-ft,Single,https://assets.helloaddress.com/ui/images/property-no-image-small-cf.jpg
Residential House/Villa for Rent,Mavelikkara,Mavellikkara,Alleppey,Not Provided ,2,P739366,800 Sq-ft,Single,https://assets.helloaddress.com/ui/images/property-no-image-small-rh.jpg
Commercial Shop for Rent,in Haripad,Haripad,Alleppey,35 k - 40 k ,2,12205959,1300 Sq-ft,Single,https://assets.helloaddress.com/ui/images/property-no-image-small-cs.jpg
Commercial Building for Rent,Cherthala town,Cherthala,Alleppey,Not Provided ,2,12196006,2050 Sq-ft,Single,https://assets.helloaddress.com/ui/images/property-no-image-small-cb.jpg
Residential House/Villa for Rent,Chengannur town,Chengannur,Alleppey,Not Provided ,3,12186218,900 Sq-ft,Single,https://assets.helloaddress.com/ui/images/property-no-image-small-rh.jpg
Commercial Building for Rent,Chengannur town,Chengannur,Alleppey,Not Provided ,3,P737784,3500 Sq-ft,Single,https://assets.helloaddress.com/ui/images/property-no-image-small-cb.jpg
Residential House/Villa for Rent,Town,Alapuzha,Alleppey,5 k - 10 k ,2,12192025,1000 Sq-ft,Single,https://assets.helloaddress.com/ui/images/property-no-image-small-rh.jpg
Commercial Office for Rent,Town,Alapuzha,Alleppey,20 k - 25 k ,2,12190523,1200 Sq-ft,Single,https://assets.helloaddress.com/ui/images/property-no-image-small-cf.jpg
Commercial Building for Rent,Town,Alapuzha,Alleppey,5 k - 10 k ,2,P737478,8000 Sq-ft,Single,https://assets.helloaddress.com/ui/images/property-no-image-small-cb.jpg
വാസയോഗ്യമായ വീട്‌ / ഉല്ലാസഭവനം വാടകയ്ക്ക്,Krishnapuram,Kayamkulam,Alleppey,5 k - 10 k ,2,P705422,1300 Sq-ft,Single,https://assets.helloaddress.com/ui/images/property-no-image-small-rh.jpg
Residential Land for Rent,Thuravoor,Cherthala,Alleppey,Not Provided ,2,P736629,80 Cent,Single,https://assets.helloaddress.com/ui/images/property-no-image-small-rl.jpg
Commercial Office for Rent,Town,Alapuzha,Alleppey,45 k - 50 k ,2,12180586,1600 Sq-ft,Single,https://assets.helloaddress.com/ui/images/property-no-image-small-cf.jpg
Commercial Building for Rent,Ezhupunna,Cherthala,Alleppey,1 Lac - 5 Lac ,2,12167272,10000 Sq-ft,Single,https://assets.helloaddress.com/ui/images/property-no-image-small-cb.jpg
Commercial Building for Rent,in Chengannur town,Chengannur,Alleppey,Not Provided ,2,12168213,3000 Sq-ft,Single,https://assets.helloaddress.com/ui/images/property-no-image-small-cb.jpg
Residential House/Villa for Rent,Thazhakara,Mavellikkara,Alleppey,5 k - 10 k ,4,P734631,1500 Sq-ft,Single,https://assets.helloaddress.com/ui/images/property-no-image-small-rh.jpg
Residential House/Villa for Rent,Town,Alapuzha,Alleppey,5 k - 10 k ,2,12166491,1250 Sq-ft,Single,https://assets.helloaddress.com/ui/images/property-no-image-small-rh.jpg
Commercial Building for Rent,Town,Alapuzha,Alleppey,Not Provided ,2,12156825,2200 Sq-ft,Single,https://assets.helloaddress.com/ui/images/property-no-image-small-cb.jpg
Commercial Shop for Rent,Kalarkode,Alapuzha,Alleppey,25 k - 30 k ,2,P653621,2000 Sq-ft,Single,https://assets.helloaddress.com/ui/images/property-no-image-small-cs.jpg
Commercial Land for Rent,in Bharanikkavu,Mavellikkara,Alleppey,Not Provided ,2,12419976,50 Cent,Single,https://assets.helloaddress.com/ui/images/property-no-image-small-cl.jpg
Commercial Building for Rent,Vandanam,Alapuzha,Alleppey,Not Provided ,2,12145907,1500 Sq-ft,Single,https://assets.helloaddress.com/ui/images/property-no-image-small-cb.jpg
Residential House/Villa for Rent,Pattanakkad,Cherthala,Alleppey,5 k - 10 k ,2,12137288,1400 Sq-ft,Single,https://assets.helloaddress.com/ui/images/property-no-image-small-rh.jpg
Commercial Shop for Rent,Town,Alapuzha,Alleppey,20 k - 25 k ,2,12134740,900 Sq-ft,Single,https://assets.helloaddress.com/ui/images/property-no-image-small-cs.jpg
Residential House/Villa for Rent,Chengannur town,Chengannur,Alleppey,5 k - 10 k ,2,P730208,1200 Sq-ft,Single,https://assets.helloaddress.com/ui/images/property-no-image-small-rh.jpg
Commercial Land for Rent,in Kayamkulam town,Kayamkulam,Alleppey,1 k - 5 k ,2,P729980,40 Cent,Single,https://assets.helloaddress.com/ui/images/property-no-image-small-cl.jpg
വാസയോഗ്യമായ വീട്‌ / ഉല്ലാസഭവനം വാടകയ്ക്ക്,Kayamkulam town,Kayamkulam,Alleppey,Not Provided ,3,P729977,2600 Sq-ft,Single,https://assets.helloaddress.com/ui/images/property-no-image-small-rh.jpg
Residential House/Villa for Rent,Maruthorvattom,Cherthala,Alleppey,Not Provided ,10,P715545,2500 Sq-ft,Single,https://assets.helloaddress.com/ui/images/property-no-image-small-rh.jpg
Commercial Building for Rent,Cherthala town,Cherthala,Alleppey,Not Provided ,10,12109394,4000 Sq-ft,Single,https://assets.helloaddress.com/ui/images/property-no-image-small-cb.jpg
Commercial Building for Rent,in Kallisery,Chengannur,Alleppey,1 Lac - 5 Lac ,10,P727886,8000 Sq-ft,Single,https://assets.helloaddress.com/ui/images/property-no-image-small-cb.jpg
Residential House/Villa for Rent,Town,Alapuzha,Alleppey,5 k - 10 k ,2,12107190,1250 Sq-ft,Single,https://assets.helloaddress.com/ui/images/property-no-image-small-rh.jpg
Commercial Building for Rent,Mavelikkara,Mavellikkara,Alleppey,15 k - 20 k ,2,12105999,2450 Sq-ft,Single,https://assets.helloaddress.com/ui/images/property-no-image-small-cb.jpg
Residential House/Villa for Rent,in Town,Alapuzha,Alleppey,5 k - 10 k ,3,12105364,850 Sq-ft,Single,https://assets.helloaddress.com/ui/images/property-no-image-small-rh.jpg
Residential House/Villa for Rent,Town,Alapuzha,Alleppey,1 k - 5 k ,1,P727118,500 Sq-ft,Single,https://assets.helloaddress.com/ui/images/property-no-image-small-rh.jpg
Commercial Building for Rent,Mavelikkara,Mavellikkara,Alleppey,10 k - 15 k ,1,12099371,1200 Sq-ft,Single,https://assets.helloaddress.com/ui/images/property-no-image-small-cb.jpg
Commercial Building for Rent,Kalarkode,Alapuzha,Alleppey,95 k - 1 Lac ,1,P725887,6500 Sq-ft,Single,https://assets.helloaddress.com/ui/images/property-no-image-small-cb.jpg
Residential House/Villa for Rent,Chengannur town,Chengannur,Alleppey,5 k - 10 k ,2,12090115,1000 Sq-ft,Single,https://assets.helloaddress.com/ui/images/property-no-image-small-rh.jpg
Residential House/Villa for Rent,Cheriyanad,Chengannur,Alleppey,10 k - 15 k ,3,P726352,1600 Sq-ft,Single,https://assets.helloaddress.com/ui/images/property-no-image-small-rh.jpg
Residential House/Villa for Rent,Thuravoor,Cherthala,Alleppey,Not Provided ,2,12085777,650 Sq-ft,Single,https://assets.helloaddress.com/ui/images/property-no-image-small-rh.jpg
Residential House/Villa for Rent,in Chengannur town,Chengannur,Alleppey,10 k - 15 k ,4,P725120,2200 Sq-ft,Single,https://assets.helloaddress.com/ui/images/property-no-image-small-rh.jpg
Residential Apartment for Rent,Town,Alapuzha,Alleppey,10 k - 15 k ,3,12068982,1400 Sq-ft,Single,https://assets.helloaddress.com/ui/images/property-no-image-small-ra.jpg
Commercial Building for Rent,Haripad,Haripad,Alleppey,5 k - 10 k ,3,12068977,500 Sq-ft,Single,https://assets.helloaddress.com/ui/images/property-no-image-small-cb.jpg
Residential House/Villa for Rent,Town,Alapuzha,Alleppey,10 k - 15 k ,2,P723860,1200 Sq-ft,Single,https://assets.helloaddress.com/ui/images/property-no-image-small-rh.jpg
Residential House/Villa for Rent,in Kayamkulam town,Kayamkulam,Alleppey,5 k - 10 k ,3,12081899,1400 Sq-ft,Single,https://assets.helloaddress.com/ui/images/property-no-image-small-rh.jpg
Commercial Building for Rent,in Mannar,Mannar,Alleppey,1 k - 5 k ,3,12071986,2250 Sq-ft,Single,https://assets.helloaddress.com/ui/images/property-no-image-small-cb.jpg
Commercial Building for Rent,Thekkekara,Mavellikkara,Alleppey,Not Provided ,3,P722957,1850 Sq-ft,Single,https://assets.helloaddress.com/ui/images/property-no-image-small-cb.jpg
Commercial Building for Rent,Mavelikkara,Mavellikkara,Alleppey,Not Provided ,3,12056050,2000 Sq-ft,Single,https://assets.helloaddress.com/ui/images/property-no-image-small-cb.jpg
Commercial Building for Rent,in Haripad,Haripad,Alleppey,1 Lac - 5 Lac ,3,12055333,12500 Sq-ft,Single,https://assets.helloaddress.com/ui/images/property-no-image-small-cb.jpg
Commercial Building for Rent,in Haripad,Haripad,Alleppey,Not Provided ,3,12048834,12500 Sq-ft,Single,https://assets.helloaddress.com/ui/images/property-no-image-small-cb.jpg
Residential House/Villa for Rent,Mavelikkara,Mavellikkara,Alleppey,Not Provided ,3,12040336,1200 Sq-ft,Single,https://assets.helloaddress.com/ui/images/property-no-image-small-rh.jpg
Commercial Building for Rent,Mannar,Mannar,Alleppey,55 k - 60 k ,3,P711106,3015 Sq-ft,Single,https://assets.helloaddress.com/ui/images/property-no-image-small-cb.jpg
Residential House/Villa for Rent,Mavelikkara,Mavellikkara,Alleppey,5 k - 10 k ,2,P719692,1400 Sq-ft,Single,https://assets.helloaddress.com/ui/images/property-no-image-small-rh.jpg
Commercial Building for Rent,Mavelikkara,Mavellikkara,Alleppey,1 k - 5 k ,2,12026363,1000 Sq-ft,Single,https://assets.helloaddress.com/ui/images/property-no-image-small-cb.jpg
Commercial Office for Rent,in Kalarkode,Alapuzha,Alleppey,Not Provided ,2,12030022,5400 Sq-ft,Single,https://assets.helloaddress.com/ui/images/property-no-image-small-cf.jpg
Commercial Building for Rent,in Town,Alapuzha,Alleppey,15 k - 20 k ,2,12019209,1200 Sq-ft,Single,https://assets.helloaddress.com/ui/images/property-no-image-small-cb.jpg
Residential House/Villa for Rent,Mavelikkara,Mavellikkara,Alleppey,5 k - 10 k ,3,12009617,1200 Sq-ft,Single,https://assets.helloaddress.com/ui/images/property-no-image-small-rh.jpg
Commercial Land for Rent,in Thuravoor,Cherthala,Alleppey,25 k - 30 k ,3,12008328,38 Cent,Single,https://assets.helloaddress.com/ui/images/property-no-image-small-cl.jpg
Commercial Shop for Rent,in Haripad,Haripad,Alleppey,Not Provided ,3,12015397,900 Sq-ft,Single,https://assets.helloaddress.com/ui/images/property-no-image-small-cs.jpg
Commercial Building for Rent,Mavelikkara,Mavellikkara,Alleppey,Not Provided ,3,12015771,1250 Sq-ft,Single,https://assets.helloaddress.com/ui/images/property-no-image-small-cb.jpg
Commercial Land for Rent,in Cherthala town,Cherthala,Alleppey,Not Provided ,3,P716893,500 Sq-ft,Single,https://assets.helloaddress.com/ui/images/property-no-image-small-cl.jpg
Residential House/Villa for Rent,in Mavelikkara,Mavellikkara,Alleppey,10 k - 15 k ,4,12009709,2150 Sq-ft,Single,https://assets.helloaddress.com/ui/images/property-no-image-small-rh.jpg
Residential Land for Rent,in Thuravoor,Cherthala,Alleppey,Not Provided ,4,12008928,38 Cent,Single,https://assets.helloaddress.com/ui/images/property-no-image-small-rl.jpg
Residential House/Villa for Rent,in Haripad,Haripad,Alleppey,5 k - 10 k ,4,12002329,2500 Sq-ft,Single,https://assets.helloaddress.com/ui/images/property-no-image-small-rh.jpg
Commercial Building for Rent,Kayamkulam town,Kayamkulam,Alleppey,1 Lac - 5 Lac ,4,P714907,10000 Sq-ft,Single,https://assets.helloaddress.com/ui/images/property-no-image-small-cb.jpg
Commercial Shop for Rent,Mavelikkara,Mavellikkara,Alleppey,70 k - 75 k ,4,P713585,2000 Sq-ft,Single,https://assets.helloaddress.com/ui/images/property-no-image-small-cs.jpg
Commercial Building for Rent,Keerikkad,Kayamkulam,Alleppey,Not Provided ,4,11974849,8000 Sq-ft,Single,https://assets.helloaddress.com/ui/images/property-no-image-small-cb.jpg
Commercial Building for Rent,Kalarkode,Alapuzha,Alleppey,40 k - 45 k ,4,P711549,3400 Sq-ft,Single,https://assets.helloaddress.com/ui/images/property-no-image-small-cb.jpg
Residential House/Villa for Rent,in Pazhaveed,Alapuzha,Alleppey,5 k - 10 k ,3,11936815,1750 Sq-ft,Single,https://assets.helloaddress.com/ui/images/property-no-image-small-rh.jpg
Commercial Building for Rent,Arthungal,Cherthala,Alleppey,Not Provided ,3,P710223,3000 Sq-ft,Single,https://assets.helloaddress.com/ui/images/property-no-image-small-cb.jpg
Commercial Office for Rent,Mavelikkara,Mavellikkara,Alleppey,5 k - 10 k ,3,11921279,800 Sq-ft,Single,https://assets.helloaddress.com/ui/images/property-no-image-small-cf.jpg
Residential House/Villa for Rent,in Panavally,Cherthala,Alleppey,5 k - 10 k ,3,P709349,1650 Sq-ft,Single,https://assets.helloaddress.com/ui/images/property-no-image-small-rh.jpg
Commercial Building for Rent,Haripad,Haripad,Alleppey,Not Provided ,3,11914654,2400 Sq-ft,Single,https://assets.helloaddress.com/ui/images/property-no-image-small-cb.jpg
Commercial Building for Rent,in Pulinkunnu,Kuttanad,Alleppey,25 k - 30 k ,3,11913077,1007 Sq-ft,Single,https://assets.helloaddress.com/ui/images/property-no-image-small-cb.jpg
Commercial Building for Rent,in Mavelikkara,Mavellikkara,Alleppey,30 k - 35 k ,3,11912250,2000 Sq-ft,Single,https://assets.helloaddress.com/ui/images/property-no-image-small-cb.jpg
Commercial Building for Rent,in Cherthala town,Cherthala,Alleppey,Not Provided ,3,11911642,4000 Sq-ft,Single,https://assets.helloaddress.com/ui/images/property-no-image-small-cb.jpg
Commercial Building for Rent,Haripad,Haripad,Alleppey,Not Provided ,3,11906028,1860 Sq-ft,Single,https://assets.helloaddress.com/ui/images/property-no-image-small-cb.jpg
Commercial Building for Rent,Eramalloor,Aroor,Alleppey,1 Lac - 5 Lac ,3,P707729,1600 Sq-ft,Single,https://assets.helloaddress.com/ui/images/property-no-image-small-cb.jpg
Residential House/Villa for Rent,in Chengannur town,Chengannur,Alleppey,Not Provided ,2,11861868,1500 Sq-ft,Single,https://assets.helloaddress.com/ui/images/property-no-image-small-rh.jpg
Residential House/Villa for Rent,Town,Alapuzha,Alleppey,Not Provided ,2,11894745,1200 Sq-ft,Single,https://assets.helloaddress.com/ui/images/property-no-image-small-rh.jpg
Commercial Building for Rent,in Mulakuzha,Chengannur,Alleppey,Not Provided ,2,11896259,10500 Sq-ft,Single,https://assets.helloaddress.com/ui/images/property-no-image-small-cb.jpg
Commercial Building for Rent,in Kayamkulam town,Kayamkulam,Alleppey,70 k - 75 k ,2,11891071,3800 Sq-ft,Single,https://assets.helloaddress.com/ui/images/property-no-image-small-cb.jpg
Residential House/Villa for Rent,in Kayamkulam town,Kayamkulam,Alleppey,Not Provided ,3,P706960,2000 Sq-ft,Single,https://assets.helloaddress.com/ui/images/property-no-image-small-rh.jpg
Commercial Office for Rent,Mavelikkara,Mavellikkara,Alleppey,15 k - 20 k ,3,11888880,1500 Sq-ft,Single,https://assets.helloaddress.com/ui/images/property-no-image-small-cf.jpg
Commercial Building for Rent,Town,Alapuzha,Alleppey,Not Provided ,3,11870841,1500 Sq-ft,Single,https://assets.helloaddress.com/ui/images/property-no-image-small-cb.jpg
Residential House/Villa for Rent,Kalarkode,Alapuzha,Alleppey,10 k - 15 k ,3,11873759,1200 Sq-ft,Single,https://assets.helloaddress.com/ui/images/property-no-image-small-rh.jpg
Commercial Office for Rent,in Kayamkulam town,Kayamkulam,Alleppey,Not Provided ,3,11867385,1100 Sq-ft,Single,https://assets.helloaddress.com/ui/images/property-no-image-small-cf.jpg
Residential House/Villa for Rent,in Chengannur town,Chengannur,Alleppey,5 k - 10 k ,3,11857348,1200 Sq-ft,Single,https://assets.helloaddress.com/ui/images/property-no-image-small-rh.jpg
Residential House/Villa for Rent,Chengannur town,Chengannur,Alleppey,Not Provided ,1,11852249,950 Sq-ft,Single,https://assets.helloaddress.com/ui/images/property-no-image-small-rh.jpg
Commercial Office for Rent,Town,Alapuzha,Alleppey,35 k - 40 k ,1,11859161,4000 Sq-ft,Single,https://assets.helloaddress.com/ui/images/property-no-image-small-cf.jpg
Commercial Building for Rent,in Mavelikkara,Mavellikkara,Alleppey,Not Provided ,1,11858892,1000 Sq-ft,Single,https://assets.helloaddress.com/ui/images/property-no-image-small-cb.jpg
Commercial Building for Rent,Edathua,Kuttanad,Alleppey,Not Provided ,1,11851889,2500 Sq-ft,Single,https://assets.helloaddress.com/ui/images/property-no-image-small-cb.jpg
Residential House/Villa for Rent,Mavelikkara,Mavellikkara,Alleppey,5 k - 10 k ,2,11843359,1000 Sq-ft,Single,https://assets.helloaddress.com/ui/images/property-no-image-small-rh.jpg
Residential House/Villa for Rent,in Haripad,Haripad,Alleppey,5 k - 10 k ,4,11846548,2500 Sq-ft,Single,https://assets.helloaddress.com/ui/images/property-no-image-small-rh.jpg
Commercial Shop for Rent,Town,Alapuzha,Alleppey,Not Provided ,4,11849090,900 Sq-ft,Single,https://assets.helloaddress.com/ui/images/property-no-image-small-cs.jpg
Residential House/Villa for Rent,in Punnapra,Ambalapuzha,Alleppey,Not Provided ,4,P704027,2600 Sq-ft,Single,https://assets.helloaddress.com/ui/images/property-no-image-small-rh.jpg
Commercial Building for Rent,Cherthala town,Cherthala,Alleppey,Not Provided ,4,11848063,6000 Sq-ft,Single,https://assets.helloaddress.com/ui/images/property-no-image-small-cb.jpg
Commercial Office for Rent,Kayamkulam town,Kayamkulam,Alleppey,Not Provided ,4,11842917,900 Sq-ft,Single,https://assets.helloaddress.com/ui/images/property-no-image-small-cf.jpg
Residential House/Villa for Rent,in Aravukaad,Punapra,Alleppey,5 k - 10 k ,2,11843001,1000 Sq-ft,Single,https://assets.helloaddress.com/ui/images/property-no-image-small-rh.jpg
Residential House/Villa for Rent,Punnapra,Ambalapuzha,Alleppey,5 k - 10 k ,3,P703375,800 Sq-ft,Single,https://assets.helloaddress.com/ui/images/property-no-image-small-rh.jpg
Commercial Building for Rent,Town,Alapuzha,Alleppey,Not Provided ,3,11834910,5500 Sq-ft,Single,https://assets.helloaddress.com/ui/images/property-no-image-small-cb.jpg
Commercial Shop for Rent,Town,Alapuzha,Alleppey,Not Provided ,3,11827007,410 Sq-ft,Single,https://assets.helloaddress.com/ui/images/property-no-image-small-cs.jpg
Commercial Building for Rent,in Kalarkode,Alapuzha,Alleppey,25 k - 30 k ,3,11826045,2150 Sq-ft,Single,https://assets.helloaddress.com/ui/images/property-no-image-small-cb.jpg
Commercial Building for Rent,Thuravoor,Cherthala,Alleppey,10 k - 15 k ,3,11828592,500 Sq-ft,Single,https://assets.helloaddress.com/ui/images/property-no-image-small-cb.jpg
Commercial Land for Rent,Cherthala town,Cherthala,Alleppey,10 k - 15 k ,3,11821613,2000 Sq-ft,Single,https://assets.helloaddress.com/ui/images/property-no-image-small-cl.jpg
Commercial Building for Rent,Mavelikkara,Mavellikkara,Alleppey,50 k - 55 k ,3,11815514,4000 Sq-ft,Single,https://assets.helloaddress.com/ui/images/property-no-image-small-cb.jpg
Commercial Building for Rent,in Mararikulam,Mararikulam,Alleppey,Not Provided ,3,11813761,2500 Sq-ft,Single,https://assets.helloaddress.com/ui/images/property-no-image-small-cb.jpg
Residential House/Villa for Rent,Thumboli,Alapuzha,Alleppey,Not Provided ,3,11804989,2200 Sq-ft,Single,https://assets.helloaddress.com/ui/images/property-no-image-small-rh.jpg
Commercial Building for Rent,Town,Alapuzha,Alleppey,1 Lac - 5 Lac ,3,11808352,6500 Sq-ft,Single,https://assets.helloaddress.com/ui/images/property-no-image-small-cb.jpg
Commercial Shop for Rent,Town,Alapuzha,Alleppey,5 k - 10 k ,3,11806674,900 Sq-ft,Joint,https://assets.helloaddress.com/ui/images/property-no-image-small-cs.jpg
Commercial Office for Rent,Town,Alapuzha,Alleppey,5 k - 10 k ,3,11802458,1000 Sq-ft,Single,https://assets.helloaddress.com/ui/images/property-no-image-small-cf.jpg
Residential House/Villa for Rent,in Mavelikkara,Mavellikkara,Alleppey,5 k - 10 k ,1,11801421,1000 Sq-ft,Single,https://assets.helloaddress.com/ui/images/property-no-image-small-rh.jpg
Commercial Land for Rent,Kayamkulam town,Kayamkulam,Alleppey,Not Provided ,1,11802350,26 Cent,Single,https://assets.helloaddress.com/ui/images/property-no-image-small-cl.jpg
Commercial Building for Rent,Cherthala town,Cherthala,Alleppey,15 k - 20 k ,1,11801946,1100 Sq-ft,Single,https://assets.helloaddress.com/ui/images/property-no-image-small-cb.jpg
Residential House/Villa for Rent,in Town,Alapuzha,Alleppey,10 k - 15 k ,2,11792601,1000 Sq-ft,Single,https://assets.helloaddress.com/ui/images/property-no-image-small-rh.jpg
Commercial Building for Rent,Mavelikkara,Mavellikkara,Alleppey,Not Provided ,2,11794199,6100 Sq-ft,Single,https://assets.helloaddress.com/ui/images/property-no-image-small-cb.jpg
Commercial Office for Rent,in Town,Alapuzha,Alleppey,10 k - 15 k ,2,11789569,900 Sq-ft,Single,https://assets.helloaddress.com/ui/images/property-no-image-small-cf.jpg
Commercial Office for Rent,in Muhamma,Cherthala,Alleppey,5 k - 10 k ,2,11792228,1000 Sq-ft,Single,https://assets.helloaddress.com/ui/images/property-no-image-small-cf.jpg
Residential House/Villa for Rent,in Cherthala town,Cherthala,Alleppey,5 k - 10 k ,3,11782375,2000 Sq-ft,Single,https://assets.helloaddress.com/ui/images/property-no-image-small-rh.jpg
Commercial Building for Rent,Perungala,Mavellikkara,Alleppey,40 k - 45 k ,3,11783014,7000 Sq-ft,Single,https://assets.helloaddress.com/ui/images/property-no-image-small-cb.jpg
Commercial Building for Rent,in Muhamma,Cherthala,Alleppey,45 k - 50 k ,3,11788178,8000 Sq-ft,Single,https://assets.helloaddress.com/ui/images/property-no-image-small-cb.jpg
Commercial Shop for Rent,in Town,Alapuzha,Alleppey,10 k - 15 k ,3,11783037,900 Sq-ft,Single,https://assets.helloaddress.com/ui/images/property-no-image-small-cs.jpg
Commercial Building for Rent,Cherthala town,Cherthala,Alleppey,Not Provided ,3,11783214,3100 Sq-ft,Single,https://assets.helloaddress.com/ui/images/property-no-image-small-cb.jpg
Commercial Building for Rent,Thaneermukkam,Thaneermukkam,Alleppey,Not Provided ,3,11778884,2000 Sq-ft,Single,https://assets.helloaddress.com/ui/images/property-no-image-small-cb.jpg
Commercial Office for Rent,in Town,Alapuzha,Alleppey,35 k - 40 k ,3,11775914,3000 Sq-ft,Single,https://assets.helloaddress.com/ui/images/property-no-image-small-cf.jpg
Commercial Shop for Rent,in Town,Alapuzha,Alleppey,10 k - 15 k ,3,11769981,900 Sq-ft,Single,https://assets.helloaddress.com/ui/images/property-no-image-small-cs.jpg
Residential House/Villa for Rent,in Cherthala town,Cherthala,Alleppey,40 k - 45 k ,3,11758158,1200 Sq-ft,Single,https://assets.helloaddress.com/ui/images/property-no-image-small-rh.jpg
Commercial Shop for Rent,in Mavelikkara,Mavellikkara,Alleppey,Not Provided ,3,11736279,100 Sq-ft,Single,https://assets.helloaddress.com/ui/images/property-no-image-small-cs.jpg
Residential House/Villa for Rent,in Mavelikkara,Mavellikkara,Alleppey,5 k - 10 k ,3,11757438,1800 Sq-ft,Single,https://assets.helloaddress.com/ui/images/property-no-image-small-rh.jpg
Commercial Land for Rent,Mavelikkara,Mavellikkara,Alleppey,Not Provided ,3,11735930,14 Cent,Single,https://assets.helloaddress.com/ui/images/property-no-image-small-cl.jpg
Commercial Shop for Rent,in Chengannur town,Chengannur,Alleppey,20 k - 25 k ,3,11736078,1200 Sq-ft,Single,https://assets.helloaddress.com/ui/images/property-no-image-small-cs.jpg
Commercial Building for Rent,in Chennithala,Mavellikkara,Alleppey,55 k - 60 k ,3,11742038,4000 Sq-ft,Single,https://assets.helloaddress.com/ui/images/property-no-image-small-cb.jpg
Commercial Building for Rent,Mavelikkara,Mavellikkara,Alleppey,5 k - 10 k ,3,11741479,1000 Sq-ft,Single,https://assets.helloaddress.com/ui/images/property-no-image-small-cb.jpg
Residential House/Villa for Rent,in Mavelikkara,Mavellikkara,Alleppey,10 k - 15 k ,3,11735775,1800 Sq-ft,Single,https://assets.helloaddress.com/ui/images/property-no-image-small-rh.jpg
Residential House/Villa for Rent,in Mararikulam,Mararikulam,Alleppey,5 k - 10 k ,3,11721788,1150 Sq-ft,Single,https://assets.helloaddress.com/ui/images/property-no-image-small-rh.jpg
Commercial Shop for Rent,Mavelikkara,Mavellikkara,Alleppey,Not Provided ,3,11734335,200 Sq-ft,Single,https://assets.helloaddress.com/ui/images/property-no-image-small-cs.jpg
Commercial Building for Rent,in Thuravoor,Cherthala,Alleppey,Not Provided ,3,11733671,500 Sq-ft,Single,https://assets.helloaddress.com/ui/images/property-no-image-small-cb.jpg
Commercial Shop for Rent,in Mavelikkara,Mavellikkara,Alleppey,1 k - 5 k ,3,11724086,600 Sq-ft,Single,https://assets.helloaddress.com/ui/images/property-no-image-small-cs.jpg
Commercial Building for Rent,in Ezhupunna,Cherthala,Alleppey,10 k - 15 k ,3,11702245,1200 Sq-ft,Single,https://assets.helloaddress.com/ui/images/property-no-image-small-cb.jpg
Commercial Building for Rent,in Mannar,Mannar,Alleppey,Not Provided ,3,11697987,3015 Sq-ft,Single,https://assets.helloaddress.com/ui/images/property-no-image-small-cb.jpg
Commercial Building for Rent,in Cherthala town,Cherthala,Alleppey,45 k - 50 k ,3,11715614,5000 Sq-ft,Single,https://assets.helloaddress.com/ui/images/property-no-image-small-cb.jpg
Commercial Shop for Rent,Mavelikkara,Mavellikkara,Alleppey,1 k - 5 k ,3,11715100,600 Sq-ft,Single,https://assets.helloaddress.com/ui/images/property-no-image-small-cs.jpg
Commercial Building for Rent,in Haripad,Haripad,Alleppey,10 k - 15 k ,3,11703024,500 Sq-ft,Single,https://assets.helloaddress.com/ui/images/property-no-image-small-cb.jpg
Commercial Building for Rent,in Chengannur town,Chengannur,Alleppey,15 k - 20 k ,3,11683056,1800 Sq-ft,Single,https://assets.helloaddress.com/ui/images/property-no-image-small-cb.jpg
Residential House/Villa for Rent,in Pazhaveed,Alapuzha,Alleppey,5 k - 10 k ,3,11685003,2200 Sq-ft,Single,https://assets.helloaddress.com/ui/images/property-no-image-small-rh.jpg
Commercial Shop for Rent,Kodukulanji,Chengannur,Alleppey,Not Provided ,3,P684693,1750 Sq-ft,Single,https://assets.helloaddress.com/ui/images/property-no-image-small-cs.jpg
Commercial Building for Rent,in Kayamkulam town,Kayamkulam,Alleppey,Not Provided ,3,11680584,1500 Sq-ft,Single,https://assets.helloaddress.com/ui/images/property-no-image-small-cb.jpg
Residential Apartment for Rent,Aroor,Aroor,Alleppey,Not Provided ,1,P684392,250 Sq-ft,Single,https://assets.helloaddress.com/ui/images/property-no-image-small-ra.jpg
Commercial Shop for Rent,in Thathampally,Alapuzha,Alleppey,15 k - 20 k ,1,11664013,700 Sq-ft,Single,https://assets.helloaddress.com/ui/images/property-no-image-small-cs.jpg
Commercial Shop for Rent,Chengannur town,Chengannur,Alleppey,5 k - 10 k ,1,11639228,600 Sq-ft,Single,https://assets.helloaddress.com/ui/images/property-no-image-small-cs.jpg
Commercial Shop for Rent,Mararikulam,Mararikulam,Alleppey,1 k - 5 k ,1,11656448,150 Sq-ft,Single,https://assets.helloaddress.com/ui/images/property-no-image-small-cs.jpg
Commercial Shop for Rent,Town,Alapuzha,Alleppey,10 k - 15 k ,1,11630225,750 Sq-ft,Single,https://assets.helloaddress.com/ui/images/property-no-image-small-cs.jpg
Commercial Office for Rent,in Charumoodu,Kayamkulam,Alleppey,Not Provided ,1,P682413,5300 Sq-ft,Single,https://assets.helloaddress.com/ui/images/property-no-image-small-cf.jpg
Commercial Building for Rent,in Town,Alapuzha,Alleppey,10 k - 15 k ,1,11649009,1200 Sq-ft,Single,https://assets.helloaddress.com/ui/images/property-no-image-small-cb.jpg
Residential House/Villa for Rent,Pazhaveed,Alapuzha,Alleppey,5 k - 10 k ,2,11646802,750 Sq-ft,Single,https://assets.helloaddress.com/ui/images/property-no-image-small-rh.jpg
Residential House/Villa for Rent,Town,Alapuzha,Alleppey,5 k - 10 k ,3,11635977,1550 Sq-ft,Single,https://assets.helloaddress.com/ui/images/property-no-image-small-rh.jpg
Commercial Building for Rent,in Mavelikkara,Mavellikkara,Alleppey,Not Provided ,3,11613650,5000 Sq-ft,Single,https://assets.helloaddress.com/ui/images/property-no-image-small-cb.jpg
Commercial Building for Rent,in Mannanchery,Ambalapuzha,Alleppey,Not Provided ,3,11614589,3500 Sq-ft,Single,https://assets.helloaddress.com/ui/images/property-no-image-small-cb.jpg
Commercial Building for Rent,Mannanchery,Ambalapuzha,Alleppey,30 k - 35 k ,3,11613692,3500 Sq-ft,Single,https://assets.helloaddress.com/ui/images/property-no-image-small-cb.jpg
Commercial Building for Rent,in Mavelikkara,Mavellikkara,Alleppey,50 k - 55 k ,3,11602168,3000 Sq-ft,Single,https://assets.helloaddress.com/ui/images/property-no-image-small-cb.jpg
Residential Other for Rent,Town,Alapuzha,Alleppey,15 k - 20 k ,4,11604731,4000 Sq-ft,Single,https://assets.helloaddress.com/ui/images/property-no-image-small-ro.jpg
Residential House/Villa for Rent,in Pazhaveed,Alapuzha,Alleppey,10 k - 15 k ,2,11594137,600 Sq-ft,Single,https://assets.helloaddress.com/ui/images/property-no-image-small-rh.jpg
Residential House/Villa for Rent,Aravukaad,Punapra,Alleppey,Not Provided ,9,11582892,3500 Sq-ft,Single,https://assets.helloaddress.com/ui/images/property-no-image-small-rh.jpg
Commercial Building for Rent,Town,Alapuzha,Alleppey,95 k - 1 Lac ,9,11591491,4000 Sq-ft,Single,https://assets.helloaddress.com/ui/images/property-no-image-small-cb.jpg
Commercial Land for Rent,Cherthala town,Cherthala,Alleppey,Not Provided ,9,11584669,90 Cent,Single,https://assets.helloaddress.com/ui/images/property-no-image-small-cl.jpg
Residential House/Villa for Rent,Town,Alapuzha,Alleppey,1 k - 5 k ,2,11570073,1600 Sq-ft,Single,https://assets.helloaddress.com/ui/images/property-no-image-small-rh.jpg
Commercial Shop for Rent,in Cherthala town,Cherthala,Alleppey,Not Provided ,2,11572664,1000 Sq-ft,Single,https://assets.helloaddress.com/ui/images/property-no-image-small-cs.jpg
Commercial Shop for Rent,Haripad,Haripad,Alleppey,Not Provided ,2,11568048,3000 Sq-ft,Single,https://assets.helloaddress.com/ui/images/property-no-image-small-cs.jpg
Residential Other for Rent,Town,Alapuzha,Alleppey,Not Provided ,4,11559779,4000 Sq-ft,Single,https://assets.helloaddress.com/ui/images/property-no-image-small-ro.jpg
Commercial Office for Rent,in Thattarambalam,Mavellikkara,Alleppey,25 k - 30 k ,4,11571540,1200 Sq-ft,Single,https://assets.helloaddress.com/ui/images/property-no-image-small-cf.jpg
Commercial Shop for Rent,in Cherthala town,Cherthala,Alleppey,Not Provided ,4,11544756,350 Sq-ft,Single,https://assets.helloaddress.com/ui/images/property-no-image-small-cs.jpg
Commercial Building for Rent,in Thattarambalam,Mavellikkara,Alleppey,Not Provided ,4,11543006,2600 Sq-ft,Single,https://assets.helloaddress.com/ui/images/property-no-image-small-cb.jpg
Residential House/Villa for Rent,in Aroor,Aroor,Alleppey,15 k - 20 k ,3,11524715,2300 Sq-ft,Single,https://assets.helloaddress.com/ui/images/property-no-image-small-rh.jpg
Residential House/Villa for Rent,Town,Alapuzha,Alleppey,5 k - 10 k ,2,11541368,1500 Sq-ft,Joint,https://assets.helloaddress.com/ui/images/property-no-image-small-rh.jpg
Commercial Shop for Rent,Town,Alapuzha,Alleppey,Not Provided ,2,11535667,400 Sq-ft,Single,https://assets.helloaddress.com/ui/images/property-no-image-small-cs.jpg
Commercial Office for Rent,Mavelikkara,Mavellikkara,Alleppey,Not Provided ,2,11543207,1100 Sq-ft,Single,https://assets.helloaddress.com/ui/images/property-no-image-small-cf.jpg
Commercial Building for Rent,Town,Alapuzha,Alleppey,35 k - 40 k ,2,115254101,1500 Sq-ft,Single,https://assets.helloaddress.com/ui/images/property-no-image-small-cb.jpg
Commercial Building for Rent,Town,Alapuzha,Alleppey,20 k - 25 k ,2,11525410,1000 Sq-ft,Single,https://assets.helloaddress.com/ui/images/property-no-image-small-cb.jpg
Commercial Shop for Rent,in Cherthala town,Cherthala,Alleppey,Above 10 Lac ,2,11534148,350 Sq-ft,Single,https://assets.helloaddress.com/ui/images/property-no-image-small-cs.jpg
Commercial Office for Rent,in Haripad,Haripad,Alleppey,Not Provided ,2,11523965,7000 Sq-ft,Single,https://assets.helloaddress.com/ui/images/property-no-image-small-cf.jpg
Commercial Building for Rent,in Mavelikkara,Mavellikkara,Alleppey,Not Provided ,2,11498220,4000 Sq-ft,Single,https://assets.helloaddress.com/ui/images/property-no-image-small-cb.jpg
Residential House/Villa for Rent,in Town,Alapuzha,Alleppey,10 k - 15 k ,2,11505680,1500 Sq-ft,Single,https://assets.helloaddress.com/ui/images/property-no-image-small-rh.jpg
Commercial Building for Rent,Kattanam,Mavellikkara,Alleppey,Not Provided ,2,11499945,4000 Sq-ft,Single,https://assets.helloaddress.com/ui/images/property-no-image-small-cb.jpg
Commercial Office for Rent,Mavelikkara,Mavellikkara,Alleppey,75 k - 80 k ,2,11490491,3200 Sq-ft,Single,https://assets.helloaddress.com/ui/images/property-no-image-small-cf.jpg
Commercial Office for Rent,Town,Alapuzha,Alleppey,40 k - 45 k ,2,11487544,2800 Sq-ft,Single,https://assets.helloaddress.com/ui/images/property-no-image-small-cf.jpg
Commercial Shop for Rent,Chengannur town,Chengannur,Alleppey,Not Provided ,2,12441548,1500 Sq-ft,Single,https://assets.helloaddress.com/ui/images/property-no-image-small-cs.jpg
Residential House/Villa for Rent,in Pattanakkad,Cherthala,Alleppey,10 k - 15 k ,3,P768359,2062 Sq-ft,Joint,https://assets.helloaddress.com/ui/images/property-no-image-small-rh.jpg
Residential House/Villa for Rent,Thumboli,Alapuzha,Alleppey,5 k - 10 k ,3,12426634,1500 Sq-ft,Single,https://assets.helloaddress.com/ui/images/property-no-image-small-rh.jpg
Residential House/Villa for Rent,Town,Alapuzha,Alleppey,5 k - 10 k ,5,11942901,1350 Sq-ft,Single,https://assets.helloaddress.com/ui/images/property-no-image-small-rh.jpg
Residential House/Villa for Rent,Chengannur town,Chengannur,Alleppey,Not Provided ,2,11955536,1500 Sq-ft,Single,https://assets.helloaddress.com/ui/images/property-no-image-small-rh.jpg
Commercial Shop for Rent,in Aroor,Aroor,Alleppey,10 k - 15 k ,2,11899879,130 Sq-ft,Single,https://assets.helloaddress.com/ui/images/property-no-image-small-cs.jpg
