Name,Location,City,District,Price,Bed,PropertyID,PropertyArea,OwnershipType,image
Residential Apartment for Rent,Thodupuzha town,Thodupuzha,Idukki,20 k - 25 k ,3,12667238,1750 Sq-ft,Single,https://assets.helloaddress.com/ui/images/property-no-image-small-ra.jpg
Commercial Building for Rent,in Thodupuzha town,Thodupuzha,Idukki,Not Provided ,3,12659973,10000 Sq-ft,Single,https://assets.helloaddress.com/ui/images/property-no-image-small-cb.jpg
Commercial Office for Rent,Thodupuzha town,Thodupuzha,Idukki,Not Provided ,3,12644515,500 Sq-ft,Single,https://assets.helloaddress.com/ui/images/property-no-image-small-cf.jpg
Commercial Office for Rent,Thodupuzha town,Thodupuzha,Idukki,5 k - 10 k ,3,12645277,900 Sq-ft,Single,https://assets.helloaddress.com/ui/images/property-no-image-small-cf.jpg
Residential House/Villa for Rent,in Alacode,Thodupuzha,Idukki,5 k - 10 k ,3,12642850,3000 Sq-ft,Single,https://assets.helloaddress.com/ui/images/property-no-image-small-rh.jpg
Commercial Building for Rent,Thodupuzha town,Thodupuzha,Idukki,Not Provided ,3,12642226,12000 Sq-ft,Single,https://assets.helloaddress.com/ui/images/property-no-image-small-cb.jpg
Commercial Building for Rent,Thodupuzha town,Thodupuzha,Idukki,Not Provided ,3,12642606,1400 Sq-ft,Single,https://assets.helloaddress.com/ui/images/property-no-image-small-cb.jpg
Commercial Office for Rent,Karimannoor,Thodupuzha,Idukki,Not Provided ,3,12638180,3000 Sq-ft,Single,https://assets.helloaddress.com/ui/images/property-no-image-small-cf.jpg
Commercial Building for Rent,Thodupuzha town,Thodupuzha,Idukki,Not Provided ,3,12630310,3500 Sq-ft,Single,https://assets.helloaddress.com/ui/images/property-no-image-small-cb.jpg
Commercial Shop for Rent,in Thodupuzha town,Thodupuzha,Idukki,Not Provided ,3,12626840,272 Sq-ft,Single,https://assets.helloaddress.com/ui/images/property-no-image-small-cs.jpg
Commercial Building for Rent,Thodupuzha town,Thodupuzha,Idukki,Not Provided ,3,12626827,2000 Sq-ft,Single,https://assets.helloaddress.com/ui/images/property-no-image-small-cb.jpg
Commercial Building for Rent,Thodupuzha town,Thodupuzha,Idukki,Not Provided ,3,12614374,10000 Sq-ft,Single,https://assets.helloaddress.com/ui/images/property-no-image-small-cb.jpg
Commercial Building for Rent,Thodupuzha town,Thodupuzha,Idukki,Not Provided ,3,12612519,1000 Sq-ft,Single,https://assets.helloaddress.com/ui/images/property-no-image-small-cb.jpg
Agricultural Land for Rent,in Karimkunnam,Thodupuzha,Idukki,Not Provided ,3,12619661,3 Acre,Single,https://assets.helloaddress.com/ui/images/property-no-image-small-al.jpg
Commercial Building for Rent,in Thodupuzha town,Thodupuzha,Idukki,Not Provided ,3,12614122,2200 Sq-ft,Single,https://assets.helloaddress.com/ui/images/property-no-image-small-cb.jpg
Commercial Building for Rent,Thodupuzha town,Thodupuzha,Idukki,Not Provided ,3,12606804,10000 Sq-ft,Single,https://assets.helloaddress.com/ui/images/property-no-image-small-cb.jpg
Commercial Building for Rent,Thodupuzha town,Thodupuzha,Idukki,1 Lac - 5 Lac ,3,12602507,10000 Sq-ft,Single,https://assets.helloaddress.com/ui/images/property-no-image-small-cb.jpg
Commercial Building for Rent,in Thodupuzha town,Thodupuzha,Idukki,Not Provided ,3,12601212,3000 Sq-ft,Single,https://assets.helloaddress.com/ui/images/property-no-image-small-cb.jpg
Commercial Building for Rent,in Kanchiyar,Kattappana,Idukki,Not Provided ,3,12579973,1900 Sq-ft,Single,https://assets.helloaddress.com/ui/images/property-no-image-small-cb.jpg
Commercial Building for Rent,in Thekkady,Thekkady,Idukki,Not Provided ,3,12564477,3000 Sq-ft,Single,https://assets.helloaddress.com/ui/images/property-no-image-small-cb.jpg
Commercial Building for Rent,in Vagamon,Vagamon,Idukki,Not Provided ,3,12561629,3500 Sq-ft,Single,https://assets.helloaddress.com/ui/images/property-no-image-small-cb.jpg
Residential Apartment for Rent,Vagamon,Vagamon,Idukki,Not Provided ,1,12544632,500 Sq-ft,Single,https://assets.helloaddress.com/ui/images/property-no-image-small-ra.jpg
Residential House/Villa for Rent,Thodupuzha town,Thodupuzha,Idukki,5 k - 10 k ,2,12552236,650 Sq-ft,Joint,https://assets.helloaddress.com/ui/images/property-no-image-small-rh.jpg
Commercial Building for Rent,in Thekkady,Thekkady,Idukki,Not Provided ,2,12549708,350 Sq-ft,Single,https://assets.helloaddress.com/ui/images/property-no-image-small-cb.jpg
Commercial Building for Rent,in Vagamon,Vagamon,Idukki,95 k - 1 Lac ,2,12484989,3500 Sq-ft,Single,https://assets.helloaddress.com/ui/images/property-no-image-small-cb.jpg
Commercial Building for Rent,in Karimannoor,Thodupuzha,Idukki,Not Provided ,2,12492499,3000 Sq-ft,Single,https://assets.helloaddress.com/ui/images/property-no-image-small-cb.jpg
Commercial Office for Rent,Thodupuzha town,Thodupuzha,Idukki,Not Provided ,2,12488798,5000 Sq-ft,Single,https://assets.helloaddress.com/ui/images/property-no-image-small-cf.jpg
Residential Apartment for Rent,Thodupuzha town,Thodupuzha,Idukki,5 k - 10 k ,2,P779528,900 Sq-ft,Single,https://assets.helloaddress.com/ui/images/property-no-image-small-ra.jpg
Commercial Building for Rent,in Karimannoor,Thodupuzha,Idukki,Not Provided ,2,12479870,3000 Sq-ft,Single,https://assets.helloaddress.com/ui/images/property-no-image-small-cb.jpg
Commercial Shop for Rent,in Thodupuzha town,Thodupuzha,Idukki,35 k - 40 k ,2,12485394,1048 Sq-ft,Single,https://assets.helloaddress.com/ui/images/property-no-image-small-cs.jpg
Commercial Shop for Rent,Thodupuzha town,Thodupuzha,Idukki,35 k - 40 k ,2,12481481,600 Sq-ft,Single,https://assets.helloaddress.com/ui/images/property-no-image-small-cs.jpg
Residential Apartment for Rent,Thodupuzha town,Thodupuzha,Idukki,5 k - 10 k ,2,P774516,750 Sq-ft,Single,https://assets.helloaddress.com/ui/images/property-no-image-small-ra.jpg
Commercial Office for Rent,Thodupuzha town,Thodupuzha,Idukki,35 k - 40 k ,2,12471764,1048 Sq-ft,Single,https://assets.helloaddress.com/ui/images/property-no-image-small-cf.jpg
Commercial Building for Rent,Thodupuzha town,Thodupuzha,Idukki,Not Provided ,2,12458827,2500 Sq-ft,Single,https://assets.helloaddress.com/ui/images/property-no-image-small-cb.jpg
Commercial Office for Rent,Thodupuzha town,Thodupuzha,Idukki,Not Provided ,2,12452412,5000 Sq-ft,Single,https://assets.helloaddress.com/ui/images/property-no-image-small-cf.jpg
Commercial Building for Rent,Vandanmedu,Kattappana,Idukki,10 k - 15 k ,2,12445139,3000 Sq-ft,Single,https://assets.helloaddress.com/ui/images/property-no-image-small-cb.jpg
Commercial Shop for Rent,in Thekkady,Thekkady,Idukki,Not Provided ,2,12445386,400 Sq-ft,Single,https://assets.helloaddress.com/ui/images/property-no-image-small-cs.jpg
Commercial Shop for Rent,Thodupuzha town,Thodupuzha,Idukki,Not Provided ,2,12422626,20000 Sq-ft,Joint,https://assets.helloaddress.com/ui/images/property-no-image-small-cs.jpg
Commercial Building for Rent,in Thodupuzha town,Thodupuzha,Idukki,Not Provided ,2,P767012,12000 Sq-ft,Single,https://assets.helloaddress.com/ui/images/property-no-image-small-cb.jpg
Commercial Shop for Rent,Thodupuzha town,Thodupuzha,Idukki,Not Provided ,2,12409114,6400 Sq-ft,Single,https://assets.helloaddress.com/ui/images/property-no-image-small-cs.jpg
Commercial Building for Rent,Thodupuzha town,Thodupuzha,Idukki,45 k - 50 k ,2,P764702,2000 Sq-ft,Single,https://assets.helloaddress.com/ui/images/property-no-image-small-cb.jpg
Residential House/Villa for Rent,Kumily,Kumily,Idukki,10 k - 15 k ,3,12399877,1400 Sq-ft,Single,https://assets.helloaddress.com/ui/images/property-no-image-small-rh.jpg
Residential House/Villa for Rent,Kattapana,Kattappana,Idukki,15 k - 20 k ,3,P756562,1600 Sq-ft,Single,https://assets.helloaddress.com/ui/images/property-no-image-small-rh.jpg
Residential House/Villa for Rent,Purapuzha,Thodupuzha,Idukki,1 k - 5 k ,2,P760904,650 Sq-ft,Single,https://assets.helloaddress.com/ui/images/property-no-image-small-rh.jpg
Residential Apartment for Rent,in Karikkode,Thodupuzha,Idukki,5 k - 10 k ,2,12353314,800 Sq-ft,Single,https://assets.helloaddress.com/ui/images/property-no-image-small-ra.jpg
Residential House/Villa for Rent,Vellyamattom,Thodupuzha,Idukki,Not Provided ,4,12342535,3200 Sq-ft,Single,https://assets.helloaddress.com/ui/images/property-no-image-small-rh.jpg
Commercial Building for Rent,in Thodupuzha town,Thodupuzha,Idukki,Not Provided ,4,12339150,3200 Sq-ft,Single,https://assets.helloaddress.com/ui/images/property-no-image-small-cb.jpg
Residential House/Villa for Rent,Thodupuzha town,Thodupuzha,Idukki,10 k - 15 k ,3,12339233,1000 Sq-ft,Single,https://assets.helloaddress.com/ui/images/property-no-image-small-rh.jpg
Commercial Building for Rent,in Thodupuzha town,Thodupuzha,Idukki,Not Provided ,3,12313697,5000 Sq-ft,Single,https://assets.helloaddress.com/ui/images/property-no-image-small-cb.jpg
Commercial Shop for Rent,Thodupuzha town,Thodupuzha,Idukki,Not Provided ,3,12309292,585 Sq-ft,Single,https://assets.helloaddress.com/ui/images/property-no-image-small-cs.jpg
Commercial Building for Rent,Thodupuzha town,Thodupuzha,Idukki,Not Provided ,3,12309466,3200 Sq-ft,Single,https://assets.helloaddress.com/ui/images/property-no-image-small-cb.jpg
Commercial Building for Rent,in Thodupuzha town,Thodupuzha,Idukki,Not Provided ,3,12315592,3200 Sq-ft,Single,https://assets.helloaddress.com/ui/images/property-no-image-small-cb.jpg
Commercial Building for Rent,in Thodupuzha town,Thodupuzha,Idukki,45 k - 50 k ,3,12299165,1048 Sq-ft,Single,https://assets.helloaddress.com/ui/images/property-no-image-small-cb.jpg
Residential House/Villa for Rent,in Thodupuzha town,Thodupuzha,Idukki,5 k - 10 k ,3,12299148,1800 Sq-ft,Single,https://assets.helloaddress.com/ui/images/property-no-image-small-rh.jpg
Commercial Shop for Rent,in Vannapuram,Thodupuzha,Idukki,Not Provided ,3,P749364,2000 Sq-ft,Single,https://assets.helloaddress.com/ui/images/property-no-image-small-cs.jpg
Commercial Shop for Rent,in Thodupuzha town,Thodupuzha,Idukki,5 k - 10 k ,3,12291386,300 Sq-ft,Single,https://assets.helloaddress.com/ui/images/property-no-image-small-cs.jpg
Residential House/Villa for Rent,in Kaliyar,Thodupuzha,Idukki,5 k - 10 k ,3,12275007,1000 Sq-ft,Single,https://assets.helloaddress.com/ui/images/property-no-image-small-rh.jpg
Commercial Building for Rent,Thodupuzha town,Thodupuzha,Idukki,5 k - 10 k ,3,12269333,1000 Sq-ft,Single,https://assets.helloaddress.com/ui/images/property-no-image-small-cb.jpg
Commercial Shop for Rent,in Thodupuzha town,Thodupuzha,Idukki,1 k - 5 k ,3,12257767,400 Sq-ft,Single,https://assets.helloaddress.com/ui/images/property-no-image-small-cs.jpg
Commercial Shop for Rent,Thodupuzha town,Thodupuzha,Idukki,10 k - 15 k ,3,12237936,350 Sq-ft,Single,https://assets.helloaddress.com/ui/images/property-no-image-small-cs.jpg
Commercial Building for Rent,in Thodupuzha town,Thodupuzha,Idukki,25 k - 30 k ,3,12198970,1700 Sq-ft,Single,https://assets.helloaddress.com/ui/images/property-no-image-small-cb.jpg
Commercial Land for Rent,Thodupuzha town,Thodupuzha,Idukki,25 k - 30 k ,3,12190644,12 Cent,Single,https://assets.helloaddress.com/ui/images/property-no-image-small-cl.jpg
Commercial Shop for Rent,in Thodupuzha town,Thodupuzha,Idukki,Not Provided ,3,12188162,150 Sq-ft,Single,https://assets.helloaddress.com/ui/images/property-no-image-small-cs.jpg
Commercial Building for Rent,Thodupuzha town,Thodupuzha,Idukki,45 k - 50 k ,3,P736321,1615 Sq-ft,Single,https://assets.helloaddress.com/ui/images/property-no-image-small-cb.jpg
Residential House/Villa for Rent,Thodupuzha town,Thodupuzha,Idukki,5 k - 10 k ,2,12182108,750 Sq-ft,Single,https://assets.helloaddress.com/ui/images/property-no-image-small-rh.jpg
Commercial Office for Rent,Thodupuzha town,Thodupuzha,Idukki,Not Provided ,2,12130187,800 Sq-ft,Single,https://assets.helloaddress.com/ui/images/property-no-image-small-cf.jpg
Commercial Other for Rent,Thodupuzha town,Thodupuzha,Idukki,Not Provided ,2,P727850,2000 Sq-ft,Single,https://assets.helloaddress.com/ui/images/property-no-image-small-co.jpg
Commercial Building for Rent,in Manakkad,Thodupuzha,Idukki,Not Provided ,2,121035751,3500 Sq-ft,Single,https://assets.helloaddress.com/ui/images/property-no-image-small-cb.jpg
Residential House/Villa for Rent,in Muttom,Thodupuzha,Idukki,5 k - 10 k ,2,12076335,850 Sq-ft,Single,https://assets.helloaddress.com/ui/images/property-no-image-small-rh.jpg
Commercial Building for Rent,in Thodupuzha town,Thodupuzha,Idukki,Not Provided ,2,12064938,9000 Sq-ft,Single,https://assets.helloaddress.com/ui/images/property-no-image-small-cb.jpg
Commercial Building for Rent,in Rajakumari,Nedumkandam,Idukki,Not Provided ,2,12035814,1000 Sq-ft,Single,https://assets.helloaddress.com/ui/images/property-no-image-small-cb.jpg
Residential House/Villa for Rent,Manakkad,Thodupuzha,Idukki,10 k - 15 k ,2,P718612,1200 Sq-ft,Single,https://assets.helloaddress.com/ui/images/property-no-image-small-rh.jpg
Commercial Building for Rent,Thodupuzha town,Thodupuzha,Idukki,1 k - 5 k ,2,12030342,200 Sq-ft,Single,https://assets.helloaddress.com/ui/images/property-no-image-small-cb.jpg
Commercial Office for Rent,Thodupuzha town,Thodupuzha,Idukki,Not Provided ,2,12018626,2000 Sq-ft,Single,https://assets.helloaddress.com/ui/images/property-no-image-small-cf.jpg
വാസയോഗ്യമായ വീട്‌ / ഉല്ലാസഭവനം വാടകയ്ക്ക്,Edakkattu,Thodupuzha,Idukki,5 k - 10 k ,3,P717566,1200 Sq-ft,Single,https://assets.helloaddress.com/ui/images/property-no-image-small-rh.jpg
Commercial Building for Rent,Thodupuzha town,Thodupuzha,Idukki,Not Provided ,3,P717116,21000 Sq-ft,Joint,https://assets.helloaddress.com/ui/images/property-no-image-small-cb.jpg
Residential House/Villa for Rent,Manakkad,Thodupuzha,Idukki,1 k - 5 k ,1,P716691,600 Sq-ft,Single,https://assets.helloaddress.com/ui/images/property-no-image-small-rh.jpg
Commercial Building for Rent,in Thodupuzha town,Thodupuzha,Idukki,1 Lac - 5 Lac ,1,11994003,7300 Sq-ft,Single,https://assets.helloaddress.com/ui/images/property-no-image-small-cb.jpg
Residential House/Villa for Rent,Thodupuzha town,Thodupuzha,Idukki,15 k - 20 k ,5,11993908,2900 Sq-ft,Single,https://assets.helloaddress.com/ui/images/property-no-image-small-rh.jpg
Residential House/Villa for Rent,in Karimkunnam,Thodupuzha,Idukki,5 k - 10 k ,2,P713783,1200 Sq-ft,Single,https://assets.helloaddress.com/ui/images/property-no-image-small-rh.jpg
Residential House/Villa for Rent,Kumily,Kumily,Idukki,20 k - 25 k ,3,11919653,1200 Sq-ft,Single,https://assets.helloaddress.com/ui/images/property-no-image-small-rh.jpg
Residential House/Villa for Rent,in Thodupuzha town,Thodupuzha,Idukki,5 k - 10 k ,2,11936951,1200 Sq-ft,Single,https://assets.helloaddress.com/ui/images/property-no-image-small-rh.jpg
Commercial Building for Rent,in Thodupuzha town,Thodupuzha,Idukki,Not Provided ,2,11867060,9000 Sq-ft,Single,https://assets.helloaddress.com/ui/images/property-no-image-small-cb.jpg
Commercial Office for Rent,Adimali,Adimali,Idukki,Not Provided ,2,11882546,1100 Sq-ft,Single,https://assets.helloaddress.com/ui/images/property-no-image-small-cf.jpg
Residential Apartment for Rent,Thodupuzha town,Thodupuzha,Idukki,1 k - 5 k ,2,11882204,750 Sq-ft,Single,https://assets.helloaddress.com/ui/images/property-no-image-small-ra.jpg
Residential House/Villa for Rent,Vandanmedu,Kattappana,Idukki,Not Provided ,4,P706246,2000 Sq-ft,Single,https://assets.helloaddress.com/ui/images/property-no-image-small-rh.jpg
Commercial Building for Rent,Thodupuzha town,Thodupuzha,Idukki,Not Provided ,4,11864797,1300 Sq-ft,Single,https://assets.helloaddress.com/ui/images/property-no-image-small-cb.jpg
Residential House/Villa for Rent,in Paruthumpara,Peerumade,Idukki,15 k - 20 k ,2,11815663,600 Sq-ft,Single,https://assets.helloaddress.com/ui/images/property-no-image-small-rh.jpg
Commercial Building for Rent,in Adimali,Adimali,Idukki,1 Lac - 5 Lac ,2,11805938,5000 Sq-ft,Single,https://assets.helloaddress.com/ui/images/property-no-image-small-cb.jpg
Commercial Office for Rent,Munnar,Munnar,Idukki,5 k - 10 k ,2,11794852,1000 Sq-ft,Single,https://assets.helloaddress.com/ui/images/property-no-image-small-cf.jpg
Agricultural Land for Rent,in Kumily,Kumily,Idukki,Not Provided ,2,11782303,2 Acre,Single,https://assets.helloaddress.com/ui/images/property-no-image-small-al.jpg
Commercial Shop for Rent,Thodupuzha town,Thodupuzha,Idukki,Not Provided ,2,11784002,300 Sq-ft,Single,https://assets.helloaddress.com/ui/images/property-no-image-small-cs.jpg
Residential House/Villa for Rent,Thodupuzha town,Thodupuzha,Idukki,1 k - 5 k ,2,11782026,1000 Sq-ft,Single,https://assets.helloaddress.com/ui/images/property-no-image-small-rh.jpg
Commercial Building for Rent,in Muttom,Thodupuzha,Idukki,10 k - 15 k ,2,11733259,2000 Sq-ft,Single,https://assets.helloaddress.com/ui/images/property-no-image-small-cb.jpg
Commercial Shop for Rent,Thodupuzha town,Thodupuzha,Idukki,1 k - 5 k ,2,11723642,360 Sq-ft,Single,https://assets.helloaddress.com/ui/images/property-no-image-small-cs.jpg
Commercial Building for Rent,Thodupuzha town,Thodupuzha,Idukki,1 Lac - 5 Lac ,2,P688297,7000 Sq-ft,Single,https://assets.helloaddress.com/ui/images/property-no-image-small-cb.jpg
Commercial Office for Rent,in Thodupuzha town,Thodupuzha,Idukki,15 k - 20 k ,2,11671045,400 Sq-ft,Single,https://assets.helloaddress.com/ui/images/property-no-image-small-cf.jpg
Commercial Office for Rent,Manjumala,Peerumade,Idukki,Not Provided ,2,11668074,2000 Sq-ft,Single,https://assets.helloaddress.com/ui/images/property-no-image-small-cf.jpg
Residential House/Villa for Rent,Arakkulam,Thodupuzha,Idukki,Not Provided ,2,11655743,1500 Sq-ft,Single,https://assets.helloaddress.com/ui/images/property-no-image-small-rh.jpg
Commercial Office for Rent,Kattapana,Kattappana,Idukki,Not Provided ,2,11614708,2500 Sq-ft,Single,https://assets.helloaddress.com/ui/images/property-no-image-small-cf.jpg
Commercial Office for Rent,in Thodupuzha town,Thodupuzha,Idukki,Not Provided ,2,11594693,6500 Sq-ft,Joint,https://assets.helloaddress.com/ui/images/property-no-image-small-cf.jpg
Residential House/Villa for Rent,in Thodupuzha town,Thodupuzha,Idukki,5 k - 10 k ,2,11569692,1200 Sq-ft,Single,https://assets.helloaddress.com/ui/images/property-no-image-small-rh.jpg
Commercial Building for Rent,Thodupuzha town,Thodupuzha,Idukki,95 k - 1 Lac ,2,11560569,10000 Sq-ft,Single,https://assets.helloaddress.com/ui/images/property-no-image-small-cb.jpg
Commercial Office for Rent,Thodupuzha town,Thodupuzha,Idukki,Not Provided ,2,11551650,500 Sq-ft,Single,https://assets.helloaddress.com/ui/images/property-no-image-small-cf.jpg
Residential Apartment for Rent,Thodupuzha town,Thodupuzha,Idukki,5 k - 10 k ,2,11544704,500 Sq-ft,Single,https://assets.helloaddress.com/ui/images/property-no-image-small-ra.jpg
Residential House/Villa for Rent,Thodupuzha town,Thodupuzha,Idukki,5 k - 10 k ,3,11539780,1800 Sq-ft,Single,https://assets.helloaddress.com/ui/images/property-no-image-small-rh.jpg
Commercial Building for Rent,in Thodupuzha town,Thodupuzha,Idukki,55 k - 60 k ,3,11485970,8500 Sq-ft,Single,https://assets.helloaddress.com/ui/images/property-no-image-small-cb.jpg
