Name,Location,City,District,Price,Bed,PropertyID,PropertyArea,OwnershipType,image
Residential Apartment for Rent,Alavil,Kannur,Kannur,Not Provided ,5,P800795,3000 Sq-ft,Single,https://assets.helloaddress.com/propertyImages/2019/March/thumb_property_P800795_5c80a8c8d1466.jpg
Residential Apartment for Rent,Kannur town,Kannur,Kannur,15 k - 20 k ,2,12527499,1319 Sq-ft,Single,https://assets.helloaddress.com/ui/images/property-no-image-small-ra.jpg
Residential Apartment for Rent,Kannur town,Kannur,Kannur,25 k - 30 k ,3,P775258,1750 Sq-ft,Single,https://assets.helloaddress.com/ui/images/property-no-image-small-ra.jpg
Residential Apartment for Rent,in Pallikkunnu,Kannur,Kannur,15 k - 20 k ,3,P757079,1600 Sq-ft,Single,https://assets.helloaddress.com/ui/images/property-no-image-small-ra.jpg
Residential Apartment for Rent,Payyambalam,Kannur,Kannur,20 k - 25 k ,3,P747236,1700 Sq-ft,Single,https://assets.helloaddress.com/ui/images/property-no-image-small-ra.jpg
Residential Apartment for Rent,Payyambalam,Kannur,Kannur,10 k - 15 k ,3,P747116,1500 Sq-ft,Single,https://assets.helloaddress.com/ui/images/property-no-image-small-ra.jpg
Residential Apartment for Rent,Mundayad,Kannur,Kannur,5 k - 10 k ,2,P738489,750 Sq-ft,Single,https://assets.helloaddress.com/ui/images/property-no-image-small-ra.jpg
Residential Apartment for Rent,in Kannur,Kannur,Kannur,10 k - 15 k ,2,12032850,1500 Sq-ft,Single,https://assets.helloaddress.com/ui/images/property-no-image-small-ra.jpg
Residential Apartment for Rent,Pallikkunnu,Kannur,Kannur,5 k - 10 k ,2,11984085,809 Sq-ft,Single,https://assets.helloaddress.com/ui/images/property-no-image-small-ra.jpg
Residential Apartment for Rent,in Payyambalam,Kannur,Kannur,15 k - 20 k ,3,11701060,1600 Sq-ft,Single,https://assets.helloaddress.com/ui/images/property-no-image-small-ra.jpg
Residential Apartment for Rent,Chirakkal,Kannur,Kannur,15 k - 20 k ,2,11637929,1200 Sq-ft,Single,https://assets.helloaddress.com/ui/images/property-no-image-small-ra.jpg
Residential Apartment for Rent,Pallikkunnu,Kannur,Kannur,5 k - 10 k ,2,11523035,809 Sq-ft,Single,https://assets.helloaddress.com/ui/images/property-no-image-small-ra.jpg
Residential Apartment for Rent,Alavil,Kannur,Kannur,Not Provided ,5,P800795,3000 Sq-ft,Single,https://assets.helloaddress.com/propertyImages/2019/March/thumb_property_P800795_5c80a8c8d1466.jpg
Commercial Office for Rent,Kannur,Kannur,Kannur,15 k - 20 k ,5,12649364,700 Sq-ft,Single,https://assets.helloaddress.com/propertyImages/2019/February/thumb_property_12649364_5c712c912c1ad.jpg
Residential House/Villa for Rent,Sreekandapuram,Sreekandapuram,Kannur,10 k - 15 k ,4,12617360,2400 Sq-ft,Single,https://assets.helloaddress.com/ui/images/property-no-image-small-rh.jpg
Commercial Building for Rent,Fort Road,Kannur,Kannur,5 Lac - 10 Lac ,4,12602528,11500 Sq-ft,Joint,https://assets.helloaddress.com/propertyImages/2019/January/thumb_property_12602528_5c3c6414659bc.jpg
Residential House/Villa for Rent,Adjacent to kannur international airport premise,Mattannur,Kannur,5 k - 10 k ,2,P790927,900 Sq-ft,Single,https://assets.helloaddress.com/ui/images/property-no-image-small-rh.jpg
Residential House/Villa for Rent,Kannur,Kannur,Kannur,Not Provided ,3,12568509,4000 Sq-ft,Single,https://assets.helloaddress.com/ui/images/property-no-image-small-rh.jpg
Residential Apartment for Rent,Kannur town,Kannur,Kannur,15 k - 20 k ,2,12527499,1319 Sq-ft,Single,https://assets.helloaddress.com/ui/images/property-no-image-small-ra.jpg
Commercial Building for Rent,Dharmadam,Thalassery,Kannur,Not Provided ,2,12529982,400 Sq-ft,Single,https://assets.helloaddress.com/ui/images/property-no-image-small-cb.jpg
Residential House/Villa for Rent,Thottada,Thottada,Kannur,10 k - 15 k ,2,P734437,1000 Sq-ft,Single,https://assets.helloaddress.com/ui/images/property-no-image-small-rh.jpg
Residential Land for Rent,Manantheri,Kuthuparamba,Kannur,Not Provided ,2,P786434,47 Cent,Single,https://assets.helloaddress.com/ui/images/property-no-image-small-rl.jpg
Residential Apartment for Rent,Kolassery,Thalassery,Kannur,5 k - 10 k ,2,P776808,900 Sq-ft,Joint,https://assets.helloaddress.com/ui/images/property-no-image-small-ra.jpg
Residential Apartment for Rent,Kannur town,Kannur,Kannur,25 k - 30 k ,3,P775258,1750 Sq-ft,Single,https://assets.helloaddress.com/ui/images/property-no-image-small-ra.jpg
Residential House/Villa for Rent,Manjodi,Thalassery,Kannur,10 k - 15 k ,3,P774893,1500 Sq-ft,Single,https://assets.helloaddress.com/ui/images/property-no-image-small-rh.jpg
Residential House/Villa for Rent,Thalassery town,Thalassery,Kannur,Not Provided ,6,12475592,2300 Sq-ft,Single,https://assets.helloaddress.com/ui/images/property-no-image-small-rh.jpg
Residential Apartment for Rent,Thalassery town,Thalassery,Kannur,5 k - 10 k ,2,P762384,1000 Sq-ft,Single,https://assets.helloaddress.com/ui/images/property-no-image-small-ra.jpg
Residential House/Villa for Rent,Chalad-kannur,Kannur,Kannur,5 k - 10 k ,3,P770103,1800 Sq-ft,Single,https://assets.helloaddress.com/ui/images/property-no-image-small-rh.jpg
Residential Apartment for Rent,in Pallikkunnu,Kannur,Kannur,15 k - 20 k ,3,P757079,1600 Sq-ft,Single,https://assets.helloaddress.com/ui/images/property-no-image-small-ra.jpg
Commercial Shop for Rent,Chovva-kannur,Kannur,Kannur,1 k - 5 k ,3,P759877,100 Sq-ft,Single,https://assets.helloaddress.com/ui/images/property-no-image-small-cs.jpg
Residential House/Villa for Rent,Thavakkara,Kannur,Kannur,10 k - 15 k ,1,P763546,750 Sq-ft,Single,https://assets.helloaddress.com/ui/images/property-no-image-small-rh.jpg
Commercial Office for Rent,Mahe,Mahe,Kannur,10 k - 15 k ,1,P754320,400 Sq-ft,Single,https://assets.helloaddress.com/ui/images/property-no-image-small-cf.jpg
Commercial Shop for Rent,Irikkur,Irikkur,Kannur,1 k - 5 k ,1,P753967,200 Sq-ft,Single,https://assets.helloaddress.com/ui/images/property-no-image-small-cs.jpg
Residential House/Villa for Rent,Manjodi,Thalassery,Kannur,10 k - 15 k ,2,P753088,3000 Sq-ft,Single,https://assets.helloaddress.com/ui/images/property-no-image-small-rh.jpg
Residential House/Villa for Rent,Kannothumchal,Thana,Kannur,10 k - 15 k ,2,12315558,1200 Sq-ft,Single,https://assets.helloaddress.com/ui/images/property-no-image-small-rh.jpg
Commercial Shop for Rent,in Thaliparamba,Thaliparamba,Kannur,5 k - 10 k ,2,12315823,200 Sq-ft,Single,https://assets.helloaddress.com/ui/images/property-no-image-small-cs.jpg
വാസയോഗ്യമായ വീട്‌ / ഉല്ലാസഭവനം വാടകയ്ക്ക്,Kadachira,Chala,Kannur,5 k - 10 k ,2,P751948,1000 Sq-ft,Single,https://assets.helloaddress.com/ui/images/property-no-image-small-rh.jpg
വാസയോഗ്യമായ ഫ്‌ളാറ്റ്‌ വാടകയ്ക്ക്,Adjacent to kannur international airport premise,Mattannur,Kannur,5 k - 10 k ,8,P751338,10000 Sq-ft,Single,https://assets.helloaddress.com/ui/images/property-no-image-small-ra.jpg
Residential House/Villa for Rent,Kannur,Kannur,Kannur,5 k - 10 k ,2,P749789,1200 Sq-ft,Single,https://assets.helloaddress.com/ui/images/property-no-image-small-rh.jpg
Residential House/Villa for Rent,Kallur,Mattannur,Kannur,10 k - 15 k ,4,P749253,2400 Sq-ft,Joint,https://assets.helloaddress.com/ui/images/property-no-image-small-rh.jpg
Commercial Land for Rent,Chovva-kannur,Kannur,Kannur,65 k - 70 k ,4,P749142,1 Acre,Single,https://assets.helloaddress.com/ui/images/property-no-image-small-cl.jpg
Residential House/Villa for Rent,Thillenkeri,Iritty,Kannur,5 k - 10 k ,2,P748606,1200 Sq-ft,Single,https://assets.helloaddress.com/ui/images/property-no-image-small-rh.jpg
Residential House/Villa for Rent,Melechovva,Kannur,Kannur,Not Provided ,3,12260631,1300 Sq-ft,Single,https://assets.helloaddress.com/ui/images/property-no-image-small-rh.jpg
Residential Apartment for Rent,Payyambalam,Kannur,Kannur,20 k - 25 k ,3,P747236,1700 Sq-ft,Single,https://assets.helloaddress.com/ui/images/property-no-image-small-ra.jpg
Residential House/Villa for Rent,Pallikkunnu,Kannur,Kannur,5 k - 10 k ,2,P747182,1700 Sq-ft,Single,https://assets.helloaddress.com/ui/images/property-no-image-small-rh.jpg
Residential Apartment for Rent,Payyambalam,Kannur,Kannur,10 k - 15 k ,3,P747116,1500 Sq-ft,Single,https://assets.helloaddress.com/ui/images/property-no-image-small-ra.jpg
Residential House/Villa for Rent,Koothuparamba,Kuthuparamba,Kannur,5 k - 10 k ,3,P747027,1400 Sq-ft,Single,https://assets.helloaddress.com/ui/images/property-no-image-small-rh.jpg
Residential House/Villa for Rent,in Kallur,Mattannur,Kannur,15 k - 20 k ,3,P746970,2500 Sq-ft,Joint,https://assets.helloaddress.com/ui/images/property-no-image-small-rh.jpg
Commercial Building for Rent,in Thadikadavu,Alakode,Kannur,1 k - 5 k ,3,P739227,5900 Sq-ft,Single,https://assets.helloaddress.com/ui/images/property-no-image-small-cb.jpg
Residential Apartment for Rent,Mundayad,Kannur,Kannur,5 k - 10 k ,2,P738489,750 Sq-ft,Single,https://assets.helloaddress.com/ui/images/property-no-image-small-ra.jpg
Residential House/Villa for Rent,in Pallikkunnu,Kannur,Kannur,5 k - 10 k ,3,12181938,1100 Sq-ft,Single,https://assets.helloaddress.com/ui/images/property-no-image-small-rh.jpg
Residential House/Villa for Rent,Mangad,Dharmasala,Kannur,5 k - 10 k ,2,P737031,228.1 Sq-m,Joint,https://assets.helloaddress.com/ui/images/property-no-image-small-rh.jpg
Commercial Building for Rent,Kannur,Kannur,Kannur,Not Provided ,2,P716468,23000 Sq-ft,Joint,https://assets.helloaddress.com/ui/images/property-no-image-small-cb.jpg
Residential House/Villa for Rent,Poothappara,Azhikode,Kannur,5 k - 10 k ,3,P734585,1200 Sq-ft,Single,https://assets.helloaddress.com/ui/images/property-no-image-small-rh.jpg
Residential House/Villa for Rent,Eachur,Kannur,Kannur,Not Provided ,3,P733136,1600 Sq-ft,Single,https://assets.helloaddress.com/ui/images/property-no-image-small-rh.jpg
Residential House/Villa for Rent,in Elayavoor,Kannur,Kannur,5 k - 10 k ,3,P732905,1800 Sq-ft,Other,https://assets.helloaddress.com/ui/images/property-no-image-small-rh.jpg
Commercial Building for Rent,Oduvalli,Alakode,Kannur,1 k - 5 k ,3,P732566,5640 Sq-ft,Single,https://assets.helloaddress.com/ui/images/property-no-image-small-cb.jpg
Commercial Building for Rent,Chala,Chala,Kannur,55 k - 60 k ,3,P731082,4600 Sq-ft,Single,https://assets.helloaddress.com/ui/images/property-no-image-small-cb.jpg
Residential House/Villa for Rent,Thottada,Thottada,Kannur,5 k - 10 k ,2,12132696,1500 Sq-ft,Single,https://assets.helloaddress.com/ui/images/property-no-image-small-rh.jpg
Residential House/Villa for Rent,in Elayavoor,Kannur,Kannur,5 k - 10 k ,2,12109800,1000 Sq-ft,Single,https://assets.helloaddress.com/ui/images/property-no-image-small-rh.jpg
Residential House/Villa for Rent,Kannur,Kannur,Kannur,10 k - 15 k ,2,12111930,800 Sq-ft,Single,https://assets.helloaddress.com/ui/images/property-no-image-small-rh.jpg
Residential House/Villa for Rent,in Pallikkunnu,Kannur,Kannur,5 k - 10 k ,3,12114972,1100 Sq-ft,Single,https://assets.helloaddress.com/ui/images/property-no-image-small-rh.jpg
Residential House/Villa for Rent,in Thazhe chovva,Kannur,Kannur,5 k - 10 k ,2,12101872,300 Sq-ft,Single,https://assets.helloaddress.com/ui/images/property-no-image-small-rh.jpg
Residential Apartment for Rent,in Kannur,Kannur,Kannur,10 k - 15 k ,2,12032850,1500 Sq-ft,Single,https://assets.helloaddress.com/ui/images/property-no-image-small-ra.jpg
Residential House/Villa for Rent,in Mathukoth,Mattannur,Kannur,15 k - 20 k ,4,P716745,2800 Sq-ft,Single,https://assets.helloaddress.com/ui/images/property-no-image-small-rh.jpg
Residential Apartment for Rent,Pallikkunnu,Kannur,Kannur,5 k - 10 k ,2,11984085,809 Sq-ft,Single,https://assets.helloaddress.com/ui/images/property-no-image-small-ra.jpg
Residential House/Villa for Rent,Manna,Thaliparamba,Kannur,5 k - 10 k ,3,P712604,2500 Sq-ft,Single,https://assets.helloaddress.com/ui/images/property-no-image-small-rh.jpg
Commercial Shop for Rent,Kannothumchal,Thana,Kannur,Not Provided ,3,11931535,781 Sq-ft,Single,https://assets.helloaddress.com/ui/images/property-no-image-small-cs.jpg
Commercial Building for Rent,Elayavoor,Kannur,Kannur,15 k - 20 k ,3,11914938,781 Sq-ft,Single,https://assets.helloaddress.com/ui/images/property-no-image-small-cb.jpg
Commercial Building for Rent,Kannur,Kannur,Kannur,50 k - 55 k ,3,11865808,900 Sq-ft,Single,https://assets.helloaddress.com/ui/images/property-no-image-small-cb.jpg
Commercial Shop for Rent,in Puthiyangadi,Pazhayangadi,Kannur,Not Provided ,3,11836439,460 Sq-ft,Single,https://assets.helloaddress.com/ui/images/property-no-image-small-cs.jpg
Commercial Shop for Rent,Irikkur,Irikkur,Kannur,Not Provided ,3,P699836,1300 Sq-ft,Joint,https://assets.helloaddress.com/ui/images/property-no-image-small-cs.jpg
Residential House/Villa for Rent,in Kannur town,Kannur,Kannur,15 k - 20 k ,5,11756029,3200 Sq-ft,Single,https://assets.helloaddress.com/ui/images/property-no-image-small-rh.jpg
Commercial Shop for Rent,in Thalassery town,Thalassery,Kannur,15 k - 20 k ,5,11749093,250 Sq-ft,Single,https://assets.helloaddress.com/ui/images/property-no-image-small-cs.jpg
Residential House/Villa for Rent,Payyanur,Payyanur,Kannur,10 k - 15 k ,3,11701949,1000 Sq-ft,Single,https://assets.helloaddress.com/ui/images/property-no-image-small-rh.jpg
Residential Apartment for Rent,in Payyambalam,Kannur,Kannur,15 k - 20 k ,3,11701060,1600 Sq-ft,Single,https://assets.helloaddress.com/ui/images/property-no-image-small-ra.jpg
Residential House/Villa for Rent,Kannur town,Kannur,Kannur,5 k - 10 k ,2,11667339,1500 Sq-ft,Single,https://assets.helloaddress.com/ui/images/property-no-image-small-rh.jpg
Commercial Office for Rent,in Kannur town,Kannur,Kannur,Not Provided ,2,11661585,600 Sq-ft,Single,https://assets.helloaddress.com/ui/images/property-no-image-small-cf.jpg
Commercial Shop for Rent,Fort Road,Kannur,Kannur,5 k - 10 k ,2,11657163,167 Sq-ft,Single,https://assets.helloaddress.com/ui/images/property-no-image-small-cs.jpg
Residential Apartment for Rent,Chirakkal,Kannur,Kannur,15 k - 20 k ,2,11637929,1200 Sq-ft,Single,https://assets.helloaddress.com/ui/images/property-no-image-small-ra.jpg
Residential House/Villa for Rent,in Chalode,Chalod,Kannur,Not Provided ,3,11676633,1700 Sq-ft,Single,https://assets.helloaddress.com/ui/images/property-no-image-small-rh.jpg
Residential House/Villa for Rent,Thalassery town,Thalassery,Kannur,5 k - 10 k ,2,11649091,1000 Sq-ft,Single,https://assets.helloaddress.com/ui/images/property-no-image-small-rh.jpg
Commercial Land for Rent,in Payyanur,Payyanur,Kannur,Not Provided ,2,11580324,12500 Sq-ft,Single,https://assets.helloaddress.com/ui/images/property-no-image-small-cl.jpg
Residential House/Villa for Rent,in Talap-kannur,Kannur,Kannur,5 k - 10 k ,2,11541244,1500 Sq-ft,Single,https://assets.helloaddress.com/ui/images/property-no-image-small-rh.jpg
Residential Apartment for Rent,Pallikkunnu,Kannur,Kannur,5 k - 10 k ,2,11523035,809 Sq-ft,Single,https://assets.helloaddress.com/ui/images/property-no-image-small-ra.jpg
Residential House/Villa for Rent,in Kannothumchal,Thana,Kannur,20 k - 25 k ,3,11482814,1900 Sq-ft,Single,https://assets.helloaddress.com/ui/images/property-no-image-small-rh.jpg
Commercial Building for Rent,Payyanur,Payyanur,Kannur,70 k - 75 k ,3,11481895,6000 Sq-ft,Single,https://assets.helloaddress.com/ui/images/property-no-image-small-cb.jpg
