Name,Location,City,District,Price,Bed,PropertyID,PropertyArea,OwnershipType,image
Residential Apartment for Rent,in Mundakkal,Kollam,Kollam,10 k - 15 k ,2,P799223,1000 Sq-ft,Single,https://assets.helloaddress.com/ui/images/property-no-image-small-ra.jpg
Commercial Building for Rent,Pidavoor,Pathanapuram,Kollam,1 k - 5 k ,2,P704589,1700 Sq-ft,Single,https://assets.helloaddress.com/propertyImages/2018/September/thumb_property_P704589_5b8fa2643dc7a.jpg
Commercial Office for Rent,Kottiyam,Kollam,Kollam,Not Provided ,2,12666686,700 Sq-ft,Single,https://assets.helloaddress.com/ui/images/property-no-image-small-cf.jpg
Commercial Building for Rent,Kottiyam,Kollam,Kollam,Not Provided ,2,12655636,1500 Sq-ft,Single,https://assets.helloaddress.com/ui/images/property-no-image-small-cb.jpg
Residential House/Villa for Rent,Lekshmi Nada,Kollam,Kollam,20 k - 25 k ,6,12659489,4500 Sq-ft,Single,https://assets.helloaddress.com/ui/images/property-no-image-small-rh.jpg
Commercial Building for Rent,Punalur,Punalur,Kollam,Not Provided ,6,12652519,8000 Sq-ft,Single,https://assets.helloaddress.com/ui/images/property-no-image-small-cb.jpg
Residential Other for Rent,Kottarakkara,Kottarakkara,Kollam,5 k - 10 k ,2,P799253,2000 Sq-ft,Single,https://assets.helloaddress.com/propertyImages/2019/February/thumb_property_P799253_5c72a035401bd.jpg
Commercial Building for Rent,Pathanapuram,Pathanapuram,Kollam,Not Provided ,2,12658716,1000 Sq-ft,Single,https://assets.helloaddress.com/ui/images/property-no-image-small-cb.jpg
Residential House/Villa for Rent,Chavara,Karunagapally,Kollam,5 k - 10 k ,2,P799058,1300 Sq-ft,Single,https://assets.helloaddress.com/ui/images/property-no-image-small-rh.jpg
Residential House/Villa for Rent,Ramankulangara,Kollam,Kollam,5 k - 10 k ,4,P793237,2200 Sq-ft,Single,https://assets.helloaddress.com/propertyImages/2019/January/thumb_property_P793237_5c3ecbf3654b4.JPG
Commercial Office for Rent,Kottiyam,Kollam,Kollam,Not Provided ,4,12640106,700 Sq-ft,Single,https://assets.helloaddress.com/ui/images/property-no-image-small-cf.jpg
Residential House/Villa for Rent,Chinnakkada,Kollam,Kollam,10 k - 15 k ,2,12647874,2270 Sq-ft,Single,https://assets.helloaddress.com/ui/images/property-no-image-small-rh.jpg
Commercial Building for Rent,Pathanapuram,Pathanapuram,Kollam,Not Provided ,2,12647205,1000 Sq-ft,Single,https://assets.helloaddress.com/ui/images/property-no-image-small-cb.jpg
Residential House/Villa for Rent,Eravipuram,Kollam,Kollam,Not Provided ,10,12635562,4500 Sq-ft,Single,https://assets.helloaddress.com/ui/images/property-no-image-small-rh.jpg
Residential Apartment for Rent,Chinnakkada,Kollam,Kollam,15 k - 20 k ,2,P797731,1300 Sq-ft,Single,https://assets.helloaddress.com/propertyImages/2019/February/thumb_property_P797731_5c645daf62c10.JPG
Residential House/Villa for Rent,Kollam town,Kollam,Kollam,Not Provided ,2,12645348,1000 Sq-ft,Single,https://assets.helloaddress.com/ui/images/property-no-image-small-rh.jpg
Residential House/Villa for Rent,Kottarakkara,Kottarakkara,Kollam,5 k - 10 k ,4,12634954,1500 Sq-ft,Single,https://assets.helloaddress.com/ui/images/property-no-image-small-rh.jpg
Commercial Building for Rent,Kollam town,Kollam,Kollam,1 Lac - 5 Lac ,4,12636425,9000 Sq-ft,Single,https://assets.helloaddress.com/ui/images/property-no-image-small-cb.jpg
Commercial Office for Rent,Parippally Town,Parippally,Kollam,15 k - 20 k ,4,12638962,375 Sq-ft,Single,https://assets.helloaddress.com/ui/images/property-no-image-small-cf.jpg
Commercial Building for Rent,Kilikkolloor,Kollam,Kollam,1 Lac - 5 Lac ,4,12636552,3000 Sq-ft,Single,https://assets.helloaddress.com/ui/images/property-no-image-small-cb.jpg
Residential Apartment for Rent,Kottarakkara,Kottarakkara,Kollam,10 k - 15 k ,2,12636907,1400 Sq-ft,Single,https://assets.helloaddress.com/ui/images/property-no-image-small-ra.jpg
Residential House/Villa for Rent,Karicode ,Kollam,Kollam,5 k - 10 k ,2,12636532,1200 Sq-ft,Single,https://assets.helloaddress.com/propertyImages/2019/February/thumb_property_12636532_5c5a6381501a3.jpg
Commercial Shop for Rent,Pulamon ,Kottarakkara,Kollam,Not Provided ,2,12623460,600 Sq-ft,Single,https://assets.helloaddress.com/ui/images/property-no-image-small-cs.jpg
Residential House/Villa for Rent,in Kollam town,Kollam,Kollam,Not Provided ,2,12617534,1000 Sq-ft,Single,https://assets.helloaddress.com/ui/images/property-no-image-small-rh.jpg
Residential House/Villa for Rent,in Kadappakkada,Kollam,Kollam,Not Provided ,3,12612196,1000 Sq-ft,Single,https://assets.helloaddress.com/ui/images/property-no-image-small-rh.jpg
Commercial Building for Rent,Kollam town,Kollam,Kollam,Not Provided ,3,12614435,5000 Sq-ft,Single,https://assets.helloaddress.com/ui/images/property-no-image-small-cb.jpg
Residential House/Villa for Rent,Ramankulangara,Kollam,Kollam,5 k - 10 k ,2,12606078,1200 Sq-ft,Single,https://assets.helloaddress.com/ui/images/property-no-image-small-rh.jpg
Residential Apartment for Rent,Kottarakkara,Kottarakkara,Kollam,5 k - 10 k ,2,12607081,1100 Sq-ft,Single,https://assets.helloaddress.com/ui/images/property-no-image-small-ra.jpg
Residential House/Villa for Rent,Kadappakkada,Kollam,Kollam,50 k - 55 k ,6,12583391,3600 Sq-ft,Single,https://assets.helloaddress.com/ui/images/property-no-image-small-rh.jpg
Residential House/Villa for Rent,Mundakkal,Kollam,Kollam,5 k - 10 k ,2,12592941,1100 Sq-ft,Single,https://assets.helloaddress.com/propertyImages/2018/December/thumb_property_12592941_5c1e197e657ec.jpg
Commercial Office for Rent,in Chinnakkada,Kollam,Kollam,1 k - 5 k ,2,12593222,100 Sq-ft,Single,https://assets.helloaddress.com/ui/images/property-no-image-small-cf.jpg
Residential House/Villa for Rent,Kollam town,Kollam,Kollam,Not Provided ,3,12589486,2000 Sq-ft,Single,https://assets.helloaddress.com/ui/images/property-no-image-small-rh.jpg
Residential House/Villa for Rent,in Punalur,Punalur,Kollam,Not Provided ,5,12579850,3000 Sq-ft,Single,https://assets.helloaddress.com/ui/images/property-no-image-small-rh.jpg
Residential House/Villa for Rent,Randamkutty,Kollam,Kollam,5 k - 10 k ,3,12578635,1200 Sq-ft,Single,https://assets.helloaddress.com/ui/images/property-no-image-small-rh.jpg
Residential House/Villa for Rent,Karunagapally town,Karunagapally,Kollam,Not Provided ,2,12570011,900 Sq-ft,Single,https://assets.helloaddress.com/ui/images/property-no-image-small-rh.jpg
Commercial Shop for Rent,Karunagapally town,Karunagapally,Kollam,Not Provided ,2,12566752,1300 Sq-ft,Single,https://assets.helloaddress.com/ui/images/property-no-image-small-cs.jpg
Commercial Building for Rent,Chinnakkada,Kollam,Kollam,55 k - 60 k ,2,12570124,2000 Sq-ft,Single,https://assets.helloaddress.com/ui/images/property-no-image-small-cb.jpg
Residential Apartment for Rent,in Moonamkutty,Kollam,Kollam,5 k - 10 k ,2,12558672,750 Sq-ft,Single,https://assets.helloaddress.com/ui/images/property-no-image-small-ra.jpg
Commercial Building for Rent,Kadappakkada,Kollam,Kollam,Not Provided ,2,12566219,6000 Sq-ft,Single,https://assets.helloaddress.com/ui/images/property-no-image-small-cb.jpg
Commercial Building for Rent,Pathmukku,Kollam,Kollam,Not Provided ,2,12558487,5000 Sq-ft,Single,https://assets.helloaddress.com/ui/images/property-no-image-small-cb.jpg
Residential House/Villa for Rent,Kollam town,Kollam,Kollam,5 k - 10 k ,2,12562046,2150 Sq-ft,Single,https://assets.helloaddress.com/ui/images/property-no-image-small-rh.jpg
Commercial Building for Rent,in Kollam town,Kollam,Kollam,Not Provided ,2,12536872,3600 Sq-ft,Single,https://assets.helloaddress.com/ui/images/property-no-image-small-cb.jpg
Commercial Shop for Rent,Kollam town,Kollam,Kollam,5 k - 10 k ,2,12536885,300 Sq-ft,Single,https://assets.helloaddress.com/ui/images/property-no-image-small-cs.jpg
Residential House/Villa for Rent,Pallimukku,Kollam,Kollam,10 k - 15 k ,4,12540488,1500 Sq-ft,Single,https://assets.helloaddress.com/ui/images/property-no-image-small-rh.jpg
Commercial Building for Rent,Chinnakkada,Kollam,Kollam,25 k - 30 k ,4,12545289,1100 Sq-ft,Single,https://assets.helloaddress.com/ui/images/property-no-image-small-cb.jpg
Commercial Building for Rent,Oyoor,Kottarakkara,Kollam,Not Provided ,4,12544568,6000 Sq-ft,Single,https://assets.helloaddress.com/ui/images/property-no-image-small-cb.jpg
Residential Apartment for Rent,Kollam town,Kollam,Kollam,5 k - 10 k ,2,12545262,750 Sq-ft,Single,https://assets.helloaddress.com/ui/images/property-no-image-small-ra.jpg
Commercial Shop for Rent,Kottarakkara,Kottarakkara,Kollam,Not Provided ,2,12543592,1500 Sq-ft,Single,https://assets.helloaddress.com/ui/images/property-no-image-small-cs.jpg
Residential House/Villa for Rent,Kadappakkada,Kollam,Kollam,15 k - 20 k ,3,12549585,2300 Sq-ft,Single,https://assets.helloaddress.com/ui/images/property-no-image-small-rh.jpg
Residential Apartment for Rent,in Moonamkutty,Kollam,Kollam,Not Provided ,3,12523480,1000 Sq-ft,Single,https://assets.helloaddress.com/ui/images/property-no-image-small-ra.jpg
Residential House/Villa for Rent,in Ramankulangara,Kollam,Kollam,Not Provided ,3,12524978,1200 Sq-ft,Single,https://assets.helloaddress.com/ui/images/property-no-image-small-rh.jpg
Residential House/Villa for Rent,Eravipuram,Kollam,Kollam,5 k - 10 k ,2,12518547,600 Sq-ft,Single,https://assets.helloaddress.com/ui/images/property-no-image-small-rh.jpg
Commercial Shop for Rent,Karunagapally town,Karunagapally,Kollam,Not Provided ,2,12525001,550 Sq-ft,Single,https://assets.helloaddress.com/ui/images/property-no-image-small-cs.jpg
Commercial Building for Rent,Kottarakkara,Kottarakkara,Kollam,40 k - 45 k ,2,12521915,3500 Sq-ft,Single,https://assets.helloaddress.com/ui/images/property-no-image-small-cb.jpg
Commercial Shop for Rent,in Polayathodu,Kollam,Kollam,Not Provided ,2,12521948,430 Sq-ft,Single,https://assets.helloaddress.com/ui/images/property-no-image-small-cs.jpg
Residential House/Villa for Rent,in Kavanadu,Kollam,Kollam,10 k - 15 k ,3,12522388,1500 Sq-ft,Single,https://assets.helloaddress.com/ui/images/property-no-image-small-rh.jpg
Commercial Building for Rent,in Kunnathoor,Kunnathur,Kollam,55 k - 60 k ,3,12500172,4000 Sq-ft,Single,https://assets.helloaddress.com/ui/images/property-no-image-small-cb.jpg
Commercial Building for Rent,in Kollam town,Kollam,Kollam,Not Provided ,3,12502530,4000 Sq-ft,Single,https://assets.helloaddress.com/ui/images/property-no-image-small-cb.jpg
Commercial Shop for Rent,Chanthamukku,Kottarakkara,Kollam,10 k - 15 k ,3,12488392,350 Sq-ft,Single,https://assets.helloaddress.com/ui/images/property-no-image-small-cs.jpg
Residential House/Villa for Rent,Kollam town,Kollam,Kollam,Not Provided ,4,12486895,2500 Sq-ft,Single,https://assets.helloaddress.com/ui/images/property-no-image-small-rh.jpg
Commercial Shop for Rent,in Kottarakkara,Kottarakkara,Kollam,Not Provided ,4,12492159,1500 Sq-ft,Single,https://assets.helloaddress.com/ui/images/property-no-image-small-cs.jpg
Residential House/Villa for Rent,Chinnakkada,Kollam,Kollam,15 k - 20 k ,3,12496116,1500 Sq-ft,Single,https://assets.helloaddress.com/ui/images/property-no-image-small-rh.jpg
Commercial Land for Rent,in Kottarakkara,Kottarakkara,Kollam,Not Provided ,3,12493675,10 Cent,Single,https://assets.helloaddress.com/propertyImages/2018/September/thumb_property_12493675_5ba21201b597f.jpg
Commercial Shop for Rent,Pulamon ,Kottarakkara,Kollam,10 k - 15 k ,3,12494400,575 Sq-ft,Single,https://assets.helloaddress.com/ui/images/property-no-image-small-cs.jpg
Residential House/Villa for Rent,Karicode ,Kollam,Kollam,Not Provided ,2,12490630,1000 Sq-ft,Single,https://assets.helloaddress.com/propertyImages/2018/September/thumb_property_12490630_5ba5d7726d8a8.jpg
Commercial Shop for Rent,Chinnakkada,Kollam,Kollam,Not Provided ,2,12471374,650 Sq-ft,Single,https://assets.helloaddress.com/ui/images/property-no-image-small-cs.jpg
Commercial Shop for Rent,Perinad,Kollam,Kollam,10 k - 15 k ,2,12473848,550 Sq-ft,Single,https://assets.helloaddress.com/ui/images/property-no-image-small-cs.jpg
Residential House/Villa for Rent,Kollam town,Kollam,Kollam,15 k - 20 k ,4,12481720,2200 Sq-ft,Single,https://assets.helloaddress.com/ui/images/property-no-image-small-rh.jpg
Residential House/Villa for Rent,in Madan Nada,Kollam,Kollam,5 k - 10 k ,2,12483665,2000 Sq-ft,Single,https://assets.helloaddress.com/ui/images/property-no-image-small-rh.jpg
Residential House/Villa for Rent,Ramankulangara,Kollam,Kollam,15 k - 20 k ,2,P796189,1250 Sq-ft,Single,https://assets.helloaddress.com/ui/images/property-no-image-small-rh.jpg
Residential Apartment for Rent,Kavanadu,Kollam,Kollam,10 k - 15 k ,3,P790399,1500 Sq-ft,Single,https://assets.helloaddress.com/ui/images/property-no-image-small-ra.jpg
Commercial Building for Rent,Kadappakkada,Kollam,Kollam,65 k - 70 k ,3,P788969,17250 Sq-ft,Single,https://assets.helloaddress.com/ui/images/property-no-image-small-cb.jpg
Commercial Office for Rent,in Anchalummoodu,Kollam,Kollam,5 k - 10 k ,3,P785667,400 Sq-ft,Single,https://assets.helloaddress.com/ui/images/property-no-image-small-cf.jpg
Residential House/Villa for Rent,Mundakkal,Kollam,Kollam,20 k - 25 k ,5,P785501,3000 Sq-ft,Single,https://assets.helloaddress.com/ui/images/property-no-image-small-rh.jpg
Commercial Building for Rent,Kottarakkara,Kottarakkara,Kollam,1 Lac - 5 Lac ,5,P782448,12000 Sq-ft,Single,https://assets.helloaddress.com/ui/images/property-no-image-small-cb.jpg
Commercial Land for Rent,Sooranad,Kunnathur,Kollam,20 k - 25 k ,5,P782063,60 Cent,Single,https://assets.helloaddress.com/ui/images/property-no-image-small-cl.jpg
Commercial Building for Rent,in Anchal,Anchal,Kollam,Not Provided ,5,P778409,2000 Sq-ft,Single,https://assets.helloaddress.com/ui/images/property-no-image-small-cb.jpg
Commercial Building for Rent,Ayathil,Kollam,Kollam,Not Provided ,5,P777597,9000 Sq-m,Single,https://assets.helloaddress.com/ui/images/property-no-image-small-cb.jpg
Commercial Building for Rent,Chengamanad,Kottarakkara,Kollam,Not Provided ,5,P775880,4000 Sq-ft,Single,https://assets.helloaddress.com/ui/images/property-no-image-small-cb.jpg
Residential House/Villa for Rent,Kannanalloor,Kollam,Kollam,Not Provided ,3,P775719,1000 Sq-ft,Single,https://assets.helloaddress.com/ui/images/property-no-image-small-rh.jpg
Commercial Shop for Rent,Chinnakkada,Kollam,Kollam,Not Provided ,3,P775246,1500 Sq-ft,Single,https://assets.helloaddress.com/ui/images/property-no-image-small-cs.jpg
Commercial Office for Rent,Pattazhy,Pathanapuram,Kollam,Not Provided ,3,12486591,6000 Sq-ft,Single,https://assets.helloaddress.com/ui/images/property-no-image-small-cf.jpg
Residential House/Villa for Rent,in Chinnakkada,Kollam,Kollam,5 k - 10 k ,3,12478863,1800 Sq-ft,Single,https://assets.helloaddress.com/ui/images/property-no-image-small-rh.jpg
Commercial Shop for Rent,Piravanthoor,Pathanapuram,Kollam,5 k - 10 k ,3,P774076,300 Sq-ft,Single,https://assets.helloaddress.com/ui/images/property-no-image-small-cs.jpg
Residential House/Villa for Rent,Piravanthoor,Pathanapuram,Kollam,5 k - 10 k ,3,P774068,1250 Sq-ft,Single,https://assets.helloaddress.com/ui/images/property-no-image-small-rh.jpg
Residential Apartment for Rent,Ramankulangara,Kollam,Kollam,5 k - 10 k ,2,P774067,1200 Sq-ft,Single,https://assets.helloaddress.com/ui/images/property-no-image-small-ra.jpg
Residential House/Villa for Rent,Asramam,Kollam,Kollam,5 k - 10 k ,2,P773845,9000 Sq-ft,Single,https://assets.helloaddress.com/ui/images/property-no-image-small-rh.jpg
Residential House/Villa for Rent,Kollam town,Kollam,Kollam,Not Provided ,3,12464990,2000 Sq-ft,Single,https://assets.helloaddress.com/ui/images/property-no-image-small-rh.jpg
Residential House/Villa for Rent,Kottarakkara,Kottarakkara,Kollam,Not Provided ,2,12465541,1800 Sq-ft,Single,https://assets.helloaddress.com/ui/images/property-no-image-small-rh.jpg
Commercial Shop for Rent,Kollam town,Kollam,Kollam,Not Provided ,2,12461704,2100 Sq-ft,Single,https://assets.helloaddress.com/ui/images/property-no-image-small-cs.jpg
Residential House/Villa for Rent,Karicode ,Kollam,Kollam,5 k - 10 k ,3,12465726,1650 Sq-ft,Single,https://assets.helloaddress.com/ui/images/property-no-image-small-rh.jpg
Commercial Shop for Rent,Kottiyam,Kollam,Kollam,Not Provided ,3,12467221,200 Sq-ft,Single,https://assets.helloaddress.com/ui/images/property-no-image-small-cs.jpg
Residential House/Villa for Rent,Karicode ,Kollam,Kollam,10 k - 15 k ,4,12465240,2000 Sq-ft,Single,https://assets.helloaddress.com/ui/images/property-no-image-small-rh.jpg
Commercial Land for Rent,Vallikeezhu,Kollam,Kollam,25 k - 30 k ,4,12464965,30 Cent,Single,https://assets.helloaddress.com/ui/images/property-no-image-small-cl.jpg
Commercial Shop for Rent,Kottarakkara,Kottarakkara,Kollam,5 k - 10 k ,4,12456334,800 Sq-ft,Single,https://assets.helloaddress.com/ui/images/property-no-image-small-cs.jpg
Commercial Shop for Rent,Chinnakkada,Kollam,Kollam,1 Lac - 5 Lac ,4,P772467,2000 Sq-ft,Single,https://assets.helloaddress.com/ui/images/property-no-image-small-cs.jpg
Residential House/Villa for Rent,Valakam,Kottarakkara,Kollam,5 k - 10 k ,2,P772290,2500 Sq-ft,Single,https://assets.helloaddress.com/ui/images/property-no-image-small-rh.jpg
Commercial Building for Rent,in Randamkutty,Kollam,Kollam,Not Provided ,2,12458683,4000 Sq-ft,Single,https://assets.helloaddress.com/ui/images/property-no-image-small-cb.jpg
Residential House/Villa for Rent,Agasthicode,Anchal,Kollam,5 k - 10 k ,2,12451973,1200 Sq-ft,Single,https://assets.helloaddress.com/ui/images/property-no-image-small-rh.jpg
Commercial Shop for Rent,Kottarakkara,Kottarakkara,Kollam,Not Provided ,2,12450593,200 Sq-ft,Single,https://assets.helloaddress.com/ui/images/property-no-image-small-cs.jpg
Commercial Building for Rent,in Karunagapally town,Karunagapally,Kollam,50 k - 55 k ,2,12450798,2000 Sq-ft,Single,https://assets.helloaddress.com/ui/images/property-no-image-small-cb.jpg
Commercial Building for Rent,Kottarakkara,Kottarakkara,Kollam,Not Provided ,2,P771719,9500 Sq-ft,Single,https://assets.helloaddress.com/ui/images/property-no-image-small-cb.jpg
Residential House/Villa for Rent,Kollam town,Kollam,Kollam,Not Provided ,2,12449554,1500 Sq-ft,Single,https://assets.helloaddress.com/ui/images/property-no-image-small-rh.jpg
Commercial Shop for Rent,Chinnakkada,Kollam,Kollam,Not Provided ,2,12444826,220 Sq-ft,Single,https://assets.helloaddress.com/ui/images/property-no-image-small-cs.jpg
Residential House/Villa for Rent,Chandanathope,Kollam,Kollam,10 k - 15 k ,4,12450746,2000 Sq-ft,Single,https://assets.helloaddress.com/ui/images/property-no-image-small-rh.jpg
Residential House/Villa for Rent,in Asramam,Kollam,Kollam,Not Provided ,4,12450707,1400 Sq-ft,Single,https://assets.helloaddress.com/ui/images/property-no-image-small-rh.jpg
വാസയോഗ്യമായ വീട്‌ / ഉല്ലാസഭവനം വാടകയ്ക്ക്,Kollam town,Kollam,Kollam,5 k - 10 k ,2,P770515,850 Sq-ft,Single,https://assets.helloaddress.com/ui/images/property-no-image-small-rh.jpg
Residential House/Villa for Rent,Parippally Town,Parippally,Kollam,5 k - 10 k ,4,12444488,1500 Sq-ft,Single,https://assets.helloaddress.com/ui/images/property-no-image-small-rh.jpg
Residential House/Villa for Rent,in Mayyanad,Kollam,Kollam,5 k - 10 k ,2,12434259,1200 Sq-ft,Single,https://assets.helloaddress.com/ui/images/property-no-image-small-rh.jpg
Commercial Shop for Rent,West Kallada,Karunagapally,Kollam,Not Provided ,2,12439120,2300 Sq-ft,Single,https://assets.helloaddress.com/ui/images/property-no-image-small-cs.jpg
Commercial Building for Rent,Kottarakkara,Kottarakkara,Kollam,Not Provided ,2,12437113,4500 Sq-ft,Single,https://assets.helloaddress.com/ui/images/property-no-image-small-cb.jpg
Commercial Building for Rent,in Kollam town,Kollam,Kollam,Not Provided ,2,12430124,5700 Sq-ft,Single,https://assets.helloaddress.com/ui/images/property-no-image-small-cb.jpg
Residential House/Villa for Rent,Kollam town,Kollam,Kollam,5 k - 10 k ,2,12435992,1000 Sq-ft,Single,https://assets.helloaddress.com/ui/images/property-no-image-small-rh.jpg
Commercial Building for Rent,Moonamkutty,Kollam,Kollam,60 k - 65 k ,2,12429629,6000 Sq-ft,Single,https://assets.helloaddress.com/ui/images/property-no-image-small-cb.jpg
Residential House/Villa for Rent,Kollam town,Kollam,Kollam,20 k - 25 k ,3,12400170,3000 Sq-ft,Single,https://assets.helloaddress.com/ui/images/property-no-image-small-rh.jpg
Residential House/Villa for Rent,Kollam town,Kollam,Kollam,10 k - 15 k ,2,12428920,900 Sq-ft,Joint,https://assets.helloaddress.com/ui/images/property-no-image-small-rh.jpg
Commercial Building for Rent,Chavara,Karunagapally,Kollam,Not Provided ,2,12426877,4000 Sq-ft,Single,https://assets.helloaddress.com/ui/images/property-no-image-small-cb.jpg
Residential House/Villa for Rent,Ayathil,Kollam,Kollam,Not Provided ,3,12428344,1200 Sq-ft,Single,https://assets.helloaddress.com/ui/images/property-no-image-small-rh.jpg
Commercial Land for Rent,in Randamkutty,Kollam,Kollam,Not Provided ,3,12421117,65 Cent,Single,https://assets.helloaddress.com/ui/images/property-no-image-small-cl.jpg
Residential House/Villa for Rent,Karicode ,Kollam,Kollam,Not Provided ,1,12416409,650 Sq-ft,Single,https://assets.helloaddress.com/ui/images/property-no-image-small-rh.jpg
Residential House/Villa for Rent,Kollam town,Kollam,Kollam,10 k - 15 k ,4,12414508,2500 Sq-ft,Single,https://assets.helloaddress.com/ui/images/property-no-image-small-rh.jpg
Residential House/Villa for Rent,in Thevally,Kollam,Kollam,10 k - 15 k ,2,P766830,1500 Sq-ft,Single,https://assets.helloaddress.com/ui/images/property-no-image-small-rh.jpg
Residential House/Villa for Rent,Kollam town,Kollam,Kollam,10 k - 15 k ,2,12415911,1800 Sq-ft,Single,https://assets.helloaddress.com/ui/images/property-no-image-small-rh.jpg
Commercial Shop for Rent,in Pulamon ,Kottarakkara,Kollam,5 k - 10 k ,2,12405685,1200 Sq-ft,Single,https://assets.helloaddress.com/ui/images/property-no-image-small-cs.jpg
Residential House/Villa for Rent,Kollam town,Kollam,Kollam,10 k - 15 k ,3,12405891,2400 Sq-ft,Single,https://assets.helloaddress.com/ui/images/property-no-image-small-rh.jpg
Commercial Building for Rent,in Anchalummoodu,Kollam,Kollam,Not Provided ,3,12409228,600 Sq-ft,Single,https://assets.helloaddress.com/ui/images/property-no-image-small-cb.jpg
Commercial Building for Rent,Sasthamkotta,Kunnathur,Kollam,Not Provided ,3,12399703,3000 Sq-ft,Single,https://assets.helloaddress.com/ui/images/property-no-image-small-cb.jpg
Residential House/Villa for Rent,Parippally Town,Parippally,Kollam,5 k - 10 k ,2,12399011,1000 Sq-ft,Single,https://assets.helloaddress.com/ui/images/property-no-image-small-rh.jpg
Residential House/Villa for Rent,Madan Nada,Kollam,Kollam,5 k - 10 k ,2,12399840,1200 Sq-ft,Single,https://assets.helloaddress.com/ui/images/property-no-image-small-rh.jpg
Commercial Building for Rent,in Kottarakkara,Kottarakkara,Kollam,Not Provided ,2,12395570,2400 Sq-ft,Single,https://assets.helloaddress.com/ui/images/property-no-image-small-cb.jpg
Residential House/Villa for Rent,in Randamkutty,Kollam,Kollam,10 k - 15 k ,2,12398033,1000 Sq-ft,Single,https://assets.helloaddress.com/ui/images/property-no-image-small-rh.jpg
Commercial Building for Rent,in Punalur,Punalur,Kollam,Not Provided ,2,12383186,13000 Sq-ft,Single,https://assets.helloaddress.com/ui/images/property-no-image-small-cb.jpg
Residential Apartment for Rent,in Kadappakkada,Kollam,Kollam,10 k - 15 k ,3,12385731,1300 Sq-ft,Single,https://assets.helloaddress.com/ui/images/property-no-image-small-ra.jpg
Residential Apartment for Rent,Kadappakkada,Kollam,Kollam,10 k - 15 k ,3,12390972,1300 Sq-ft,Single,https://assets.helloaddress.com/ui/images/property-no-image-small-ra.jpg
Residential House/Villa for Rent,in Kollam town,Kollam,Kollam,Not Provided ,2,12385303,800 Sq-ft,Single,https://assets.helloaddress.com/ui/images/property-no-image-small-rh.jpg
Commercial Building for Rent,in Moonamkutty,Kollam,Kollam,75 k - 80 k ,2,12392478,6000 Sq-ft,Single,https://assets.helloaddress.com/ui/images/property-no-image-small-cb.jpg
Residential House/Villa for Rent,in Mundakkal,Kollam,Kollam,15 k - 20 k ,4,12390357,2500 Sq-ft,Single,https://assets.helloaddress.com/ui/images/property-no-image-small-rh.jpg
Commercial Building for Rent,in Ashtamudi,Kollam,Kollam,Not Provided ,4,12391308,1200 Sq-ft,Single,https://assets.helloaddress.com/ui/images/property-no-image-small-cb.jpg
Commercial Office for Rent,Kollam town,Kollam,Kollam,Not Provided ,4,12390691,1000 Sq-ft,Single,https://assets.helloaddress.com/ui/images/property-no-image-small-cf.jpg
Commercial Building for Rent,Kundara,Kollam,Kollam,Not Provided ,4,12375569,2250 Sq-ft,Single,https://assets.helloaddress.com/ui/images/property-no-image-small-cb.jpg
Residential House/Villa for Rent,in Asramam,Kollam,Kollam,Not Provided ,2,12375923,1000 Sq-ft,Single,https://assets.helloaddress.com/ui/images/property-no-image-small-rh.jpg
Commercial Building for Rent,in Moonamkutty,Kollam,Kollam,Not Provided ,2,12383694,6000 Sq-ft,Single,https://assets.helloaddress.com/ui/images/property-no-image-small-cb.jpg
Residential House/Villa for Rent,in Kavanadu,Kollam,Kollam,15 k - 20 k ,4,P761857,2500 Sq-ft,Single,https://assets.helloaddress.com/ui/images/property-no-image-small-rh.jpg
Commercial Building for Rent,Ayathil,Kollam,Kollam,1 Lac - 5 Lac ,4,P761571,12800 Sq-ft,Single,https://assets.helloaddress.com/ui/images/property-no-image-small-cb.jpg
Commercial Land for Rent,Kollam town,Kollam,Kollam,Not Provided ,4,12365848,28 Cent,Single,https://assets.helloaddress.com/ui/images/property-no-image-small-cl.jpg
Commercial Office for Rent,Kollam town,Kollam,Kollam,Not Provided ,4,12374244,1000 Sq-ft,Single,https://assets.helloaddress.com/ui/images/property-no-image-small-cf.jpg
Residential House/Villa for Rent,Ramankulangara,Kollam,Kollam,5 k - 10 k ,2,12368753,1300 Sq-ft,Single,https://assets.helloaddress.com/ui/images/property-no-image-small-rh.jpg
Residential House/Villa for Rent,Kundara,Kollam,Kollam,1 k - 5 k ,2,12360353,700 Sq-ft,Single,https://assets.helloaddress.com/ui/images/property-no-image-small-rh.jpg
Residential House/Villa for Rent,Kureepuzha,Kollam,Kollam,10 k - 15 k ,2,12360661,950 Sq-ft,Single,https://assets.helloaddress.com/ui/images/property-no-image-small-rh.jpg
Commercial Office for Rent,in Kundara,Kollam,Kollam,Not Provided ,2,12359736,1500 Sq-ft,Single,https://assets.helloaddress.com/ui/images/property-no-image-small-cf.jpg
Commercial Shop for Rent,Uliyakovil,Kollam,Kollam,Not Provided ,2,12359853,500 Sq-ft,Single,https://assets.helloaddress.com/ui/images/property-no-image-small-cs.jpg
Commercial Shop for Rent,in Kadappakkada,Kollam,Kollam,5 k - 10 k ,2,P759157,500 Sq-ft,Single,https://assets.helloaddress.com/ui/images/property-no-image-small-cs.jpg
Residential House/Villa for Rent,Uliyakovil,Kollam,Kollam,5 k - 10 k ,2,12350468,1000 Sq-ft,Single,https://assets.helloaddress.com/ui/images/property-no-image-small-rh.jpg
Residential Apartment for Rent,Kollam town,Kollam,Kollam,5 k - 10 k ,3,123504781,1500 Sq-ft,Single,https://assets.helloaddress.com/ui/images/property-no-image-small-ra.jpg
Residential Apartment for Rent,Kollam town,Kollam,Kollam,5 k - 10 k ,2,12350478,1000 Sq-ft,Single,https://assets.helloaddress.com/ui/images/property-no-image-small-ra.jpg
Residential House/Villa for Rent,Kollam town,Kollam,Kollam,10 k - 15 k ,3,12352355,2000 Sq-ft,Single,https://assets.helloaddress.com/ui/images/property-no-image-small-rh.jpg
Residential House/Villa for Rent,Kollam town,Kollam,Kollam,5 k - 10 k ,3,123523551,1500 Sq-ft,Single,https://assets.helloaddress.com/ui/images/property-no-image-small-rh.jpg
Residential House/Villa for Rent,Kollam town,Kollam,Kollam,10 k - 15 k ,2,12344553,1100 Sq-ft,Single,https://assets.helloaddress.com/ui/images/property-no-image-small-rh.jpg
Commercial Land for Rent,in Parippally Town,Parippally,Kollam,Not Provided ,2,12344494,20 Cent,Single,https://assets.helloaddress.com/ui/images/property-no-image-small-cl.jpg
Residential Apartment for Rent,Mundakkal,Kollam,Kollam,15 k - 20 k ,2,12345419,1250 Sq-ft,Single,https://assets.helloaddress.com/ui/images/property-no-image-small-ra.jpg
Residential House/Villa for Rent,Kottiyam,Kollam,Kollam,5 k - 10 k ,3,12344260,1300 Sq-ft,Single,https://assets.helloaddress.com/ui/images/property-no-image-small-rh.jpg
Commercial Building for Rent,Randamkutty,Kollam,Kollam,Not Provided ,3,12344443,8600 Sq-ft,Single,https://assets.helloaddress.com/ui/images/property-no-image-small-cb.jpg
Residential House/Villa for Rent,in Kavanadu,Kollam,Kollam,10 k - 15 k ,2,12348432,900 Sq-ft,Single,https://assets.helloaddress.com/ui/images/property-no-image-small-rh.jpg
Residential House/Villa for Rent,in Adinad,Karunagapally,Kollam,5 k - 10 k ,3,P756036,1850 Sq-ft,Single,https://assets.helloaddress.com/ui/images/property-no-image-small-rh.jpg
Residential House/Villa for Rent,Uliyakovil,Kollam,Kollam,5 k - 10 k ,2,12337714,1000 Sq-ft,Single,https://assets.helloaddress.com/ui/images/property-no-image-small-rh.jpg
Residential House/Villa for Rent,Ramankulangara,Kollam,Kollam,5 k - 10 k ,2,12336905,1250 Sq-ft,Single,https://assets.helloaddress.com/ui/images/property-no-image-small-rh.jpg
Commercial Building for Rent,in Kavanadu,Kollam,Kollam,85 k - 90 k ,2,12334062,1800 Sq-ft,Single,https://assets.helloaddress.com/ui/images/property-no-image-small-cb.jpg
Residential House/Villa for Rent,Kottarakkara,Kottarakkara,Kollam,10 k - 15 k ,5,12336041,2500 Sq-ft,Single,https://assets.helloaddress.com/ui/images/property-no-image-small-rh.jpg
Residential House/Villa for Rent,Polayathodu,Kollam,Kollam,Not Provided ,2,12335049,800 Sq-ft,Single,https://assets.helloaddress.com/ui/images/property-no-image-small-rh.jpg
Commercial Building for Rent,in Ayathil,Kollam,Kollam,Not Provided ,2,P754336,2500 Sq-ft,Single,https://assets.helloaddress.com/ui/images/property-no-image-small-cb.jpg
Residential House/Villa for Rent,Kollam town,Kollam,Kollam,Not Provided ,2,12337817,800 Sq-ft,Single,https://assets.helloaddress.com/ui/images/property-no-image-small-rh.jpg
Commercial Building for Rent,Kollam town,Kollam,Kollam,Not Provided ,2,12330259,2000 Sq-ft,Single,https://assets.helloaddress.com/ui/images/property-no-image-small-cb.jpg
Commercial Shop for Rent,in Kavanadu,Kollam,Kollam,10 k - 15 k ,2,P754434,1000 Sq-ft,Single,https://assets.helloaddress.com/ui/images/property-no-image-small-cs.jpg
Residential House/Villa for Rent,Kundara,Kollam,Kollam,10 k - 15 k ,4,12314670,2600 Sq-ft,Single,https://assets.helloaddress.com/ui/images/property-no-image-small-rh.jpg
Commercial Building for Rent,Kollam town,Kollam,Kollam,Not Provided ,4,P753255,8800 Sq-ft,Single,https://assets.helloaddress.com/ui/images/property-no-image-small-cb.jpg
Residential House/Villa for Rent,Asramam,Kollam,Kollam,10 k - 15 k ,2,P753236,1000 Sq-ft,Single,https://assets.helloaddress.com/ui/images/property-no-image-small-rh.jpg
Commercial Office for Rent,Kadappakkada,Kollam,Kollam,Not Provided ,2,12321072,1300 Sq-ft,Single,https://assets.helloaddress.com/ui/images/property-no-image-small-cf.jpg
Commercial Building for Rent,in Kollam town,Kollam,Kollam,20 k - 25 k ,2,12321796,1200 Sq-ft,Single,https://assets.helloaddress.com/ui/images/property-no-image-small-cb.jpg
Commercial Office for Rent,in Polayathodu,Kollam,Kollam,1 Lac - 5 Lac ,2,P752942,6000 Sq-ft,Single,https://assets.helloaddress.com/ui/images/property-no-image-small-cf.jpg
Residential House/Villa for Rent,in Kavanadu,Kollam,Kollam,5 k - 10 k ,2,12322178,1000 Sq-ft,Single,https://assets.helloaddress.com/ui/images/property-no-image-small-rh.jpg
Commercial Shop for Rent,Kollam town,Kollam,Kollam,Not Provided ,2,12324079,1500 Sq-ft,Single,https://assets.helloaddress.com/ui/images/property-no-image-small-cs.jpg
Residential House/Villa for Rent,Kavanadu,Kollam,Kollam,10 k - 15 k ,3,P661171,1500 Sq-ft,Joint,https://assets.helloaddress.com/ui/images/property-no-image-small-rh.jpg
Residential Apartment for Rent,in Mundakkal,Kollam,Kollam,Not Provided ,2,P752188,1250 Sq-ft,Single,https://assets.helloaddress.com/ui/images/property-no-image-small-ra.jpg
Residential Apartment for Rent,Pathanapuram,Pathanapuram,Kollam,5 k - 10 k ,2,P751989,750 Sq-ft,Single,https://assets.helloaddress.com/ui/images/property-no-image-small-ra.jpg
Commercial Building for Rent,Pathanapuram,Pathanapuram,Kollam,Not Provided ,2,P751306,8000 Sq-ft,Single,https://assets.helloaddress.com/ui/images/property-no-image-small-cb.jpg
Residential House/Villa for Rent,Umayanalloor,Kollam,Kollam,5 k - 10 k ,3,12307802,1800 Sq-ft,Single,https://assets.helloaddress.com/ui/images/property-no-image-small-rh.jpg
Commercial Office for Rent,Kundara,Kollam,Kollam,Not Provided ,3,12288155,1400 Sq-ft,Single,https://assets.helloaddress.com/ui/images/property-no-image-small-cf.jpg
Residential House/Villa for Rent,in Asramam,Kollam,Kollam,10 k - 15 k ,3,12288167,1800 Sq-ft,Single,https://assets.helloaddress.com/ui/images/property-no-image-small-rh.jpg
Commercial Office for Rent,Ramankulangara,Kollam,Kollam,Not Provided ,3,12288751,6000 Sq-ft,Single,https://assets.helloaddress.com/ui/images/property-no-image-small-cf.jpg
Commercial Building for Rent,Kollam town,Kollam,Kollam,Not Provided ,3,12290514,4800 Sq-ft,Single,https://assets.helloaddress.com/ui/images/property-no-image-small-cb.jpg
Residential House/Villa for Rent,in Ayanivelikulangara,Karunagapally,Kollam,5 k - 10 k ,2,P750134,800 Sq-ft,Single,https://assets.helloaddress.com/ui/images/property-no-image-small-rh.jpg
Commercial Building for Rent,Chinnakkada,Kollam,Kollam,Not Provided ,2,P748830,10000 Sq-ft,Joint,https://assets.helloaddress.com/ui/images/property-no-image-small-cb.jpg
Commercial Office for Rent,in Anchalummoodu,Kollam,Kollam,Not Provided ,2,12266581,750 Sq-ft,Single,https://assets.helloaddress.com/ui/images/property-no-image-small-cf.jpg
Residential House/Villa for Rent,Karicode ,Kollam,Kollam,20 k - 25 k ,4,P748667,3000 Sq-ft,Single,https://assets.helloaddress.com/ui/images/property-no-image-small-rh.jpg
Commercial Shop for Rent,Pathanapuram,Pathanapuram,Kollam,5 k - 10 k ,4,P748572,400 Sq-ft,Single,https://assets.helloaddress.com/ui/images/property-no-image-small-cs.jpg
Residential House/Villa for Rent,in Asramam,Kollam,Kollam,10 k - 15 k ,3,12268075,1800 Sq-ft,Single,https://assets.helloaddress.com/ui/images/property-no-image-small-rh.jpg
Commercial Building for Rent,Neduvathoor,Kottarakkara,Kollam,Not Provided ,3,P746973,10000 Sq-ft,Single,https://assets.helloaddress.com/ui/images/property-no-image-small-cb.jpg
Residential Apartment for Rent,Lekshmi Nada,Kollam,Kollam,10 k - 15 k ,2,P746508,750 Sq-ft,Single,https://assets.helloaddress.com/ui/images/property-no-image-small-ra.jpg
Commercial Shop for Rent,Lekshmi Nada,Kollam,Kollam,15 k - 20 k ,2,P746372,750 Sq-ft,Single,https://assets.helloaddress.com/ui/images/property-no-image-small-cs.jpg
Residential House/Villa for Rent,Asramam,Kollam,Kollam,10 k - 15 k ,2,12266911,1200 Sq-ft,Single,https://assets.helloaddress.com/ui/images/property-no-image-small-rh.jpg
Commercial Office for Rent,Kollam town,Kollam,Kollam,Not Provided ,2,12259342,1700 Sq-ft,Single,https://assets.helloaddress.com/ui/images/property-no-image-small-cf.jpg
Residential House/Villa for Rent,in Kadavoor,Kollam,Kollam,5 k - 10 k ,2,P744759,1000 Sq-ft,Single,https://assets.helloaddress.com/ui/images/property-no-image-small-rh.jpg
Commercial Building for Rent,Kottarakkara,Kottarakkara,Kollam,1 Lac - 5 Lac ,2,P743393,18000 Sq-ft,Single,https://assets.helloaddress.com/ui/images/property-no-image-small-cb.jpg
Commercial Office for Rent,in Chakkuvally ,Karunagapally,Kollam,Not Provided ,2,12231143,2000 Sq-ft,Single,https://assets.helloaddress.com/ui/images/property-no-image-small-cf.jpg
Residential House/Villa for Rent,Thevally,Kollam,Kollam,5 k - 10 k ,2,12219188,2000 Sq-ft,Single,https://assets.helloaddress.com/ui/images/property-no-image-small-rh.jpg
Commercial Shop for Rent,in Paravur,Paravur,Kollam,1 k - 5 k ,2,12228454,1000 Sq-ft,Single,https://assets.helloaddress.com/ui/images/property-no-image-small-cs.jpg
Commercial Office for Rent,in Collectorate,Kollam,Kollam,Not Provided ,2,12220023,1800 Sq-ft,Single,https://assets.helloaddress.com/ui/images/property-no-image-small-cf.jpg
Commercial Office for Rent,Mundakkal,Kollam,Kollam,Not Provided ,2,12227963,8000 Sq-ft,Single,https://assets.helloaddress.com/ui/images/property-no-image-small-cf.jpg
Residential House/Villa for Rent,Asramam,Kollam,Kollam,10 k - 15 k ,2,12226646,1200 Sq-ft,Single,https://assets.helloaddress.com/ui/images/property-no-image-small-rh.jpg
Residential House/Villa for Rent,in Oachira,Karunagapally,Kollam,5 k - 10 k ,2,12205889,1000 Sq-ft,Single,https://assets.helloaddress.com/ui/images/property-no-image-small-rh.jpg
Commercial Office for Rent,Kadappakkada,Kollam,Kollam,Not Provided ,2,P739268,1200 Sq-ft,Single,https://assets.helloaddress.com/ui/images/property-no-image-small-cf.jpg
Commercial Shop for Rent,Punalur,Punalur,Kollam,1 k - 5 k ,2,12201020,1300 Sq-ft,Single,https://assets.helloaddress.com/ui/images/property-no-image-small-cs.jpg
Commercial Office for Rent,Chinnakkada,Kollam,Kollam,70 k - 75 k ,2,P738715,2750 Sq-ft,Single,https://assets.helloaddress.com/ui/images/property-no-image-small-cf.jpg
Commercial Shop for Rent,Chandanathope,Kollam,Kollam,Not Provided ,2,P738488,400 Sq-ft,Single,https://assets.helloaddress.com/ui/images/property-no-image-small-cs.jpg
Residential House/Villa for Rent,Polayathodu,Kollam,Kollam,5 k - 10 k ,3,12192307,1600 Sq-ft,Single,https://assets.helloaddress.com/ui/images/property-no-image-small-rh.jpg
Commercial Office for Rent,in Kadappakkada,Kollam,Kollam,10 k - 15 k ,3,12189843,850 Sq-ft,Single,https://assets.helloaddress.com/ui/images/property-no-image-small-cf.jpg
Residential Apartment for Rent,Kollam town,Kollam,Kollam,5 k - 10 k ,2,12188026,1000 Sq-ft,Single,https://assets.helloaddress.com/ui/images/property-no-image-small-ra.jpg
Commercial Building for Rent,in Kollam town,Kollam,Kollam,Not Provided ,2,12188642,4200 Sq-ft,Single,https://assets.helloaddress.com/ui/images/property-no-image-small-cb.jpg
Residential House/Villa for Rent,Mangad,Kollam,Kollam,5 k - 10 k ,2,P737146,1200 Sq-ft,Single,https://assets.helloaddress.com/ui/images/property-no-image-small-rh.jpg
Commercial Office for Rent,Asramam,Kollam,Kollam,25 k - 30 k ,2,P737114,2000 Sq-ft,Joint,https://assets.helloaddress.com/ui/images/property-no-image-small-cf.jpg
Commercial Other for Rent,in Kottamkara,Kollam,Kollam,Not Provided ,2,P736913,23000 Sq-ft,Single,https://assets.helloaddress.com/ui/images/property-no-image-small-co.jpg
വാസയോഗ്യമായ വീട്‌ / ഉല്ലാസഭവനം വാടകയ്ക്ക്,Nilamel,Kottarakkara,Kollam,Not Provided ,3,P736719,1400 Sq-ft,Single,https://assets.helloaddress.com/ui/images/property-no-image-small-rh.jpg
Residential Apartment for Rent,Madan Nada,Kollam,Kollam,5 k - 10 k ,2,12163856,1000 Sq-ft,Single,https://assets.helloaddress.com/ui/images/property-no-image-small-ra.jpg
Commercial Office for Rent,Punalur,Punalur,Kollam,Not Provided ,2,12175523,7000 Sq-ft,Single,https://assets.helloaddress.com/ui/images/property-no-image-small-cf.jpg
Commercial Office for Rent,Chinnakkada,Kollam,Kollam,Not Provided ,2,12176223,10000 Sq-ft,Single,https://assets.helloaddress.com/ui/images/property-no-image-small-cf.jpg
Residential House/Villa for Rent,in Thrikkannamangal,Kottarakkara,Kollam,5 k - 10 k ,3,12180327,1000 Sq-ft,Single,https://assets.helloaddress.com/ui/images/property-no-image-small-rh.jpg
Commercial Building for Rent,in Mundakkal,Kollam,Kollam,Not Provided ,3,12167880,2200 Sq-ft,Single,https://assets.helloaddress.com/ui/images/property-no-image-small-cb.jpg
Residential House/Villa for Rent,Thangassery,Kollam,Kollam,5 k - 10 k ,2,12172574,1000 Sq-ft,Single,https://assets.helloaddress.com/ui/images/property-no-image-small-rh.jpg
Commercial Office for Rent,Chinnakkada,Kollam,Kollam,5 k - 10 k ,2,12172161,900 Sq-ft,Single,https://assets.helloaddress.com/ui/images/property-no-image-small-cf.jpg
Commercial Office for Rent,Kundara,Kollam,Kollam,Not Provided ,2,12174852,1200 Sq-ft,Single,https://assets.helloaddress.com/ui/images/property-no-image-small-cf.jpg
Residential House/Villa for Rent,Polayathodu,Kollam,Kollam,5 k - 10 k ,2,121662741,1600 Sq-ft,Single,https://assets.helloaddress.com/ui/images/property-no-image-small-rh.jpg
Residential House/Villa for Rent,Polayathodu,Kollam,Kollam,5 k - 10 k ,3,12166274,1600 Sq-ft,Single,https://assets.helloaddress.com/ui/images/property-no-image-small-rh.jpg
Commercial Building for Rent,Kollam town,Kollam,Kollam,Not Provided ,3,12156911,9000 Sq-ft,Single,https://assets.helloaddress.com/ui/images/property-no-image-small-cb.jpg
Commercial Land for Rent,in Ayoor,Anchal,Kollam,10 k - 15 k ,3,12154991,10 Cent,Single,https://assets.helloaddress.com/ui/images/property-no-image-small-cl.jpg
Residential House/Villa for Rent,in Kollam town,Kollam,Kollam,10 k - 15 k ,2,12160828,2500 Sq-ft,Single,https://assets.helloaddress.com/ui/images/property-no-image-small-rh.jpg
Residential House/Villa for Rent,Polayathodu,Kollam,Kollam,5 k - 10 k ,3,12149152,1600 Sq-ft,Single,https://assets.helloaddress.com/ui/images/property-no-image-small-rh.jpg
Commercial Building for Rent,Kottarakkara,Kottarakkara,Kollam,Not Provided ,3,12147504,20000 Sq-ft,Single,https://assets.helloaddress.com/ui/images/property-no-image-small-cb.jpg
Residential House/Villa for Rent,Karicode ,Kollam,Kollam,1 k - 5 k ,1,12148226,650 Sq-ft,Single,https://assets.helloaddress.com/ui/images/property-no-image-small-rh.jpg
Residential Apartment for Rent,Thevally,Kollam,Kollam,5 k - 10 k ,2,12145521,1000 Sq-ft,Single,https://assets.helloaddress.com/ui/images/property-no-image-small-ra.jpg
Residential House/Villa for Rent,in Chanthamukku,Kottarakkara,Kollam,Not Provided ,2,P732558,1150 Sq-ft,Single,https://assets.helloaddress.com/ui/images/property-no-image-small-rh.jpg
Residential Apartment for Rent,Thevally,Kollam,Kollam,5 k - 10 k ,2,12144395,1000 Sq-ft,Single,https://assets.helloaddress.com/ui/images/property-no-image-small-ra.jpg
Residential House/Villa for Rent,in Killoor,Kottarakkara,Kollam,5 k - 10 k ,6,12142291,2200 Sq-ft,Single,https://assets.helloaddress.com/ui/images/property-no-image-small-rh.jpg
Commercial Building for Rent,in Edappalli kotta,Karunagapally,Kollam,Not Provided ,6,12128525,4000 Sq-ft,Single,https://assets.helloaddress.com/ui/images/property-no-image-small-cb.jpg
Residential House/Villa for Rent,Mayyanad,Kollam,Kollam,5 k - 10 k ,1,12137256,900 Sq-ft,Single,https://assets.helloaddress.com/ui/images/property-no-image-small-rh.jpg
Residential House/Villa for Rent,Karicode ,Kollam,Kollam,5 k - 10 k ,2,12138060,1350 Sq-ft,Single,https://assets.helloaddress.com/ui/images/property-no-image-small-rh.jpg
Commercial Office for Rent,East Kallada,Karunagapally,Kollam,5 k - 10 k ,2,P730892,2000 Sq-ft,Single,https://assets.helloaddress.com/ui/images/property-no-image-small-cf.jpg
Residential Apartment for Rent,Chinnakkada,Kollam,Kollam,15 k - 20 k ,2,12128177,1200 Sq-ft,Single,https://assets.helloaddress.com/ui/images/property-no-image-small-ra.jpg
Residential House/Villa for Rent,Pallimukku,Kollam,Kollam,70 k - 75 k ,2,12133618,1000 Sq-ft,Single,https://assets.helloaddress.com/ui/images/property-no-image-small-rh.jpg
Residential House/Villa for Rent,Asramam,Kollam,Kollam,15 k - 20 k ,2,P729989,1100 Sq-ft,Single,https://assets.helloaddress.com/ui/images/property-no-image-small-rh.jpg
Commercial Building for Rent,in Polayathodu,Kollam,Kollam,1 Lac - 5 Lac ,2,12121760,3500 Sq-ft,Single,https://assets.helloaddress.com/ui/images/property-no-image-small-cb.jpg
Commercial Office for Rent,in Randamkutty,Kollam,Kollam,1 k - 5 k ,2,12121951,400 Sq-ft,Single,https://assets.helloaddress.com/ui/images/property-no-image-small-cf.jpg
Residential House/Villa for Rent,in Chinnakkada,Kollam,Kollam,5 k - 10 k ,2,12122216,1100 Sq-ft,Single,https://assets.helloaddress.com/ui/images/property-no-image-small-rh.jpg
Commercial Building for Rent,in Anchal,Anchal,Kollam,Not Provided ,2,12120656,2700 Sq-ft,Single,https://assets.helloaddress.com/ui/images/property-no-image-small-cb.jpg
Industrial Land for Rent,in Kottiyam,Kollam,Kollam,15 k - 20 k ,2,P728972,26 Cent,Joint,https://assets.helloaddress.com/ui/images/property-no-image-small-il.jpg
Industrial Land for Rent,in Kannanalloor,Kollam,Kollam,15 k - 20 k ,2,P728970,85 Cent,Joint,https://assets.helloaddress.com/ui/images/property-no-image-small-il.jpg
Residential House/Villa for Rent,Mulamkadakom,Kollam,Kollam,10 k - 15 k ,2,P728961,3000 Sq-ft,Single,https://assets.helloaddress.com/ui/images/property-no-image-small-rh.jpg
Residential House/Villa for Rent,in Kadappakkada,Kollam,Kollam,Not Provided ,3,12113934,1200 Sq-ft,Single,https://assets.helloaddress.com/ui/images/property-no-image-small-rh.jpg
Commercial Land for Rent,Chandanathope,Kollam,Kollam,35 k - 40 k ,3,P728545,55 Cent,Single,https://assets.helloaddress.com/ui/images/property-no-image-small-cl.jpg
Commercial Shop for Rent,in Kalluvathukkal,Parippally,Kollam,20 k - 25 k ,3,12111511,2500 Sq-ft,Single,https://assets.helloaddress.com/ui/images/property-no-image-small-cs.jpg
Commercial Building for Rent,in Pallimukku,Kollam,Kollam,1 Lac - 5 Lac ,3,12112964,3900 Sq-ft,Single,https://assets.helloaddress.com/ui/images/property-no-image-small-cb.jpg
Residential House/Villa for Rent,in Chinnakkada,Kollam,Kollam,Not Provided ,3,12105732,1250 Sq-ft,Single,https://assets.helloaddress.com/ui/images/property-no-image-small-rh.jpg
Residential House/Villa for Rent,Pallimukku,Kollam,Kollam,5 k - 10 k ,2,P727324,1200 Sq-ft,Single,https://assets.helloaddress.com/ui/images/property-no-image-small-rh.jpg
Residential House/Villa for Rent,Kadappakkada,Kollam,Kollam,5 k - 10 k ,2,12097888,1000 Sq-ft,Single,https://assets.helloaddress.com/ui/images/property-no-image-small-rh.jpg
Commercial Land for Rent,in Kollam town,Kollam,Kollam,Not Provided ,2,12094627,16 Cent,Single,https://assets.helloaddress.com/ui/images/property-no-image-small-cl.jpg
Residential House/Villa for Rent,in Kundara,Kollam,Kollam,5 k - 10 k ,2,12099793,900 Sq-ft,Single,https://assets.helloaddress.com/ui/images/property-no-image-small-rh.jpg
Residential House/Villa for Rent,Kadappakkada,Kollam,Kollam,5 k - 10 k ,2,P726966,1000 Sq-ft,Single,https://assets.helloaddress.com/ui/images/property-no-image-small-rh.jpg
Residential House/Villa for Rent,in Thangassery,Kollam,Kollam,Not Provided ,3,12099274,1000 Sq-ft,Single,https://assets.helloaddress.com/ui/images/property-no-image-small-rh.jpg
Residential House/Villa for Rent,Kollam town,Kollam,Kollam,5 k - 10 k ,2,12101258,1000 Sq-ft,Single,https://assets.helloaddress.com/ui/images/property-no-image-small-rh.jpg
Residential House/Villa for Rent,Ayathil,Kollam,Kollam,10 k - 15 k ,3,P725733,1500 Sq-ft,Single,https://assets.helloaddress.com/ui/images/property-no-image-small-rh.jpg
Residential House/Villa for Rent,Chinnakkada,Kollam,Kollam,10 k - 15 k ,2,12084710,800 Sq-ft,Single,https://assets.helloaddress.com/ui/images/property-no-image-small-rh.jpg
Residential Apartment for Rent,Thevally,Kollam,Kollam,5 k - 10 k ,2,12086594,1000 Sq-ft,Single,https://assets.helloaddress.com/ui/images/property-no-image-small-ra.jpg
Residential House/Villa for Rent,Kavanadu,Kollam,Kollam,5 k - 10 k ,2,12065602,1000 Sq-ft,Single,https://assets.helloaddress.com/ui/images/property-no-image-small-rh.jpg
Residential Land for Rent,Kollam town,Kollam,Kollam,Not Provided ,2,12070376,60 Cent,Single,https://assets.helloaddress.com/ui/images/property-no-image-small-rl.jpg
Residential House/Villa for Rent,Kadappakkada,Kollam,Kollam,5 k - 10 k ,3,12070238,1200 Sq-ft,Single,https://assets.helloaddress.com/ui/images/property-no-image-small-rh.jpg
Commercial Office for Rent,in Kollam town,Kollam,Kollam,Not Provided ,3,12070446,1700 Sq-ft,Single,https://assets.helloaddress.com/ui/images/property-no-image-small-cf.jpg
Residential House/Villa for Rent,in Polayathodu,Kollam,Kollam,10 k - 15 k ,3,P723637,1500 Sq-ft,Single,https://assets.helloaddress.com/ui/images/property-no-image-small-rh.jpg
Residential House/Villa for Rent,in Kollam town,Kollam,Kollam,5 k - 10 k ,2,12056507,1200 Sq-ft,Single,https://assets.helloaddress.com/ui/images/property-no-image-small-rh.jpg
Residential House/Villa for Rent,Kollam town,Kollam,Kollam,10 k - 15 k ,3,12055860,1350 Sq-ft,Single,https://assets.helloaddress.com/ui/images/property-no-image-small-rh.jpg
Residential House/Villa for Rent,Kollam town,Kollam,Kollam,Not Provided ,6,12056489,4000 Sq-ft,Single,https://assets.helloaddress.com/ui/images/property-no-image-small-rh.jpg
Residential House/Villa for Rent,in Kadappakkada,Kollam,Kollam,10 k - 15 k ,2,12024855,2000 Sq-ft,Single,https://assets.helloaddress.com/ui/images/property-no-image-small-rh.jpg
Commercial Office for Rent,Ayathil,Kollam,Kollam,Not Provided ,2,12047680,2500 Sq-ft,Single,https://assets.helloaddress.com/ui/images/property-no-image-small-cf.jpg
Commercial Office for Rent,in Adichanallur,Kollam,Kollam,Not Provided ,2,12049545,1500 Sq-ft,Single,https://assets.helloaddress.com/ui/images/property-no-image-small-cf.jpg
Residential House/Villa for Rent,in Elampalloor,Kollam,Kollam,Not Provided ,2,12037096,900 Sq-ft,Single,https://assets.helloaddress.com/ui/images/property-no-image-small-rh.jpg
Residential House/Villa for Rent,in Kadappakkada,Kollam,Kollam,10 k - 15 k ,3,12035319,1400 Sq-ft,Single,https://assets.helloaddress.com/ui/images/property-no-image-small-rh.jpg
Residential House/Villa for Rent,Kadappakkada,Kollam,Kollam,45 k - 50 k ,3,12037047,750 Sq-ft,Single,https://assets.helloaddress.com/ui/images/property-no-image-small-rh.jpg
Residential House/Villa for Rent,in Kadappakkada,Kollam,Kollam,10 k - 15 k ,3,12033680,1200 Sq-ft,Single,https://assets.helloaddress.com/ui/images/property-no-image-small-rh.jpg
Commercial Shop for Rent,Ramankulangara,Kollam,Kollam,5 k - 10 k ,3,12039955,1100 Sq-ft,Single,https://assets.helloaddress.com/ui/images/property-no-image-small-cs.jpg
Residential House/Villa for Rent,Elampal,Punalur,Kollam,5 k - 10 k ,2,P720089,650 Sq-ft,Single,https://assets.helloaddress.com/ui/images/property-no-image-small-rh.jpg
Residential House/Villa for Rent,Polayathodu,Kollam,Kollam,Not Provided ,2,12014068,800 Sq-ft,Single,https://assets.helloaddress.com/ui/images/property-no-image-small-rh.jpg
Commercial Shop for Rent,in Pulamon ,Kottarakkara,Kollam,Not Provided ,2,12022513,1200 Sq-ft,Single,https://assets.helloaddress.com/ui/images/property-no-image-small-cs.jpg
Commercial Shop for Rent,Chinnakkada,Kollam,Kollam,75 k - 80 k ,2,P717768,2200 Sq-ft,Single,https://assets.helloaddress.com/ui/images/property-no-image-small-cs.jpg
Commercial Land for Rent,Kollam town,Kollam,Kollam,Not Provided ,2,119954551,16 Cent,Single,https://assets.helloaddress.com/ui/images/property-no-image-small-cl.jpg
Commercial Land for Rent,in Karunagapally town,Karunagapally,Kollam,Not Provided ,2,11995455,5 Acre,Single,https://assets.helloaddress.com/ui/images/property-no-image-small-cl.jpg
Residential House/Villa for Rent,Mangad,Kollam,Kollam,5 k - 10 k ,2,P717047,900 Sq-ft,Single,https://assets.helloaddress.com/ui/images/property-no-image-small-rh.jpg
Commercial Office for Rent,Chinnakkada,Kollam,Kollam,Not Provided ,2,11967969,2000 Sq-ft,Single,https://assets.helloaddress.com/ui/images/property-no-image-small-cf.jpg
Commercial Building for Rent,in Odanavattam,Kottarakkara,Kollam,Not Provided ,2,12002430,1800 Sq-ft,Single,https://assets.helloaddress.com/ui/images/property-no-image-small-cb.jpg
Commercial Building for Rent,in Umayanalloor,Kollam,Kollam,25 k - 30 k ,2,12004645,1700 Sq-ft,Single,https://assets.helloaddress.com/ui/images/property-no-image-small-cb.jpg
Commercial Office for Rent,in Polayathodu,Kollam,Kollam,5 k - 10 k ,2,12000170,400 Sq-ft,Single,https://assets.helloaddress.com/ui/images/property-no-image-small-cf.jpg
Residential House/Villa for Rent,Mundakkal,Kollam,Kollam,Not Provided ,3,11996882,1500 Sq-ft,Single,https://assets.helloaddress.com/ui/images/property-no-image-small-rh.jpg
Residential House/Villa for Rent,in Asramam,Kollam,Kollam,10 k - 15 k ,2,11983321,1200 Sq-ft,Single,https://assets.helloaddress.com/ui/images/property-no-image-small-rh.jpg
Residential Apartment for Rent,in Chinnakkada,Kollam,Kollam,5 k - 10 k ,2,11982142,1000 Sq-ft,Single,https://assets.helloaddress.com/ui/images/property-no-image-small-ra.jpg
Residential House/Villa for Rent,in Pallimukku,Kollam,Kollam,5 k - 10 k ,3,11969647,1800 Sq-ft,Single,https://assets.helloaddress.com/ui/images/property-no-image-small-rh.jpg
Residential House/Villa for Rent,Karicode ,Kollam,Kollam,5 k - 10 k ,3,P714622,1200 Sq-ft,Single,https://assets.helloaddress.com/ui/images/property-no-image-small-rh.jpg
Commercial Shop for Rent,in Pulamon ,Kottarakkara,Kollam,Not Provided ,3,11968901,5000 Sq-ft,Single,https://assets.helloaddress.com/ui/images/property-no-image-small-cs.jpg
Commercial Shop for Rent,Kollam town,Kollam,Kollam,Above 10 Lac ,3,P714169,25000 Sq-ft,Trust,https://assets.helloaddress.com/ui/images/property-no-image-small-cs.jpg
Commercial Office for Rent,in Anchalummoodu,Kollam,Kollam,1 k - 5 k ,3,11958633,500 Sq-ft,Single,https://assets.helloaddress.com/ui/images/property-no-image-small-cf.jpg
Residential Apartment for Rent,Kottarakkara,Kottarakkara,Kollam,5 k - 10 k ,2,P700968,800 Sq-ft,Single,https://assets.helloaddress.com/ui/images/property-no-image-small-ra.jpg
Commercial Land for Rent,in Pathanapuram,Pathanapuram,Kollam,35 k - 40 k ,2,P712862,33 Cent,Single,https://assets.helloaddress.com/ui/images/property-no-image-small-cl.jpg
Residential House/Villa for Rent,in Thevally,Kollam,Kollam,10 k - 15 k ,4,P712699,1100 Sq-ft,Single,https://assets.helloaddress.com/ui/images/property-no-image-small-rh.jpg
Commercial Land for Rent,Kollam town,Kollam,Kollam,10 k - 15 k ,4,11951375,20 Cent,Single,https://assets.helloaddress.com/ui/images/property-no-image-small-cl.jpg
Commercial Building for Rent,in Kottarakkara,Kottarakkara,Kollam,95 k - 1 Lac ,4,11935826,50000 Sq-ft,Single,https://assets.helloaddress.com/ui/images/property-no-image-small-cb.jpg
Residential House/Villa for Rent,Kollam town,Kollam,Kollam,10 k - 15 k ,4,11921588,2500 Sq-ft,Single,https://assets.helloaddress.com/ui/images/property-no-image-small-rh.jpg
Residential Apartment for Rent,Kilikkolloor,Kollam,Kollam,5 k - 10 k ,3,P711685,1200 Sq-ft,Single,https://assets.helloaddress.com/ui/images/property-no-image-small-ra.jpg
Commercial Building for Rent,in Pallimukku,Kollam,Kollam,Not Provided ,3,11928306,1700 Sq-ft,Single,https://assets.helloaddress.com/ui/images/property-no-image-small-cb.jpg
Residential House/Villa for Rent,in Kollam town,Kollam,Kollam,10 k - 15 k ,8,11914482,2250 Sq-ft,Single,https://assets.helloaddress.com/ui/images/property-no-image-small-rh.jpg
Commercial Office for Rent,in Kottarakkara,Kottarakkara,Kollam,Not Provided ,8,11910978,1600 Sq-ft,Single,https://assets.helloaddress.com/ui/images/property-no-image-small-cf.jpg
Commercial Office for Rent,Kollam town,Kollam,Kollam,Not Provided ,8,11912373,1700 Sq-ft,Single,https://assets.helloaddress.com/ui/images/property-no-image-small-cf.jpg
Residential House/Villa for Rent,College Junction,Kollam,Kollam,5 k - 10 k ,3,P708662,950 Sq-ft,Single,https://assets.helloaddress.com/ui/images/property-no-image-small-rh.jpg
Commercial Office for Rent,in Anchalummoodu,Kollam,Kollam,1 k - 5 k ,3,11912881,500 Sq-ft,Single,https://assets.helloaddress.com/ui/images/property-no-image-small-cf.jpg
Commercial Office for Rent,in Madan Nada,Kollam,Kollam,25 k - 30 k ,3,11913354,1250 Sq-ft,Single,https://assets.helloaddress.com/ui/images/property-no-image-small-cf.jpg
Commercial Shop for Rent,Anchal,Anchal,Kollam,Not Provided ,3,11889002,2000 Sq-ft,Single,https://assets.helloaddress.com/ui/images/property-no-image-small-cs.jpg
Residential Apartment for Rent,Kilikkolloor,Kollam,Kollam,10 k - 15 k ,3,11896202,1500 Sq-ft,Single,https://assets.helloaddress.com/ui/images/property-no-image-small-ra.jpg
Commercial Building for Rent,in Kottiyam,Kollam,Kollam,10 k - 15 k ,3,11896508,3000 Sq-ft,Single,https://assets.helloaddress.com/ui/images/property-no-image-small-cb.jpg
Commercial Building for Rent,in Pidavoor,Pathanapuram,Kollam,95 k - 1 Lac ,3,11910725,1500 Sq-ft,Single,https://assets.helloaddress.com/ui/images/property-no-image-small-cb.jpg
Residential House/Villa for Rent,in Collectorate,Kollam,Kollam,5 k - 10 k ,3,11909673,1400 Sq-ft,Single,https://assets.helloaddress.com/ui/images/property-no-image-small-rh.jpg
Residential House/Villa for Rent,Thangassery,Kollam,Kollam,Not Provided ,3,11895066,2000 Sq-ft,Single,https://assets.helloaddress.com/ui/images/property-no-image-small-rh.jpg
Commercial Office for Rent,in Polayathodu,Kollam,Kollam,75 k - 80 k ,3,11895050,1750 Sq-ft,Single,https://assets.helloaddress.com/ui/images/property-no-image-small-cf.jpg
Residential House/Villa for Rent,in Mulamkadakom,Kollam,Kollam,5 k - 10 k ,2,11896233,760 Sq-ft,Single,https://assets.helloaddress.com/ui/images/property-no-image-small-rh.jpg
Residential House/Villa for Rent,in Kadappakkada,Kollam,Kollam,10 k - 15 k ,3,11880734,1200 Sq-ft,Single,https://assets.helloaddress.com/ui/images/property-no-image-small-rh.jpg
Residential Apartment for Rent,in Kilikkolloor,Kollam,Kollam,10 k - 15 k ,3,11880288,1500 Sq-ft,Single,https://assets.helloaddress.com/ui/images/property-no-image-small-ra.jpg
Commercial Shop for Rent,in Kavanadu,Kollam,Kollam,15 k - 20 k ,3,11864695,1000 Sq-ft,Single,https://assets.helloaddress.com/ui/images/property-no-image-small-cs.jpg
Residential House/Villa for Rent,in Kadappakkada,Kollam,Kollam,5 k - 10 k ,3,11867370,1000 Sq-ft,Single,https://assets.helloaddress.com/ui/images/property-no-image-small-rh.jpg
Commercial Office for Rent,in Punalur,Punalur,Kollam,95 k - 1 Lac ,3,11875056,4500 Sq-ft,Single,https://assets.helloaddress.com/ui/images/property-no-image-small-cf.jpg
Residential House/Villa for Rent,Mundakkal,Kollam,Kollam,5 k - 10 k ,3,11866779,2500 Sq-ft,Single,https://assets.helloaddress.com/ui/images/property-no-image-small-rh.jpg
Residential Apartment for Rent,in Kilikkolloor,Kollam,Kollam,Not Provided ,3,11855863,1500 Sq-ft,Single,https://assets.helloaddress.com/ui/images/property-no-image-small-ra.jpg
Commercial Building for Rent,in Odanavattam,Kottarakkara,Kollam,Not Provided ,3,118746341,1500 Sq-ft,Single,https://assets.helloaddress.com/ui/images/property-no-image-small-cb.jpg
Commercial Building for Rent,in Odanavattam,Kottarakkara,Kollam,Not Provided ,3,11874634,1400 Sq-ft,Single,https://assets.helloaddress.com/ui/images/property-no-image-small-cb.jpg
Commercial Shop for Rent,in Anchal,Anchal,Kollam,Not Provided ,3,11873324,2000 Sq-ft,Single,https://assets.helloaddress.com/ui/images/property-no-image-small-cs.jpg
Commercial Shop for Rent,in Kottiyam,Kollam,Kollam,Not Provided ,3,11865615,640 Sq-ft,Single,https://assets.helloaddress.com/ui/images/property-no-image-small-cs.jpg
Commercial Land for Rent,Polayathodu,Kollam,Kollam,Not Provided ,3,P705400,21000 Sq-ft,Single,https://assets.helloaddress.com/ui/images/property-no-image-small-cl.jpg
Commercial Office for Rent,in Mundakkal,Kollam,Kollam,Not Provided ,3,11842424,3000 Sq-ft,Single,https://assets.helloaddress.com/ui/images/property-no-image-small-cf.jpg
Residential House/Villa for Rent,in Ramankulangara,Kollam,Kollam,10 k - 15 k ,3,11848852,1600 Sq-ft,Single,https://assets.helloaddress.com/ui/images/property-no-image-small-rh.jpg
Residential House/Villa for Rent,in Parippally Town,Parippally,Kollam,Not Provided ,2,11835236,1400 Sq-ft,Single,https://assets.helloaddress.com/ui/images/property-no-image-small-rh.jpg
Residential House/Villa for Rent,in Kadappakkada,Kollam,Kollam,5 k - 10 k ,3,11833994,1200 Sq-ft,Single,https://assets.helloaddress.com/ui/images/property-no-image-small-rh.jpg
Commercial Building for Rent,in Karunagapally town,Karunagapally,Kollam,1 Lac - 5 Lac ,3,11828481,5000 Sq-ft,Single,https://assets.helloaddress.com/ui/images/property-no-image-small-cb.jpg
Residential House/Villa for Rent,in Kadappakkada,Kollam,Kollam,10 k - 15 k ,2,11834019,1750 Sq-ft,Single,https://assets.helloaddress.com/ui/images/property-no-image-small-rh.jpg
Residential Apartment for Rent,Oyoor,Kottarakkara,Kollam,5 k - 10 k ,2,P703042,1400 Sq-ft,Single,https://assets.helloaddress.com/ui/images/property-no-image-small-ra.jpg
Residential House/Villa for Rent,in Kadappakkada,Kollam,Kollam,10 k - 15 k ,4,11822922,2650 Sq-ft,Single,https://assets.helloaddress.com/ui/images/property-no-image-small-rh.jpg
Commercial Building for Rent,in Pooyappally,Kottarakkara,Kollam,Not Provided ,4,11821302,2100 Sq-ft,Single,https://assets.helloaddress.com/ui/images/property-no-image-small-cb.jpg
Commercial Office for Rent,in Ayathil,Kollam,Kollam,Not Provided ,4,11818210,1200 Sq-ft,Single,https://assets.helloaddress.com/ui/images/property-no-image-small-cf.jpg
Residential House/Villa for Rent,Kannanalloor,Kollam,Kollam,5 k - 10 k ,3,11803914,1700 Sq-ft,Single,https://assets.helloaddress.com/ui/images/property-no-image-small-rh.jpg
Commercial Land for Rent,Ayathil,Kollam,Kollam,Not Provided ,3,11798956,30 Cent,Single,https://assets.helloaddress.com/ui/images/property-no-image-small-cl.jpg
Commercial Building for Rent,Pallimukku,Kollam,Kollam,Not Provided ,3,11800194,4000 Sq-ft,Single,https://assets.helloaddress.com/ui/images/property-no-image-small-cb.jpg
Commercial Office for Rent,in Randamkutty,Kollam,Kollam,25 k - 30 k ,3,11800796,1300 Sq-ft,Single,https://assets.helloaddress.com/ui/images/property-no-image-small-cf.jpg
Commercial Office for Rent,in Kollam town,Kollam,Kollam,1 k - 5 k ,3,11807996,120 Sq-ft,Single,https://assets.helloaddress.com/ui/images/property-no-image-small-cf.jpg
Residential House/Villa for Rent,Kollam town,Kollam,Kollam,5 k - 10 k ,3,11799902,1600 Sq-ft,Single,https://assets.helloaddress.com/ui/images/property-no-image-small-rh.jpg
Commercial Land for Rent,Kizhakketheruvu,Kottarakkara,Kollam,Not Provided ,3,11587296,2 Acre,Joint,https://assets.helloaddress.com/ui/images/property-no-image-small-cl.jpg
Commercial Building for Rent,in Kottiyam,Kollam,Kollam,Not Provided ,3,11800431,3000 Sq-ft,Single,https://assets.helloaddress.com/ui/images/property-no-image-small-cb.jpg
Commercial Land for Rent,in Ayathil,Kollam,Kollam,Not Provided ,3,11793101,30 Cent,Single,https://assets.helloaddress.com/ui/images/property-no-image-small-cl.jpg
Residential Apartment for Rent,in Collectorate,Kollam,Kollam,10 k - 15 k ,3,11792776,1500 Sq-ft,Single,https://assets.helloaddress.com/ui/images/property-no-image-small-ra.jpg
Residential House/Villa for Rent,in Kottarakkara,Kottarakkara,Kollam,5 k - 10 k ,5,11788604,3000 Sq-ft,Single,https://assets.helloaddress.com/ui/images/property-no-image-small-rh.jpg
Residential Apartment for Rent,in Kadappakkada,Kollam,Kollam,5 k - 10 k ,2,11781807,900 Sq-ft,Single,https://assets.helloaddress.com/ui/images/property-no-image-small-ra.jpg
Commercial Office for Rent,in Anchalummoodu,Kollam,Kollam,1 k - 5 k ,2,11795179,500 Sq-ft,Single,https://assets.helloaddress.com/ui/images/property-no-image-small-cf.jpg
Commercial Building for Rent,Kollam town,Kollam,Kollam,Not Provided ,2,11791238,3500 Sq-m,Single,https://assets.helloaddress.com/ui/images/property-no-image-small-cb.jpg
Residential Apartment for Rent,in Collectorate,Kollam,Kollam,10 k - 15 k ,3,11791266,1500 Sq-ft,Single,https://assets.helloaddress.com/ui/images/property-no-image-small-ra.jpg
Residential House/Villa for Rent,Chinnakkada,Kollam,Kollam,10 k - 15 k ,3,11787339,1500 Sq-ft,Single,https://assets.helloaddress.com/ui/images/property-no-image-small-rh.jpg
Residential House/Villa for Rent,Chinnakkada,Kollam,Kollam,5 k - 10 k ,4,11788077,1200 Sq-ft,Single,https://assets.helloaddress.com/ui/images/property-no-image-small-rh.jpg
Commercial Land for Rent,in Kottarakkara,Kottarakkara,Kollam,10 k - 15 k ,4,11788136,10 Cent,Single,https://assets.helloaddress.com/ui/images/property-no-image-small-cl.jpg
Residential House/Villa for Rent,in Umayanalloor,Kollam,Kollam,5 k - 10 k ,2,11788987,1000 Sq-ft,Single,https://assets.helloaddress.com/ui/images/property-no-image-small-rh.jpg
Residential House/Villa for Rent,in Kavanadu,Kollam,Kollam,5 k - 10 k ,2,11785213,1200 Sq-ft,Single,https://assets.helloaddress.com/ui/images/property-no-image-small-rh.jpg
Residential House/Villa for Rent,Bharanikavu,Kunnathur,Kollam,60 k - 65 k ,4,11779144,2000 Sq-ft,Single,https://assets.helloaddress.com/ui/images/property-no-image-small-rh.jpg
Residential Apartment for Rent,in Kavanadu,Kollam,Kollam,5 k - 10 k ,3,117812481,1200 Sq-ft,Single,https://assets.helloaddress.com/ui/images/property-no-image-small-ra.jpg
Commercial Shop for Rent,in Kavanadu,Kollam,Kollam,20 k - 25 k ,3,11781248,1000 Sq-ft,Single,https://assets.helloaddress.com/ui/images/property-no-image-small-cs.jpg
Residential House/Villa for Rent,Kollam town,Kollam,Kollam,10 k - 15 k ,3,11776917,1850 Sq-ft,Single,https://assets.helloaddress.com/ui/images/property-no-image-small-rh.jpg
Residential House/Villa for Rent,in Vayaykal,Kottarakkara,Kollam,35 k - 40 k ,5,11774053,5500 Sq-ft,Single,https://assets.helloaddress.com/ui/images/property-no-image-small-rh.jpg
Commercial Shop for Rent,in Anchalummoodu,Kollam,Kollam,Not Provided ,5,P698341,600 Sq-ft,Single,https://assets.helloaddress.com/ui/images/property-no-image-small-cs.jpg
Residential Apartment for Rent,in Thevally,Kollam,Kollam,5 k - 10 k ,2,11768365,1000 Sq-ft,Single,https://assets.helloaddress.com/ui/images/property-no-image-small-ra.jpg
Commercial Building for Rent,Kottarakkara,Kottarakkara,Kollam,Not Provided ,2,11775794,600 Sq-ft,Single,https://assets.helloaddress.com/ui/images/property-no-image-small-cb.jpg
Commercial Land for Rent,in Kannanalloor,Kollam,Kollam,Not Provided ,2,11761153,85 Cent,Single,https://assets.helloaddress.com/ui/images/property-no-image-small-cl.jpg
Commercial Building for Rent,Kollam town,Kollam,Kollam,5 k - 10 k ,2,11758294,1000 Sq-ft,Single,https://assets.helloaddress.com/ui/images/property-no-image-small-cb.jpg
Commercial Building for Rent,in Kottiyam,Kollam,Kollam,25 k - 30 k ,2,11757103,1700 Sq-ft,Single,https://assets.helloaddress.com/ui/images/property-no-image-small-cb.jpg
Residential House/Villa for Rent,Kundara,Kollam,Kollam,5 k - 10 k ,4,11754540,1200 Sq-ft,Single,https://assets.helloaddress.com/ui/images/property-no-image-small-rh.jpg
Residential House/Villa for Rent,Anchal,Anchal,Kollam,5 k - 10 k ,4,11754744,2500 Sq-ft,Single,https://assets.helloaddress.com/ui/images/property-no-image-small-rh.jpg
Commercial Building for Rent,Kollam town,Kollam,Kollam,Not Provided ,4,117578171,8000 Sq-ft,Single,https://assets.helloaddress.com/ui/images/property-no-image-small-cb.jpg
Commercial Building for Rent,in Pallimukku,Kollam,Kollam,30 k - 35 k ,4,11757817,7500 Sq-ft,Single,https://assets.helloaddress.com/ui/images/property-no-image-small-cb.jpg
Residential House/Villa for Rent,in Madan Nada,Kollam,Kollam,5 k - 10 k ,2,11749101,1200 Sq-ft,Single,https://assets.helloaddress.com/ui/images/property-no-image-small-rh.jpg
Commercial Office for Rent,in Kollam town,Kollam,Kollam,20 k - 25 k ,2,11741584,2500 Sq-ft,Single,https://assets.helloaddress.com/ui/images/property-no-image-small-cf.jpg
Residential House/Villa for Rent,Chathannoor,Parippally,Kollam,5 k - 10 k ,3,11749993,1200 Sq-ft,Single,https://assets.helloaddress.com/ui/images/property-no-image-small-rh.jpg
Residential House/Villa for Rent,in Neduvathoor,Kottarakkara,Kollam,1 k - 5 k ,3,11736544,1600 Sq-ft,Single,https://assets.helloaddress.com/ui/images/property-no-image-small-rh.jpg
Commercial Building for Rent,Karunagapally town,Karunagapally,Kollam,Not Provided ,3,11732473,2500 Sq-ft,Single,https://assets.helloaddress.com/ui/images/property-no-image-small-cb.jpg
Commercial Office for Rent,in Nilamel,Kottarakkara,Kollam,Not Provided ,3,11730677,800 Sq-ft,Single,https://assets.helloaddress.com/ui/images/property-no-image-small-cf.jpg
Residential House/Villa for Rent,Eravipuram,Kollam,Kollam,5 k - 10 k ,2,11726507,2000 Sq-ft,Single,https://assets.helloaddress.com/ui/images/property-no-image-small-rh.jpg
Commercial Building for Rent,Anchal,Anchal,Kollam,5 k - 10 k ,2,11725765,3500 Sq-ft,Single,https://assets.helloaddress.com/ui/images/property-no-image-small-cb.jpg
Residential House/Villa for Rent,Kollam town,Kollam,Kollam,Not Provided ,3,11726271,3500 Sq-ft,Single,https://assets.helloaddress.com/ui/images/property-no-image-small-rh.jpg
Residential House/Villa for Rent,in Kundara,Kollam,Kollam,1 k - 5 k ,2,11722830,1000 Sq-ft,Single,https://assets.helloaddress.com/ui/images/property-no-image-small-rh.jpg
Commercial Office for Rent,Kundara,Kollam,Kollam,5 k - 10 k ,2,11689536,700 Sq-ft,Single,https://assets.helloaddress.com/ui/images/property-no-image-small-cf.jpg
Residential House/Villa for Rent,Pallimukku,Kollam,Kollam,10 k - 15 k ,5,11711121,3300 Sq-ft,Single,https://assets.helloaddress.com/ui/images/property-no-image-small-rh.jpg
Residential House/Villa for Rent,in Kadappakkada,Kollam,Kollam,5 k - 10 k ,6,11716616,3000 Sq-ft,Single,https://assets.helloaddress.com/ui/images/property-no-image-small-rh.jpg
Commercial Shop for Rent,Kottarakkara,Kottarakkara,Kollam,Not Provided ,6,11714165,144 Sq-ft,Single,https://assets.helloaddress.com/ui/images/property-no-image-small-cs.jpg
Commercial Shop for Rent,in Karunagapally town,Karunagapally,Kollam,Not Provided ,6,11710217,6000 Sq-ft,Single,https://assets.helloaddress.com/ui/images/property-no-image-small-cs.jpg
Commercial Building for Rent,in Kottarakkara,Kottarakkara,Kollam,95 k - 1 Lac ,6,11687992,4000 Sq-ft,Single,https://assets.helloaddress.com/ui/images/property-no-image-small-cb.jpg
Commercial Building for Rent,in Madan Nada,Kollam,Kollam,70 k - 75 k ,6,11691014,2200 Sq-ft,Single,https://assets.helloaddress.com/ui/images/property-no-image-small-cb.jpg
Residential House/Villa for Rent,in Kadappakkada,Kollam,Kollam,5 k - 10 k ,2,11674495,1000 Sq-ft,Single,https://assets.helloaddress.com/ui/images/property-no-image-small-rh.jpg
Commercial Building for Rent,in Polayathodu,Kollam,Kollam,45 k - 50 k ,2,11667797,4500 Sq-ft,Single,https://assets.helloaddress.com/ui/images/property-no-image-small-cb.jpg
Residential House/Villa for Rent,in Chinnakkada,Kollam,Kollam,5 k - 10 k ,2,11692739,1000 Sq-ft,Single,https://assets.helloaddress.com/ui/images/property-no-image-small-rh.jpg
Residential House/Villa for Rent,Thangassery,Kollam,Kollam,5 k - 10 k ,2,11698050,1000 Sq-ft,Single,https://assets.helloaddress.com/ui/images/property-no-image-small-rh.jpg
Commercial Building for Rent,Kollam town,Kollam,Kollam,Not Provided ,2,11695624,3200 Sq-ft,Single,https://assets.helloaddress.com/ui/images/property-no-image-small-cb.jpg
Residential House/Villa for Rent,in Mulamkadakom,Kollam,Kollam,5 k - 10 k ,2,11690476,1100 Sq-ft,Single,https://assets.helloaddress.com/ui/images/property-no-image-small-rh.jpg
Commercial Building for Rent,in Vettamukku,Karunagapally,Kollam,50 k - 55 k ,2,11666247,2700 Sq-ft,Joint,https://assets.helloaddress.com/ui/images/property-no-image-small-cb.jpg
Commercial Building for Rent,in Madan Nada,Kollam,Kollam,Not Provided ,2,11672196,2100 Sq-ft,Single,https://assets.helloaddress.com/ui/images/property-no-image-small-cb.jpg
Commercial Building for Rent,in Asramam,Kollam,Kollam,Not Provided ,2,11665602,500 Sq-ft,Single,https://assets.helloaddress.com/ui/images/property-no-image-small-cb.jpg
Commercial Building for Rent,in Mundakkal,Kollam,Kollam,5 k - 10 k ,2,11683819,1500 Sq-ft,Single,https://assets.helloaddress.com/ui/images/property-no-image-small-cb.jpg
Commercial Building for Rent,in Kottiyam,Kollam,Kollam,10 k - 15 k ,2,11663651,3000 Sq-ft,Single,https://assets.helloaddress.com/ui/images/property-no-image-small-cb.jpg
Residential Land for Rent,Navayikulam,Parippally,Kollam,Not Provided ,2,11637275,1 Acre,Single,https://assets.helloaddress.com/ui/images/property-no-image-small-rl.jpg
Residential House/Villa for Rent,Anchal,Anchal,Kollam,1 k - 5 k ,2,11621540,1000 Sq-ft,Single,https://assets.helloaddress.com/ui/images/property-no-image-small-rh.jpg
Commercial Shop for Rent,in Pallimukku,Kollam,Kollam,1 Lac - 5 Lac ,2,11588833,5000 Sq-ft,Single,https://assets.helloaddress.com/ui/images/property-no-image-small-cs.jpg
Residential House/Villa for Rent,Kollam town,Kollam,Kollam,10 k - 15 k ,3,11586087,2000 Sq-ft,Single,https://assets.helloaddress.com/ui/images/property-no-image-small-rh.jpg
Residential House/Villa for Rent,in Thangassery,Kollam,Kollam,5 k - 10 k ,2,11586223,1100 Sq-ft,Single,https://assets.helloaddress.com/ui/images/property-no-image-small-rh.jpg
Residential House/Villa for Rent,in Ramankulangara,Kollam,Kollam,5 k - 10 k ,2,11578734,1500 Sq-ft,Single,https://assets.helloaddress.com/ui/images/property-no-image-small-rh.jpg
Commercial Building for Rent,Kollam town,Kollam,Kollam,10 k - 15 k ,2,11576955,4000 Sq-ft,Single,https://assets.helloaddress.com/ui/images/property-no-image-small-cb.jpg
Residential House/Villa for Rent,in Lekshmi Nada,Kollam,Kollam,5 k - 10 k ,2,11576615,1000 Sq-ft,Single,https://assets.helloaddress.com/ui/images/property-no-image-small-rh.jpg
Residential House/Villa for Rent,Kollam town,Kollam,Kollam,5 k - 10 k ,3,11560116,2500 Sq-ft,Single,https://assets.helloaddress.com/ui/images/property-no-image-small-rh.jpg
Residential Apartment for Rent,Polayathodu,Kollam,Kollam,10 k - 15 k ,3,11565736,1200 Sq-ft,Single,https://assets.helloaddress.com/ui/images/property-no-image-small-ra.jpg
Commercial Office for Rent,Chinnakkada,Kollam,Kollam,40 k - 45 k ,3,11551227,2800 Sq-ft,Single,https://assets.helloaddress.com/ui/images/property-no-image-small-cf.jpg
Commercial Shop for Rent,Kollam town,Kollam,Kollam,1 Lac - 5 Lac ,3,11550826,2500 Sq-ft,Single,https://assets.helloaddress.com/ui/images/property-no-image-small-cs.jpg
Residential House/Villa for Rent,Thevally,Kollam,Kollam,15 k - 20 k ,4,11551483,2400 Sq-ft,Single,https://assets.helloaddress.com/ui/images/property-no-image-small-rh.jpg
Residential House/Villa for Rent,Madan Nada,Kollam,Kollam,5 k - 10 k ,2,11548617,1500 Sq-ft,Single,https://assets.helloaddress.com/ui/images/property-no-image-small-rh.jpg
Commercial Shop for Rent,Kottarakkara,Kottarakkara,Kollam,1 k - 5 k ,2,11542182,800 Sq-ft,Single,https://assets.helloaddress.com/ui/images/property-no-image-small-cs.jpg
Residential House/Villa for Rent,in Kottiyam,Kollam,Kollam,Not Provided ,2,11524478,1500 Sq-ft,Single,https://assets.helloaddress.com/ui/images/property-no-image-small-rh.jpg
Residential House/Villa for Rent,Kollam town,Kollam,Kollam,5 k - 10 k ,2,11525006,1000 Sq-ft,Joint,https://assets.helloaddress.com/ui/images/property-no-image-small-rh.jpg
Residential House/Villa for Rent,in Uliyakovil,Kollam,Kollam,5 k - 10 k ,2,11522296,1100 Sq-ft,Single,https://assets.helloaddress.com/ui/images/property-no-image-small-rh.jpg
Commercial Office for Rent,in Chanthamukku,Kottarakkara,Kollam,Not Provided ,2,11532579,2000 Sq-ft,Single,https://assets.helloaddress.com/ui/images/property-no-image-small-cf.jpg
Residential House/Villa for Rent,in Neduvathoor,Kottarakkara,Kollam,5 k - 10 k ,2,11530291,1000 Sq-ft,Single,https://assets.helloaddress.com/ui/images/property-no-image-small-rh.jpg
Commercial Office for Rent,Kollam town,Kollam,Kollam,5 k - 10 k ,2,11507288,2000 Sq-ft,Single,https://assets.helloaddress.com/ui/images/property-no-image-small-cf.jpg
Residential House/Villa for Rent,in Madan Nada,Kollam,Kollam,5 k - 10 k ,3,11497489,1000 Sq-ft,Single,https://assets.helloaddress.com/ui/images/property-no-image-small-rh.jpg
Residential House/Villa for Rent,in Randamkutty,Kollam,Kollam,5 k - 10 k ,2,11492718,1000 Sq-ft,Single,https://assets.helloaddress.com/ui/images/property-no-image-small-rh.jpg
Residential Apartment for Rent,Kollam town,Kollam,Kollam,5 k - 10 k ,3,11482181,1500 Sq-ft,Single,https://assets.helloaddress.com/ui/images/property-no-image-small-ra.jpg
Residential House/Villa for Rent,Anchalummoodu,Kollam,Kollam,5 k - 10 k ,3,11461104,1000 Sq-ft,Single,https://assets.helloaddress.com/ui/images/property-no-image-small-rh.jpg
Commercial Office for Rent,in Anchalummoodu,Kollam,Kollam,1 k - 5 k ,3,11473242,500 Sq-ft,Single,https://assets.helloaddress.com/ui/images/property-no-image-small-cf.jpg
Residential House/Villa for Rent,in Kadappakkada,Kollam,Kollam,10 k - 15 k ,2,11474733,2000 Sq-ft,Single,https://assets.helloaddress.com/ui/images/property-no-image-small-rh.jpg
Residential House/Villa for Rent,Kavanadu,Kollam,Kollam,5 k - 10 k ,3,P786365,1600 Sq-ft,Single,https://assets.helloaddress.com/ui/images/property-no-image-small-rh.jpg
Residential House/Villa for Rent,in Eravipuram,Kollam,Kollam,5 k - 10 k ,2,P782062,1200 Sq-ft,Single,https://assets.helloaddress.com/ui/images/property-no-image-small-rh.jpg
Residential Apartment for Rent,Kollam town,Kollam,Kollam,Not Provided ,2,P775297,1400 Sq-ft,Single,https://assets.helloaddress.com/ui/images/property-no-image-small-ra.jpg
Residential House/Villa for Rent,Ramankulangara,Kollam,Kollam,5 k - 10 k ,4,P763169,2200 Sq-ft,Single,https://assets.helloaddress.com/ui/images/property-no-image-small-rh.jpg
Residential House/Villa for Rent,Polayathodu,Kollam,Kollam,5 k - 10 k ,4,P769442,1800 Sq-ft,Single,https://assets.helloaddress.com/ui/images/property-no-image-small-rh.jpg
Residential House/Villa for Rent,Ayathil,Kollam,Kollam,20 k - 25 k ,4,12423643,3000 Sq-ft,Single,https://assets.helloaddress.com/ui/images/property-no-image-small-rh.jpg
Residential House/Villa for Rent,in Mayyanad,Kollam,Kollam,5 k - 10 k ,4,P758883,200 Sq-m,Single,https://assets.helloaddress.com/ui/images/property-no-image-small-rh.jpg
Residential House/Villa for Rent,in ESI Medical College,Parippally,Kollam,5 k - 10 k ,3,P759656,1350 Sq-ft,Single,https://assets.helloaddress.com/ui/images/property-no-image-small-rh.jpg
Residential House/Villa for Rent,Kavanadu,Kollam,Kollam,5 k - 10 k ,3,P756412,1200 Sq-ft,Single,https://assets.helloaddress.com/ui/images/property-no-image-small-rh.jpg
Residential House/Villa for Rent,Asramam,Kollam,Kollam,10 k - 15 k ,3,P754845,1800 Sq-ft,Single,https://assets.helloaddress.com/ui/images/property-no-image-small-rh.jpg
