Name,Location,City,District,Price,Bed,PropertyID,PropertyArea,OwnershipType,image
Residential Apartment for Rent,Uphill,Malappuram,Malappuram,Not Provided ,2,P749129,750 Sq-ft,Single,https://assets.helloaddress.com/ui/images/property-no-image-small-ra.jpg
Residential Apartment for Rent,Malappuram,Malappuram,Malappuram,5 k - 10 k ,2,12274143,500 Sq-ft,Single,https://assets.helloaddress.com/ui/images/property-no-image-small-ra.jpg
Commercial Building for Rent,Ponnani,Ponnani,Malappuram,15 k - 20 k ,2,12644717,600 Sq-ft,Single,https://assets.helloaddress.com/ui/images/property-no-image-small-cb.jpg
Residential Apartment for Rent,Perinthalmanna,Perinthalmanna,Malappuram,5 k - 10 k ,2,P799264,850 Sq-ft,Single,https://assets.helloaddress.com/ui/images/property-no-image-small-ra.jpg
Residential House/Villa for Rent,Thazhekode,Perinthalmanna,Malappuram,10 k - 15 k ,3,P798153,1600 Sq-ft,Single,https://assets.helloaddress.com/propertyImages/2019/February/thumb_property_P798153_5c67cd514cf8b.jpg
Commercial Office for Rent,Tirur,Tirur,Malappuram,20 k - 25 k ,3,12639667,1400 Sq-ft,Single,https://assets.helloaddress.com/ui/images/property-no-image-small-cf.jpg
Residential House/Villa for Rent,Tirur,Tirur,Malappuram,10 k - 15 k ,2,12560864,2000 Sq-ft,Single,https://assets.helloaddress.com/ui/images/property-no-image-small-rh.jpg
Residential House/Villa for Rent,Tirur,Tirur,Malappuram,15 k - 20 k ,7,12567105,2000 Sq-ft,Single,https://assets.helloaddress.com/ui/images/property-no-image-small-rh.jpg
Residential Apartment for Rent,Manjeri,Manjeri,Malappuram,5 k - 10 k ,2,12489119,900 Sq-ft,Single,https://assets.helloaddress.com/ui/images/property-no-image-small-ra.jpg
Residential Apartment for Rent,Vazhikkadavu,Nilambur,Malappuram,10 k - 15 k ,2,P797714,1200 Sq-ft,Single,https://assets.helloaddress.com/ui/images/property-no-image-small-ra.jpg
Commercial Land for Rent,Venniyur,Kottakkal,Malappuram,1 Lac - 5 Lac ,2,P787311,16.5 Cent,Single,https://assets.helloaddress.com/ui/images/property-no-image-small-cl.jpg
Commercial Building for Rent,Down Hill,Malappuram,Malappuram,Above 10 Lac ,2,P783558,52000 Sq-ft,Single,https://assets.helloaddress.com/ui/images/property-no-image-small-cb.jpg
Commercial Land for Rent,Venniyur,Kottakkal,Malappuram,35 k - 40 k ,2,P783349,16.5 Cent,Joint,https://assets.helloaddress.com/ui/images/property-no-image-small-cl.jpg
Commercial Office for Rent,Chenakkal,Kottakkal,Malappuram,5 k - 10 k ,2,P782069,5 Sq-ft,Single,https://assets.helloaddress.com/ui/images/property-no-image-small-cf.jpg
Commercial Office for Rent,Edappal,Edappal,Malappuram,40 k - 45 k ,2,P779457,20000 Sq-ft,Single,https://assets.helloaddress.com/ui/images/property-no-image-small-cf.jpg
Residential House/Villa for Rent,Pulamanothole,Perinthalmanna,Malappuram,10 k - 15 k ,3,P778556,1700 Sq-ft,Single,https://assets.helloaddress.com/ui/images/property-no-image-small-rh.jpg
Commercial Land for Rent,Perinthalmanna,Perinthalmanna,Malappuram,Not Provided ,3,P715796,16.4 Cent,Single,https://assets.helloaddress.com/ui/images/property-no-image-small-cl.jpg
Residential House/Villa for Rent,Kondotty,Kondotty,Malappuram,10 k - 15 k ,3,P773253,1800 Sq-ft,Single,https://assets.helloaddress.com/ui/images/property-no-image-small-rh.jpg
Commercial Building for Rent,Kondotty,Kondotty,Malappuram,Not Provided ,3,12435792,3000 Sq-m,Single,https://assets.helloaddress.com/ui/images/property-no-image-small-cb.jpg
Commercial Building for Rent,Perinthalmanna,Perinthalmanna,Malappuram,Not Provided ,3,12432403,3000 Sq-ft,Single,https://assets.helloaddress.com/ui/images/property-no-image-small-cb.jpg
Residential House/Villa for Rent,in Perinthalmanna,Perinthalmanna,Malappuram,5 k - 10 k ,2,P770580,2200 Sq-ft,Single,https://assets.helloaddress.com/ui/images/property-no-image-small-rh.jpg
Residential Apartment for Rent,in Angadippuram,Perinthalmanna,Malappuram,5 k - 10 k ,2,P768358,900 Sq-ft,Single,https://assets.helloaddress.com/ui/images/property-no-image-small-ra.jpg
Commercial Building for Rent,Chenakkal,Kottakkal,Malappuram,Not Provided ,2,12415234,2000 Sq-ft,Single,https://assets.helloaddress.com/ui/images/property-no-image-small-cb.jpg
Residential House/Villa for Rent,in Manjeri,Manjeri,Malappuram,5 k - 10 k ,2,124165181,1200 Sq-ft,Single,https://assets.helloaddress.com/ui/images/property-no-image-small-rh.jpg
Residential House/Villa for Rent,Manjeri,Manjeri,Malappuram,Not Provided ,1,12416518,800 Sq-ft,Single,https://assets.helloaddress.com/ui/images/property-no-image-small-rh.jpg
Residential House/Villa for Rent,in Munduparamba,Malappuram,Malappuram,5 k - 10 k ,3,12407252,1200 Sq-ft,Single,https://assets.helloaddress.com/ui/images/property-no-image-small-rh.jpg
Residential House/Villa for Rent,Manjeri,Manjeri,Malappuram,5 k - 10 k ,2,12383914,1000 Sq-ft,Single,https://assets.helloaddress.com/ui/images/property-no-image-small-rh.jpg
Residential House/Villa for Rent,in Chungathara,Nilambur,Malappuram,10 k - 15 k ,3,12392734,2300 Sq-ft,Single,https://assets.helloaddress.com/ui/images/property-no-image-small-rh.jpg
Commercial Building for Rent,in Tirur,Tirur,Malappuram,70 k - 75 k ,3,12369145,3000 Sq-ft,Single,https://assets.helloaddress.com/ui/images/property-no-image-small-cb.jpg
Commercial Building for Rent,in Tirur,Tirur,Malappuram,70 k - 75 k ,3,12370847,3000 Sq-ft,Single,https://assets.helloaddress.com/ui/images/property-no-image-small-cb.jpg
Commercial Building for Rent,Morayur,Manjeri,Malappuram,Not Provided ,3,12380050,7000 Sq-ft,Single,https://assets.helloaddress.com/ui/images/property-no-image-small-cb.jpg
വാസയോഗ്യമായ വീട്‌ / ഉല്ലാസഭവനം വാടകയ്ക്ക്,Peruvallur,Thirurangadi,Malappuram,5 k - 10 k ,2,P761207,900 Sq-ft,Single,https://assets.helloaddress.com/ui/images/property-no-image-small-rh.jpg
Commercial Shop for Rent,Malappuram,Malappuram,Malappuram,1 k - 5 k ,2,P754331,350 Sq-ft,Single,https://assets.helloaddress.com/ui/images/property-no-image-small-cs.jpg
Commercial Building for Rent,in Vengara,Thirurangadi,Malappuram,20 k - 25 k ,2,12360694,15000 Sq-ft,Single,https://assets.helloaddress.com/ui/images/property-no-image-small-cb.jpg
Commercial Office for Rent,Parappanangadi,Thirurangadi,Malappuram,25 k - 30 k ,2,12361895,1000 Sq-ft,Single,https://assets.helloaddress.com/ui/images/property-no-image-small-cf.jpg
Residential Apartment for Rent,Manjeri,Manjeri,Malappuram,1 k - 5 k ,2,P757224,750 Sq-ft,Single,https://assets.helloaddress.com/ui/images/property-no-image-small-ra.jpg
Commercial Building for Rent,Malappuram,Malappuram,Malappuram,Not Provided ,2,12325028,2000 Sq-ft,Single,https://assets.helloaddress.com/ui/images/property-no-image-small-cb.jpg
Commercial Land for Rent,in Perinthalmanna,Perinthalmanna,Malappuram,25 k - 30 k ,2,12339936,23 Cent,Single,https://assets.helloaddress.com/ui/images/property-no-image-small-cl.jpg
Residential House/Villa for Rent,in Anamangad,Perinthalmanna,Malappuram,Not Provided ,3,12330391,950 Sq-ft,Single,https://assets.helloaddress.com/ui/images/property-no-image-small-rh.jpg
Residential House/Villa for Rent,in Pathaikkara,Perinthalmanna,Malappuram,10 k - 15 k ,3,P753389,2700 Sq-ft,Single,https://assets.helloaddress.com/ui/images/property-no-image-small-rh.jpg
Commercial Shop for Rent,Nilambur,Nilambur,Malappuram,Not Provided ,3,12308863,159 Sq-ft,Single,https://assets.helloaddress.com/ui/images/property-no-image-small-cs.jpg
Commercial Land for Rent,Irumbuzhi,Malappuram,Malappuram,60 k - 65 k ,3,P752081,15580 Sq-ft,Single,https://assets.helloaddress.com/ui/images/property-no-image-small-cl.jpg
Residential House/Villa for Rent,Malappuram,Malappuram,Malappuram,5 k - 10 k ,2,12300388,1000 Sq-ft,Single,https://assets.helloaddress.com/ui/images/property-no-image-small-rh.jpg
Residential Apartment for Rent,Manjeri,Manjeri,Malappuram,5 k - 10 k ,2,P750146,750 Sq-ft,Single,https://assets.helloaddress.com/ui/images/property-no-image-small-ra.jpg
Residential House/Villa for Rent,Nilambur,Nilambur,Malappuram,1 Lac - 5 Lac ,4,12299269,2000 Sq-ft,Single,https://assets.helloaddress.com/ui/images/property-no-image-small-rh.jpg
Commercial Building for Rent,in Perinthalmanna,Perinthalmanna,Malappuram,Not Provided ,4,P749570,300 Sq-ft,Single,https://assets.helloaddress.com/ui/images/property-no-image-small-cb.jpg
Commercial Building for Rent,Thenhippalam,Thirurangadi,Malappuram,25 k - 30 k ,4,P749365,2800 Sq-ft,Single,https://assets.helloaddress.com/ui/images/property-no-image-small-cb.jpg
Residential Apartment for Rent,in Manjeri,Manjeri,Malappuram,35 k - 40 k ,2,P749259,4500 Sq-ft,Single,https://assets.helloaddress.com/ui/images/property-no-image-small-ra.jpg
Commercial Building for Rent,Valanchery,Ponnani,Malappuram,Not Provided ,2,P749190,1200 Sq-ft,Single,https://assets.helloaddress.com/ui/images/property-no-image-small-cb.jpg
Commercial Building for Rent,Malappuram,Malappuram,Malappuram,75 k - 80 k ,2,P749146,2400 Sq-ft,Single,https://assets.helloaddress.com/ui/images/property-no-image-small-cb.jpg
Residential Land for Rent,Perinthalmanna,Perinthalmanna,Malappuram,Not Provided ,2,P749151,35 Cent,Single,https://assets.helloaddress.com/ui/images/property-no-image-small-rl.jpg
Commercial Building for Rent,Manjeri,Manjeri,Malappuram,Not Provided ,2,P749134,2000 Sq-ft,Single,https://assets.helloaddress.com/ui/images/property-no-image-small-cb.jpg
Residential Apartment for Rent,Uphill,Malappuram,Malappuram,Not Provided ,2,P749129,750 Sq-ft,Single,https://assets.helloaddress.com/ui/images/property-no-image-small-ra.jpg
Residential House/Villa for Rent,Down Hill,Malappuram,Malappuram,5 k - 10 k ,2,P744274,700 Sq-ft,Single,https://assets.helloaddress.com/ui/images/property-no-image-small-rh.jpg
Residential House/Villa for Rent,Malappuram,Malappuram,Malappuram,1 k - 5 k ,3,P747933,900 Sq-ft,Single,https://assets.helloaddress.com/ui/images/property-no-image-small-rh.jpg
Commercial Building for Rent,Edappal,Edappal,Malappuram,Not Provided ,3,P747583,500 Sq-ft,Single,https://assets.helloaddress.com/ui/images/property-no-image-small-cb.jpg
Commercial Shop for Rent,Manjeri,Manjeri,Malappuram,Not Provided ,3,12265643,7000 Sq-ft,Single,https://assets.helloaddress.com/ui/images/property-no-image-small-cs.jpg
Residential Apartment for Rent,Malappuram,Malappuram,Malappuram,5 k - 10 k ,2,12274143,500 Sq-ft,Single,https://assets.helloaddress.com/ui/images/property-no-image-small-ra.jpg
Residential House/Villa for Rent,in Manjeri,Manjeri,Malappuram,Not Provided ,3,P745063,1750 Sq-ft,Single,https://assets.helloaddress.com/ui/images/property-no-image-small-rh.jpg
Residential House/Villa for Rent,in Ponnani,Ponnani,Malappuram,5 k - 10 k ,2,12254033,900 Sq-ft,Single,https://assets.helloaddress.com/ui/images/property-no-image-small-rh.jpg
Commercial Building for Rent,in Uphill,Malappuram,Malappuram,Not Provided ,2,P741920,17500 Sq-ft,Joint,https://assets.helloaddress.com/ui/images/property-no-image-small-cb.jpg
Residential Apartment for Rent,Perinthalmanna,Perinthalmanna,Malappuram,5 k - 10 k ,2,P739379,1200 Sq-ft,Joint,https://assets.helloaddress.com/ui/images/property-no-image-small-ra.jpg
Commercial Other for Rent,Edakkara,Nilambur,Malappuram,1 k - 5 k ,2,P739386,1000 Sq-ft,Joint,https://assets.helloaddress.com/ui/images/property-no-image-small-co.jpg
Commercial Building for Rent,in Tanur,Tirur,Malappuram,1 Lac - 5 Lac ,2,12178082,7000 Sq-ft,Single,https://assets.helloaddress.com/ui/images/property-no-image-small-cb.jpg
Residential House/Villa for Rent,Peruvallur,Thirurangadi,Malappuram,15 k - 20 k ,4,P738203,1600 Sq-ft,Single,https://assets.helloaddress.com/ui/images/property-no-image-small-rh.jpg
Commercial Building for Rent,Thenhippalam,Thirurangadi,Malappuram,45 k - 50 k ,4,P733928,5000 Sq-ft,Single,https://assets.helloaddress.com/ui/images/property-no-image-small-cb.jpg
Commercial Building for Rent,in Malappuram,Malappuram,Malappuram,Not Provided ,4,P731403,18000 Sq-ft,Single,https://assets.helloaddress.com/ui/images/property-no-image-small-cb.jpg
Residential Apartment for Rent,Kondotty,Kondotty,Malappuram,5 k - 10 k ,2,12115894,730 Sq-ft,Single,https://assets.helloaddress.com/ui/images/property-no-image-small-ra.jpg
Commercial Office for Rent,Nilambur,Nilambur,Malappuram,5 k - 10 k ,2,12065250,900 Sq-ft,Single,https://assets.helloaddress.com/ui/images/property-no-image-small-cf.jpg
Residential Apartment for Rent,in Chenakkal,Kottakkal,Malappuram,5 k - 10 k ,2,12003584,680 Sq-ft,Single,https://assets.helloaddress.com/ui/images/property-no-image-small-ra.jpg
Commercial Building for Rent,Thurakkal,Manjeri,Malappuram,1 Lac - 5 Lac ,2,P711271,20000 Sq-ft,Single,https://assets.helloaddress.com/ui/images/property-no-image-small-cb.jpg
Residential House/Villa for Rent,in Edappal,Edappal,Malappuram,20 k - 25 k ,5,11907957,3500 Sq-ft,Single,https://assets.helloaddress.com/ui/images/property-no-image-small-rh.jpg
Commercial Office for Rent,in Manjeri,Manjeri,Malappuram,Not Provided ,5,11897096,1100 Sq-ft,Joint,https://assets.helloaddress.com/ui/images/property-no-image-small-cf.jpg
Commercial Building for Rent,in Tirur,Tirur,Malappuram,1 k - 5 k ,5,118571011,2000 Sq-ft,Single,https://assets.helloaddress.com/ui/images/property-no-image-small-cb.jpg
Residential House/Villa for Rent,in Tirur,Tirur,Malappuram,5 k - 10 k ,4,11857101,2500 Sq-ft,Single,https://assets.helloaddress.com/ui/images/property-no-image-small-rh.jpg
Residential House/Villa for Rent,in Athanikkal,Thirurangadi,Malappuram,5 k - 10 k ,3,11836527,1200 Sq-ft,Single,https://assets.helloaddress.com/ui/images/property-no-image-small-rh.jpg
Commercial Building for Rent,Malappuram,Malappuram,Malappuram,Not Provided ,3,11807184,25000 Sq-ft,Single,https://assets.helloaddress.com/ui/images/property-no-image-small-cb.jpg
Commercial Building for Rent,Perinthalmanna,Perinthalmanna,Malappuram,Not Provided ,3,11734263,5000 Sq-ft,Single,https://assets.helloaddress.com/ui/images/property-no-image-small-cb.jpg
Commercial Building for Rent,in Perinthalmanna,Perinthalmanna,Malappuram,Not Provided ,3,11734249,5000 Sq-ft,Single,https://assets.helloaddress.com/ui/images/property-no-image-small-cb.jpg
Residential House/Villa for Rent,in Manjeri,Manjeri,Malappuram,10 k - 15 k ,3,11735456,1700 Sq-ft,Single,https://assets.helloaddress.com/ui/images/property-no-image-small-rh.jpg
Commercial Office for Rent,Nilambur,Nilambur,Malappuram,Not Provided ,3,11707970,1250 Sq-ft,Single,https://assets.helloaddress.com/ui/images/property-no-image-small-cf.jpg
Residential Apartment for Rent,in Cherani,Manjeri,Malappuram,Not Provided ,2,11708713,850 Sq-ft,Single,https://assets.helloaddress.com/ui/images/property-no-image-small-ra.jpg
Residential Apartment for Rent,Angadippuram,Perinthalmanna,Malappuram,15 k - 20 k ,2,P678227,1400 Sq-ft,Single,https://assets.helloaddress.com/ui/images/property-no-image-small-ra.jpg
Residential House/Villa for Rent,in Malappuram,Malappuram,Malappuram,5 k - 10 k ,3,11585718,1500 Sq-ft,Single,https://assets.helloaddress.com/ui/images/property-no-image-small-rh.jpg
Commercial Building for Rent,Malappuram,Malappuram,Malappuram,Not Provided ,3,11529122,6000 Sq-ft,Single,https://assets.helloaddress.com/ui/images/property-no-image-small-cb.jpg
Residential House/Villa for Rent,in Pathaikkara,Perinthalmanna,Malappuram,5 k - 10 k ,4,11551546,1800 Sq-ft,Single,https://assets.helloaddress.com/ui/images/property-no-image-small-rh.jpg
Commercial Office for Rent,in Perinthalmanna,Perinthalmanna,Malappuram,20 k - 25 k ,4,11476000,800 Sq-ft,Single,https://assets.helloaddress.com/ui/images/property-no-image-small-cf.jpg
