Name,Location,City,District,Price,Bed,PropertyID,PropertyArea,OwnershipType,image
Residential House/Villa for Rent,Shoranur,Ottappalam,Palakkad,1 k - 5 k ,2,12645491,1000 Sq-ft,Single,https://assets.helloaddress.com/ui/images/property-no-image-small-rh.jpg
Commercial Building for Rent,in Noorani,Palakkad,Palakkad,Not Provided ,2,12651490,4200 Sq-ft,Single,https://assets.helloaddress.com/ui/images/property-no-image-small-cb.jpg
Residential Apartment for Rent,Palakkad town,Palakkad,Palakkad,10 k - 15 k ,1,12637776,900 Sq-ft,Single,https://assets.helloaddress.com/ui/images/property-no-image-small-ra.jpg
Commercial Office for Rent,Kongad,Palakkad,Palakkad,Not Provided ,1,12614834,1000 Sq-ft,Single,https://assets.helloaddress.com/ui/images/property-no-image-small-cf.jpg
Residential Apartment for Rent,Noorani,Palakkad,Palakkad,5 k - 10 k ,2,12614660,1000 Sq-ft,Single,https://assets.helloaddress.com/ui/images/property-no-image-small-ra.jpg
Residential House/Villa for Rent,Kalpathi,Palakkad,Palakkad,Not Provided ,3,12595498,2000 Sq-ft,Single,https://assets.helloaddress.com/ui/images/property-no-image-small-rh.jpg
Residential Apartment for Rent,Palakkad town,Palakkad,Palakkad,10 k - 15 k ,2,12601722,900 Sq-ft,Single,https://assets.helloaddress.com/ui/images/property-no-image-small-ra.jpg
Commercial Building for Rent,in Mannarkad,Mannarkkad,Palakkad,Not Provided ,2,P791839,8000 Sq-ft,Single,https://assets.helloaddress.com/ui/images/property-no-image-small-cb.jpg
Residential House/Villa for Rent,Kalpathi,Palakkad,Palakkad,15 k - 20 k ,2,12567740,2000 Sq-ft,Single,https://assets.helloaddress.com/ui/images/property-no-image-small-rh.jpg
Commercial Building for Rent,Kongad,Palakkad,Palakkad,60 k - 65 k ,2,12576116,2500 Sq-ft,Single,https://assets.helloaddress.com/ui/images/property-no-image-small-cb.jpg
Residential House/Villa for Rent,Shoranur,Ottappalam,Palakkad,10 k - 15 k ,2,12570940,1100 Sq-ft,Single,https://assets.helloaddress.com/ui/images/property-no-image-small-rh.jpg
Commercial Land for Rent,in Ottappalam,Ottappalam,Palakkad,Not Provided ,2,12557307,35 Cent,Single,https://assets.helloaddress.com/ui/images/property-no-image-small-cl.jpg
Commercial Office for Rent,Palakkad town,Palakkad,Palakkad,Not Provided ,2,12557057,1000 Sq-ft,Single,https://assets.helloaddress.com/ui/images/property-no-image-small-cf.jpg
Commercial Land for Rent,Kallekkad,Palakkad,Palakkad,Not Provided ,2,12533353,30 Cent,Single,https://assets.helloaddress.com/ui/images/property-no-image-small-cl.jpg
Commercial Office for Rent,Palakkad town,Palakkad,Palakkad,Not Provided ,2,12534747,400 Sq-ft,Single,https://assets.helloaddress.com/ui/images/property-no-image-small-cf.jpg
Residential House/Villa for Rent,Palakkad town,Palakkad,Palakkad,Not Provided ,2,12509282,1000 Sq-ft,Single,https://assets.helloaddress.com/ui/images/property-no-image-small-rh.jpg
Residential House/Villa for Rent,Palakkad town,Palakkad,Palakkad,5 k - 10 k ,2,12489165,1100 Sq-ft,Single,https://assets.helloaddress.com/ui/images/property-no-image-small-rh.jpg
Commercial Building for Rent,in Muttikulagara,Palakkad,Palakkad,20 k - 25 k ,2,12490555,2000 Sq-ft,Single,https://assets.helloaddress.com/ui/images/property-no-image-small-cb.jpg
Commercial Land for Rent,Palakkad town,Palakkad,Palakkad,45 k - 50 k ,2,12496308,5 Cent,Single,https://assets.helloaddress.com/ui/images/property-no-image-small-cl.jpg
Residential Apartment for Rent,Palakkad town,Palakkad,Palakkad,Not Provided ,3,12486471,1200 Sq-ft,Single,https://assets.helloaddress.com/ui/images/property-no-image-small-ra.jpg
Commercial Office for Rent,Palakkad town,Palakkad,Palakkad,Not Provided ,3,12493829,1500 Sq-ft,Single,https://assets.helloaddress.com/propertyImages/2018/September/thumb_property_12493829_5b9b96e2ad4ee.jpg
Commercial Building for Rent,in Mundur,Palakkad,Palakkad,Not Provided ,3,12487561,24000 Sq-ft,Single,https://assets.helloaddress.com/ui/images/property-no-image-small-cb.jpg
Residential House/Villa for Rent,Kodumba,Palakkad,Palakkad,10 k - 15 k ,3,P794955,2400 Sq-ft,Single,https://assets.helloaddress.com/ui/images/property-no-image-small-rh.jpg
Commercial Office for Rent,in Kalpathi,Palakkad,Palakkad,15 k - 20 k ,3,P792241,700 Sq-ft,Single,https://assets.helloaddress.com/ui/images/property-no-image-small-cf.jpg
Commercial Building for Rent,Mannarkad,Mannarkkad,Palakkad,Not Provided ,3,P791944,7000 Sq-ft,Single,https://assets.helloaddress.com/ui/images/property-no-image-small-cb.jpg
Commercial Land for Rent,in Mannarkad,Mannarkkad,Palakkad,Not Provided ,3,P791842,15 Cent,Single,https://assets.helloaddress.com/ui/images/property-no-image-small-cl.jpg
Residential House/Villa for Rent,Chandranagar,Palakkad,Palakkad,Not Provided ,1,P791525,700 Sq-ft,Single,https://assets.helloaddress.com/ui/images/property-no-image-small-rh.jpg
Residential House/Villa for Rent,Kalpathi,Palakkad,Palakkad,Not Provided ,3,P791192,1250 Sq-ft,Single,https://assets.helloaddress.com/ui/images/property-no-image-small-rh.jpg
Residential Apartment for Rent,Kodumba,Palakkad,Palakkad,5 k - 10 k ,2,P786887,850 Sq-ft,Single,https://assets.helloaddress.com/ui/images/property-no-image-small-ra.jpg
Industrial Building for Rent,Chandranagar,Palakkad,Palakkad,1 Lac - 5 Lac ,2,P785527,10096 Sq-ft,Joint,https://assets.helloaddress.com/ui/images/property-no-image-small-ib.jpg
Commercial Shop for Rent,Palakkad town,Palakkad,Palakkad,Not Provided ,2,P785235,225 Sq-ft,Single,https://assets.helloaddress.com/ui/images/property-no-image-small-cs.jpg
Residential House/Villa for Rent,Mele Pattambi,Pattambi,Palakkad,1 k - 5 k ,2,P782613,1100 Sq-ft,Single,https://assets.helloaddress.com/ui/images/property-no-image-small-rh.jpg
Commercial Shop for Rent,Palakkad town,Palakkad,Palakkad,5 k - 10 k ,2,P782416,400 Sq-ft,Single,https://assets.helloaddress.com/ui/images/property-no-image-small-cs.jpg
വാണിജ്യ ഭൂമി വാടകയ്ക്ക്,Manisseri,Ottappalam,പാലക്കാട്,Not Provided ,2,P780671,7 Cent,Joint,https://assets.helloaddress.com/ui/images/property-no-image-small-cl.jpg
Commercial Building for Rent,Mankara,Palakkad,Palakkad,95 k - 1 Lac ,2,P780606,14000 Sq-ft,Single,https://assets.helloaddress.com/ui/images/property-no-image-small-cb.jpg
Commercial Shop for Rent,Shoranur,Ottappalam,Palakkad,15 k - 20 k ,2,P753769,400 Sq-ft,Single,https://assets.helloaddress.com/ui/images/property-no-image-small-cs.jpg
Residential Apartment for Rent,in Kallekkad,Palakkad,Palakkad,5 k - 10 k ,2,P774388,3000 Sq-ft,Single,https://assets.helloaddress.com/ui/images/property-no-image-small-ra.jpg
Residential House/Villa for Rent,Peruvemba,Palakkad,Palakkad,5 k - 10 k ,2,P773613,1200 Sq-ft,Single,https://assets.helloaddress.com/ui/images/property-no-image-small-rh.jpg
Commercial Building for Rent,Palakkad town,Palakkad,Palakkad,Not Provided ,2,12464812,12500 Sq-ft,Single,https://assets.helloaddress.com/ui/images/property-no-image-small-cb.jpg
Commercial Office for Rent,Palakkad town,Palakkad,Palakkad,Not Provided ,2,12454275,1200 Sq-ft,Single,https://assets.helloaddress.com/ui/images/property-no-image-small-cf.jpg
Commercial Building for Rent,Palakkad town,Palakkad,Palakkad,Not Provided ,2,12459536,3500 Sq-ft,Single,https://assets.helloaddress.com/ui/images/property-no-image-small-cb.jpg
Commercial Shop for Rent,Palakkad town,Palakkad,Palakkad,Not Provided ,2,12463022,390 Sq-ft,Single,https://assets.helloaddress.com/ui/images/property-no-image-small-cs.jpg
Commercial Office for Rent,Alathur,Alathur,Palakkad,Not Provided ,2,12463780,1000 Sq-ft,Single,https://assets.helloaddress.com/ui/images/property-no-image-small-cf.jpg
Commercial Building for Rent,in Chandranagar,Palakkad,Palakkad,Not Provided ,2,12446475,7000 Sq-ft,Single,https://assets.helloaddress.com/ui/images/property-no-image-small-cb.jpg
Residential Apartment for Rent,Palakkad town,Palakkad,Palakkad,5 k - 10 k ,2,12444631,1100 Sq-ft,Single,https://assets.helloaddress.com/ui/images/property-no-image-small-ra.jpg
Commercial Shop for Rent,Vadakkencherry,Vadakkencherry,Palakkad,Not Provided ,2,P770814,1500 Sq-ft,Single,https://assets.helloaddress.com/ui/images/property-no-image-small-cs.jpg
Residential Apartment for Rent,Palakkad town,Palakkad,Palakkad,5 k - 10 k ,2,P767401,990 Sq-ft,Single,https://assets.helloaddress.com/ui/images/property-no-image-small-ra.jpg
Residential Apartment for Rent,Hemambikanagar,Palakkad,Palakkad,5 k - 10 k ,2,P766825,1100 Sq-ft,Single,https://assets.helloaddress.com/ui/images/property-no-image-small-ra.jpg
Residential House/Villa for Rent,Puthur,Palakkad,Palakkad,Not Provided ,3,P766098,2300 Sq-ft,Single,https://assets.helloaddress.com/ui/images/property-no-image-small-rh.jpg
Residential House/Villa for Rent,Palakkad town,Palakkad,Palakkad,5 k - 10 k ,2,12397406,1000 Sq-ft,Single,https://assets.helloaddress.com/ui/images/property-no-image-small-rh.jpg
Residential House/Villa for Rent,Chandranagar,Palakkad,Palakkad,10 k - 15 k ,3,P764385,1100 Sq-ft,Single,https://assets.helloaddress.com/ui/images/property-no-image-small-rh.jpg
Residential House/Villa for Rent,in Muttikulagara,Palakkad,Palakkad,5 k - 10 k ,2,P762917,1150 Sq-ft,Single,https://assets.helloaddress.com/ui/images/property-no-image-small-rh.jpg
Commercial Building for Rent,in Thachampara,Mannarkkad,Palakkad,Not Provided ,2,P762745,20000 Sq-ft,Joint,https://assets.helloaddress.com/ui/images/property-no-image-small-cb.jpg
Commercial Land for Rent,Pattambi,Pattambi,Palakkad,Not Provided ,2,12371074,30 Cent,Single,https://assets.helloaddress.com/ui/images/property-no-image-small-cl.jpg
Residential House/Villa for Rent,Ambattupalayam,Chittur,Palakkad,5 k - 10 k ,3,P761921,1250 Sq-ft,Single,https://assets.helloaddress.com/ui/images/property-no-image-small-rh.jpg
Commercial Shop for Rent,Alathur,Alathur,Palakkad,Not Provided ,3,12375217,1000 Sq-ft,Single,https://assets.helloaddress.com/ui/images/property-no-image-small-cs.jpg
Commercial Building for Rent,Kozhinjampara,Chittur,Palakkad,Not Provided ,3,12377379,2500 Sq-ft,Single,https://assets.helloaddress.com/ui/images/property-no-image-small-cb.jpg
Residential House/Villa for Rent,Palakkad town,Palakkad,Palakkad,15 k - 20 k ,4,P759186,2650 Sq-ft,Single,https://assets.helloaddress.com/ui/images/property-no-image-small-rh.jpg
Residential House/Villa for Rent,Kodunthirappully,Palakkad,Palakkad,5 k - 10 k ,2,P757484,950 Sq-ft,Single,https://assets.helloaddress.com/ui/images/property-no-image-small-rh.jpg
Residential House/Villa for Rent,in Puthur,Palakkad,Palakkad,Not Provided ,2,12330618,1500 Sq-ft,Single,https://assets.helloaddress.com/ui/images/property-no-image-small-rh.jpg
Commercial Building for Rent,in Yakkara,Palakkad,Palakkad,Not Provided ,2,12330095,3200 Sq-ft,Single,https://assets.helloaddress.com/ui/images/property-no-image-small-cb.jpg
Commercial Building for Rent,in Mannarkad,Mannarkkad,Palakkad,Not Provided ,2,12333450,12000 Sq-ft,Single,https://assets.helloaddress.com/ui/images/property-no-image-small-cb.jpg
Commercial Building for Rent,Kozhinjampara,Chittur,Palakkad,Not Provided ,2,12325237,2000 Sq-ft,Single,https://assets.helloaddress.com/ui/images/property-no-image-small-cb.jpg
Residential House/Villa for Rent,Shoranur,Ottappalam,Palakkad,5 k - 10 k ,2,12327070,1200 Sq-ft,Single,https://assets.helloaddress.com/ui/images/property-no-image-small-rh.jpg
Commercial Office for Rent,Pattambi,Pattambi,Palakkad,10 k - 15 k ,2,P752179,700 Sq-ft,Single,https://assets.helloaddress.com/ui/images/property-no-image-small-cf.jpg
Commercial Shop for Rent,Sreekrishnapuram,Cherpulassery,Palakkad,5 k - 10 k ,2,P751828,420 Sq-ft,Single,https://assets.helloaddress.com/ui/images/property-no-image-small-cs.jpg
Commercial Land for Rent,Kadampazhipuram,Ottappalam,Palakkad,Not Provided ,2,P751340,1.5 Acre,Single,https://assets.helloaddress.com/ui/images/property-no-image-small-cl.jpg
Commercial Building for Rent,Kozhinjampara,Chittur,Palakkad,30 k - 35 k ,2,P751390,2000 Sq-ft,Single,https://assets.helloaddress.com/ui/images/property-no-image-small-cb.jpg
Commercial Building for Rent,in Palakkad town,Palakkad,Palakkad,5 k - 10 k ,2,12306201,600 Sq-ft,Single,https://assets.helloaddress.com/ui/images/property-no-image-small-cb.jpg
Residential Apartment for Rent,Palakkad town,Palakkad,Palakkad,Not Provided ,2,12304461,1000 Sq-ft,Single,https://assets.helloaddress.com/ui/images/property-no-image-small-ra.jpg
Commercial Building for Rent,Palakkad town,Palakkad,Palakkad,Not Provided ,2,P749886,6000 Sq-ft,Single,https://assets.helloaddress.com/ui/images/property-no-image-small-cb.jpg
വാണിജ്യ ഓഫസ് വാടകയ്ക്ക്,Palakkad town,Palakkad,പാലക്കാട്,1 k - 5 k ,2,P749304,400 Sq-ft,Single,https://assets.helloaddress.com/ui/images/property-no-image-small-cf.jpg
Residential Apartment for Rent,Palakkad town,Palakkad,Palakkad,1 k - 5 k ,1,12277752,480 Sq-ft,Single,https://assets.helloaddress.com/ui/images/property-no-image-small-ra.jpg
Commercial Shop for Rent,Chittur,Chittur,Palakkad,20 k - 25 k ,1,12280832,500 Sq-ft,Single,https://assets.helloaddress.com/ui/images/property-no-image-small-cs.jpg
Residential House/Villa for Rent,Palakkad town,Palakkad,Palakkad,15 k - 20 k ,2,12296465,2000 Sq-ft,Single,https://assets.helloaddress.com/ui/images/property-no-image-small-rh.jpg
Residential House/Villa for Rent,in Pudussery,Palakkad,Palakkad,5 k - 10 k ,2,12290743,1450 Sq-ft,Single,https://assets.helloaddress.com/ui/images/property-no-image-small-rh.jpg
Residential Apartment for Rent,in Palakkad town,Palakkad,Palakkad,10 k - 15 k ,2,12286936,1200 Sq-ft,Single,https://assets.helloaddress.com/ui/images/property-no-image-small-ra.jpg
Agricultural Land for Rent,Palakkad town,Palakkad,Palakkad,Not Provided ,2,12280853,12 Acre,Single,https://assets.helloaddress.com/ui/images/property-no-image-small-al.jpg
Commercial Shop for Rent,Sreekrishnapuram,Cherpulassery,Palakkad,5 k - 10 k ,2,P746987,420 Sq-ft,Single,https://assets.helloaddress.com/ui/images/property-no-image-small-cs.jpg
Residential House/Villa for Rent,in Olavakkode,Palakkad,Palakkad,5 k - 10 k ,3,12263850,1450 Sq-ft,Single,https://assets.helloaddress.com/ui/images/property-no-image-small-rh.jpg
Residential House/Villa for Rent,Vadakkencherry,Vadakkencherry,Palakkad,Not Provided ,2,12276342,1500 Sq-ft,Single,https://assets.helloaddress.com/ui/images/property-no-image-small-rh.jpg
Residential House/Villa for Rent,Kodunthirappully,Palakkad,Palakkad,10 k - 15 k ,3,12272203,2000 Sq-ft,Single,https://assets.helloaddress.com/ui/images/property-no-image-small-rh.jpg
Residential House/Villa for Rent,Palakkad town,Palakkad,Palakkad,1 k - 5 k ,1,P743045,800 Sq-ft,Single,https://assets.helloaddress.com/ui/images/property-no-image-small-rh.jpg
Commercial Office for Rent,Palakkad town,Palakkad,Palakkad,Not Provided ,1,12260363,1436 Sq-ft,Single,https://assets.helloaddress.com/ui/images/property-no-image-small-cf.jpg
Residential Land for Rent,in Pudussery,Palakkad,Palakkad,Not Provided ,1,P743624,15 Cent,Single,https://assets.helloaddress.com/ui/images/property-no-image-small-rl.jpg
Commercial Shop for Rent,Palakkad town,Palakkad,Palakkad,5 k - 10 k ,1,P743616,325 Sq-ft,Single,https://assets.helloaddress.com/ui/images/property-no-image-small-cs.jpg
Residential House/Villa for Rent,Kavilppad,Palakkad,Palakkad,5 k - 10 k ,2,P743279,1200 Sq-ft,Single,https://assets.helloaddress.com/ui/images/property-no-image-small-rh.jpg
Commercial Shop for Rent,Kanjikode,Kanjikode,Palakkad,Not Provided ,2,P743272,2000 Sq-ft,Single,https://assets.helloaddress.com/ui/images/property-no-image-small-cs.jpg
Commercial Building for Rent,Palakkad town,Palakkad,Palakkad,Not Provided ,2,P743179,3300 Sq-ft,Single,https://assets.helloaddress.com/ui/images/property-no-image-small-cb.jpg
Commercial Office for Rent,Palakkad town,Palakkad,Palakkad,Not Provided ,2,P743197,1000 Sq-ft,Single,https://assets.helloaddress.com/ui/images/property-no-image-small-cf.jpg
Residential House/Villa for Rent,Kalmandapam,Palakkad,Palakkad,5 k - 10 k ,1,P743145,1000 Sq-ft,Single,https://assets.helloaddress.com/ui/images/property-no-image-small-rh.jpg
Residential House/Villa for Rent,in Kallekkad,Palakkad,Palakkad,5 k - 10 k ,2,P743048,1200 Sq-ft,Single,https://assets.helloaddress.com/ui/images/property-no-image-small-rh.jpg
Commercial Office for Rent,Chandranagar,Palakkad,Palakkad,Not Provided ,2,P742921,2000 Sq-ft,Single,https://assets.helloaddress.com/ui/images/property-no-image-small-cf.jpg
Residential Apartment for Rent,in Palakkad town,Palakkad,Palakkad,10 k - 15 k ,3,P742018,1450 Sq-ft,Single,https://assets.helloaddress.com/ui/images/property-no-image-small-ra.jpg
Residential House/Villa for Rent,in Pudussery,Palakkad,Palakkad,5 k - 10 k ,2,P741177,1400 Sq-ft,Single,https://assets.helloaddress.com/ui/images/property-no-image-small-rh.jpg
Residential House/Villa for Rent,Ottappalam,Ottappalam,Palakkad,15 k - 20 k ,5,12214053,2200 Sq-ft,Single,https://assets.helloaddress.com/ui/images/property-no-image-small-rh.jpg
Commercial Shop for Rent,Palakkad town,Palakkad,Palakkad,Not Provided ,5,P739504,250 Sq-ft,Single,https://assets.helloaddress.com/ui/images/property-no-image-small-cs.jpg
Residential House/Villa for Rent,in Palakkad town,Palakkad,Palakkad,5 k - 10 k ,2,12205135,800 Sq-ft,Single,https://assets.helloaddress.com/ui/images/property-no-image-small-rh.jpg
Residential House/Villa for Rent,Palakkad town,Palakkad,Palakkad,Not Provided ,3,P737576,2500 Sq-ft,Single,https://assets.helloaddress.com/ui/images/property-no-image-small-rh.jpg
Residential House/Villa for Rent,Malampuzha,Palakkad,Palakkad,10 k - 15 k ,3,P737028,1700 Sq-ft,Single,https://assets.helloaddress.com/ui/images/property-no-image-small-rh.jpg
Residential House/Villa for Rent,Puthuppariyaram,Palakkad,Palakkad,5 k - 10 k ,2,12181152,1000 Sq-ft,Single,https://assets.helloaddress.com/ui/images/property-no-image-small-rh.jpg
Residential Apartment for Rent,Palakkad town,Palakkad,Palakkad,5 k - 10 k ,2,12175929,850 Sq-ft,Single,https://assets.helloaddress.com/ui/images/property-no-image-small-ra.jpg
Residential House/Villa for Rent,in Puthur,Palakkad,Palakkad,10 k - 15 k ,2,12176670,1500 Sq-ft,Single,https://assets.helloaddress.com/ui/images/property-no-image-small-rh.jpg
Commercial Land for Rent,in Kollengode,Chittur,Palakkad,Not Provided ,2,12166738,2 Acre,Single,https://assets.helloaddress.com/ui/images/property-no-image-small-cl.jpg
Residential Apartment for Rent,Palakkad town,Palakkad,Palakkad,5 k - 10 k ,1,P734373,350 Sq-ft,Single,https://assets.helloaddress.com/ui/images/property-no-image-small-ra.jpg
Residential House/Villa for Rent,Palakkad town,Palakkad,Palakkad,5 k - 10 k ,2,12129473,1600 Sq-ft,Single,https://assets.helloaddress.com/ui/images/property-no-image-small-rh.jpg
Residential House/Villa for Rent,in Chandranagar,Palakkad,Palakkad,10 k - 15 k ,2,12126846,1700 Sq-ft,Single,https://assets.helloaddress.com/ui/images/property-no-image-small-rh.jpg
Residential Apartment for Rent,Sreekrishnapuram,Cherpulassery,Palakkad,1 k - 5 k ,2,P729334,650 Sq-ft,Single,https://assets.helloaddress.com/ui/images/property-no-image-small-ra.jpg
Commercial Shop for Rent,in Kottayi,Alathur,Palakkad,1 k - 5 k ,2,12104868,1040 Sq-ft,Single,https://assets.helloaddress.com/ui/images/property-no-image-small-cs.jpg
Commercial Building for Rent,Palakkad town,Palakkad,Palakkad,Not Provided ,2,12108010,50000 Sq-ft,Single,https://assets.helloaddress.com/ui/images/property-no-image-small-cb.jpg
Residential House/Villa for Rent,in Palakkad town,Palakkad,Palakkad,Not Provided ,2,P727347,1300 Sq-ft,Single,https://assets.helloaddress.com/ui/images/property-no-image-small-rh.jpg
Residential House/Villa for Rent,in Palakkad town,Palakkad,Palakkad,15 k - 20 k ,3,P726465,2500 Sq-ft,Single,https://assets.helloaddress.com/ui/images/property-no-image-small-rh.jpg
Commercial Shop for Rent,Pattambi,Pattambi,Palakkad,Not Provided ,3,12085145,144 Sq-ft,Single,https://assets.helloaddress.com/ui/images/property-no-image-small-cs.jpg
Residential Apartment for Rent,in Kanjikode,Kanjikode,Palakkad,5 k - 10 k ,1,12047970,500 Sq-ft,Single,https://assets.helloaddress.com/ui/images/property-no-image-small-ra.jpg
Residential House/Villa for Rent,Palakkad town,Palakkad,Palakkad,Not Provided ,1,12031727,600 Sq-ft,Single,https://assets.helloaddress.com/ui/images/property-no-image-small-rh.jpg
Residential Apartment for Rent,Palakkad town,Palakkad,Palakkad,10 k - 15 k ,3,12004909,1600 Sq-ft,Single,https://assets.helloaddress.com/ui/images/property-no-image-small-ra.jpg
Residential Apartment for Rent,Shoranur,Ottappalam,Palakkad,10 k - 15 k ,2,P718911,1300 Sq-ft,Single,https://assets.helloaddress.com/ui/images/property-no-image-small-ra.jpg
Residential House/Villa for Rent,in Puthur,Palakkad,Palakkad,10 k - 15 k ,2,12021231,1500 Sq-ft,Single,https://assets.helloaddress.com/ui/images/property-no-image-small-rh.jpg
Residential Apartment for Rent,in Olavakkode,Palakkad,Palakkad,Not Provided ,2,12000916,1100 Sq-ft,Single,https://assets.helloaddress.com/ui/images/property-no-image-small-ra.jpg
Residential House/Villa for Rent,Olavakkode,Palakkad,Palakkad,5 k - 10 k ,2,12000436,990 Sq-ft,Single,https://assets.helloaddress.com/ui/images/property-no-image-small-rh.jpg
Residential Apartment for Rent,Palakkad town,Palakkad,Palakkad,10 k - 15 k ,3,12003868,1600 Sq-ft,Single,https://assets.helloaddress.com/ui/images/property-no-image-small-ra.jpg
Residential House/Villa for Rent,Shoranur,Ottappalam,Palakkad,Not Provided ,3,P715425,2300 Sq-ft,Single,https://assets.helloaddress.com/ui/images/property-no-image-small-rh.jpg
Residential House/Villa for Rent,Akathethara,Palakkad,Palakkad,5 k - 10 k ,2,P714766,1000 Sq-ft,Single,https://assets.helloaddress.com/ui/images/property-no-image-small-rh.jpg
Residential House/Villa for Rent,in Kalmandapam,Palakkad,Palakkad,5 k - 10 k ,2,11971647,900 Sq-ft,Single,https://assets.helloaddress.com/ui/images/property-no-image-small-rh.jpg
Commercial Building for Rent,Cherpulassery,Cherpulassery,Palakkad,20 k - 25 k ,2,P713140,1800 Sq-ft,Single,https://assets.helloaddress.com/ui/images/property-no-image-small-cb.jpg
Residential Apartment for Rent,Malampuzha,Palakkad,Palakkad,Not Provided ,3,11942703,1650 Sq-ft,Single,https://assets.helloaddress.com/ui/images/property-no-image-small-ra.jpg
Residential Apartment for Rent,Palakkad town,Palakkad,Palakkad,1 k - 5 k ,1,11942485,750 Sq-ft,Single,https://assets.helloaddress.com/ui/images/property-no-image-small-ra.jpg
Commercial Shop for Rent,Palakkad town,Palakkad,Palakkad,10 k - 15 k ,1,11950108,450 Sq-ft,Single,https://assets.helloaddress.com/ui/images/property-no-image-small-cs.jpg
Residential House/Villa for Rent,Puthur,Palakkad,Palakkad,5 k - 10 k ,2,11940279,1500 Sq-ft,Single,https://assets.helloaddress.com/ui/images/property-no-image-small-rh.jpg
Residential Apartment for Rent,Chandranagar,Palakkad,Palakkad,10 k - 15 k ,3,P711288,1520 Sq-ft,Single,https://assets.helloaddress.com/ui/images/property-no-image-small-ra.jpg
Residential House/Villa for Rent,in Kalpathi,Palakkad,Palakkad,1 k - 5 k ,2,11910770,2000 Sq-ft,Single,https://assets.helloaddress.com/ui/images/property-no-image-small-rh.jpg
Residential Apartment for Rent,in Noorani,Palakkad,Palakkad,10 k - 15 k ,2,11887437,1037 Sq-ft,Single,https://assets.helloaddress.com/ui/images/property-no-image-small-ra.jpg
Residential House/Villa for Rent,Pallatheri,Palakkad,Palakkad,5 k - 10 k ,3,P704835,1260 Sq-ft,Single,https://assets.helloaddress.com/ui/images/property-no-image-small-rh.jpg
Commercial Building for Rent,in Palakkad town,Palakkad,Palakkad,Not Provided ,3,P708329,5000 Sq-ft,Single,https://assets.helloaddress.com/ui/images/property-no-image-small-cb.jpg
Residential House/Villa for Rent,Palakkad town,Palakkad,Palakkad,5 k - 10 k ,3,11856713,2400 Sq-ft,Single,https://assets.helloaddress.com/ui/images/property-no-image-small-rh.jpg
Residential House/Villa for Rent,in Chandranagar,Palakkad,Palakkad,10 k - 15 k ,2,P704880,1000 Sq-ft,Single,https://assets.helloaddress.com/ui/images/property-no-image-small-rh.jpg
Commercial Building for Rent,Palakkad town,Palakkad,Palakkad,5 k - 10 k ,2,P703745,1900 Sq-ft,Single,https://assets.helloaddress.com/ui/images/property-no-image-small-cb.jpg
Commercial Shop for Rent,in Vadakkancheri,Alathur,Palakkad,60 k - 65 k ,2,11813710,1250 Sq-ft,Single,https://assets.helloaddress.com/ui/images/property-no-image-small-cs.jpg
Residential House/Villa for Rent,Palakkad town,Palakkad,Palakkad,5 k - 10 k ,4,118049041,1800 Sq-ft,Single,https://assets.helloaddress.com/ui/images/property-no-image-small-rh.jpg
Residential House/Villa for Rent,in Palakkad town,Palakkad,Palakkad,5 k - 10 k ,2,11804904,1600 Sq-ft,Single,https://assets.helloaddress.com/ui/images/property-no-image-small-rh.jpg
Commercial Shop for Rent,Palakkad town,Palakkad,Palakkad,1 k - 5 k ,2,11795615,1040 Sq-ft,Single,https://assets.helloaddress.com/ui/images/property-no-image-small-cs.jpg
Commercial Shop for Rent,in Kalpathi,Palakkad,Palakkad,40 k - 45 k ,2,11783564,1000 Sq-ft,Single,https://assets.helloaddress.com/ui/images/property-no-image-small-cs.jpg
Residential House/Villa for Rent,Puthur,Palakkad,Palakkad,10 k - 15 k ,3,11796127,1400 Sq-ft,Single,https://assets.helloaddress.com/ui/images/property-no-image-small-rh.jpg
Residential House/Villa for Rent,in Palakkad town,Palakkad,Palakkad,10 k - 15 k ,2,11796752,1100 Sq-ft,Single,https://assets.helloaddress.com/ui/images/property-no-image-small-rh.jpg
Residential House/Villa for Rent,Olavakkode,Palakkad,Palakkad,5 k - 10 k ,3,11799539,1900 Sq-ft,Single,https://assets.helloaddress.com/ui/images/property-no-image-small-rh.jpg
Residential Apartment for Rent,in Palakkad town,Palakkad,Palakkad,5 k - 10 k ,3,11793138,1200 Sq-ft,Single,https://assets.helloaddress.com/ui/images/property-no-image-small-ra.jpg
Commercial Building for Rent,in Manappullikavu,Palakkad,Palakkad,35 k - 40 k ,3,11793846,2800 Sq-ft,Single,https://assets.helloaddress.com/ui/images/property-no-image-small-cb.jpg
Industrial Building for Rent,in Kanjikode,Kanjikode,Palakkad,40 k - 45 k ,3,11779168,4200 Sq-ft,Single,https://assets.helloaddress.com/ui/images/property-no-image-small-ib.jpg
Commercial Building for Rent,Olavakkode,Palakkad,Palakkad,25 k - 30 k ,3,11775482,1200 Sq-ft,Single,https://assets.helloaddress.com/ui/images/property-no-image-small-cb.jpg
Residential Apartment for Rent,Palakkad town,Palakkad,Palakkad,10 k - 15 k ,2,P698292,1340 Sq-ft,Single,https://assets.helloaddress.com/ui/images/property-no-image-small-ra.jpg
Commercial Building for Rent,Palakkad town,Palakkad,Palakkad,Not Provided ,2,11759124,2500 Sq-ft,Single,https://assets.helloaddress.com/ui/images/property-no-image-small-cb.jpg
Commercial Shop for Rent,Alathur,Alathur,Palakkad,1 k - 5 k ,2,11724551,1000 Sq-ft,Single,https://assets.helloaddress.com/ui/images/property-no-image-small-cs.jpg
Residential House/Villa for Rent,in Puthur,Palakkad,Palakkad,1 k - 5 k ,1,11723305,500 Sq-ft,Single,https://assets.helloaddress.com/ui/images/property-no-image-small-rh.jpg
Residential House/Villa for Rent,in Palakkad town,Palakkad,Palakkad,Not Provided ,2,11700949,1000 Sq-ft,Single,https://assets.helloaddress.com/ui/images/property-no-image-small-rh.jpg
Commercial Shop for Rent,in Alathur,Alathur,Palakkad,55 k - 60 k ,2,11709128,1000 Sq-ft,Single,https://assets.helloaddress.com/ui/images/property-no-image-small-cs.jpg
Commercial Shop for Rent,in Alathur,Alathur,Palakkad,55 k - 60 k ,2,11717184,1000 Sq-ft,Single,https://assets.helloaddress.com/ui/images/property-no-image-small-cs.jpg
Residential House/Villa for Rent,in Olavakkode,Palakkad,Palakkad,Not Provided ,2,11695939,1000 Sq-ft,Single,https://assets.helloaddress.com/ui/images/property-no-image-small-rh.jpg
Residential House/Villa for Rent,in Kalpathi,Palakkad,Palakkad,1 k - 5 k ,2,11680784,2000 Sq-ft,Single,https://assets.helloaddress.com/ui/images/property-no-image-small-rh.jpg
Commercial Office for Rent,in Noorani,Palakkad,Palakkad,5 k - 10 k ,2,11677106,200 Sq-ft,Single,https://assets.helloaddress.com/ui/images/property-no-image-small-cf.jpg
Commercial Shop for Rent,in Noorani,Palakkad,Palakkad,5 k - 10 k ,2,116771061,200 Sq-ft,Single,https://assets.helloaddress.com/ui/images/property-no-image-small-cs.jpg
Residential House/Villa for Rent,in Chandranagar,Palakkad,Palakkad,5 k - 10 k ,2,11680731,900 Sq-ft,Single,https://assets.helloaddress.com/ui/images/property-no-image-small-rh.jpg
Residential House/Villa for Rent,Mannarkad,Mannarkkad,Palakkad,1 k - 5 k ,4,11636848,2000 Sq-ft,Single,https://assets.helloaddress.com/ui/images/property-no-image-small-rh.jpg
Residential House/Villa for Rent,in Chittur,Chittur,Palakkad,5 k - 10 k ,4,11639016,2650 Sq-ft,Single,https://assets.helloaddress.com/ui/images/property-no-image-small-rh.jpg
Residential House/Villa for Rent,in Chandranagar,Palakkad,Palakkad,5 k - 10 k ,2,11627269,1000 Sq-ft,Single,https://assets.helloaddress.com/ui/images/property-no-image-small-rh.jpg
Residential Apartment for Rent,in Palakkad town,Palakkad,Palakkad,5 k - 10 k ,2,11592295,1000 Sq-ft,Single,https://assets.helloaddress.com/ui/images/property-no-image-small-ra.jpg
Residential Apartment for Rent,in Noorani,Palakkad,Palakkad,5 k - 10 k ,2,11587513,800 Sq-ft,Single,https://assets.helloaddress.com/ui/images/property-no-image-small-ra.jpg
Commercial Shop for Rent,in Olavakkode,Palakkad,Palakkad,10 k - 15 k ,2,11570419,800 Sq-ft,Single,https://assets.helloaddress.com/ui/images/property-no-image-small-cs.jpg
Commercial Office for Rent,Palakkad town,Palakkad,Palakkad,55 k - 60 k ,2,11566225,1500 Sq-ft,Single,https://assets.helloaddress.com/ui/images/property-no-image-small-cf.jpg
Residential House/Villa for Rent,in Palakkad town,Palakkad,Palakkad,5 k - 10 k ,2,11561025,1000 Sq-ft,Single,https://assets.helloaddress.com/ui/images/property-no-image-small-rh.jpg
Residential House/Villa for Rent,Pirayiri,Palakkad,Palakkad,15 k - 20 k ,3,11549145,2000 Sq-ft,Single,https://assets.helloaddress.com/ui/images/property-no-image-small-rh.jpg
Residential Apartment for Rent,in Muttikulagara,Palakkad,Palakkad,5 k - 10 k ,2,11533439,1037 Sq-ft,Single,https://assets.helloaddress.com/ui/images/property-no-image-small-ra.jpg
Residential House/Villa for Rent,Palakkad town,Palakkad,Palakkad,5 k - 10 k ,2,11509635,3000 Sq-ft,Single,https://assets.helloaddress.com/ui/images/property-no-image-small-rh.jpg
Residential Apartment for Rent,in Chandranagar,Palakkad,Palakkad,40 k - 45 k ,2,11503364,1020 Sq-ft,Single,https://assets.helloaddress.com/ui/images/property-no-image-small-ra.jpg
Commercial Building for Rent,Palakkad town,Palakkad,Palakkad,Not Provided ,2,P775124,9000 Sq-ft,Single,https://assets.helloaddress.com/ui/images/property-no-image-small-cb.jpg
Residential House/Villa for Rent,Thenkurissi,Alathur,Palakkad,5 k - 10 k ,2,12447060,1200 Sq-ft,Single,https://assets.helloaddress.com/ui/images/property-no-image-small-rh.jpg
Residential House/Villa for Rent,Kallekkad,Palakkad,Palakkad,5 Lac - 10 Lac ,3,12431391,1650 Sq-ft,Single,https://assets.helloaddress.com/ui/images/property-no-image-small-rh.jpg
Residential Apartment for Rent,Pattambi,Pattambi,Palakkad,1 k - 5 k ,2,12432105,800 Sq-ft,Single,https://assets.helloaddress.com/ui/images/property-no-image-small-ra.jpg
Residential House/Villa for Rent,Olavakkode,Palakkad,Palakkad,5 k - 10 k ,2,P728544,990 Sq-ft,Single,https://assets.helloaddress.com/ui/images/property-no-image-small-rh.jpg
