Name,Location,City,District,Price,Bed,PropertyID,PropertyArea,OwnershipType,image
Residential Apartment for Rent,Pannivizha,Adoor,Pathanamthitta,10 k - 15 k ,2,12536189,1200 Sq-ft,Single,https://assets.helloaddress.com/ui/images/property-no-image-small-ra.jpg
Residential Apartment for Rent,Adoor,Adoor,Pathanamthitta,5 k - 10 k ,1,12536576,700 Sq-ft,Single,https://assets.helloaddress.com/ui/images/property-no-image-small-ra.jpg
Residential Apartment for Rent,in Pannivizha,Adoor,Pathanamthitta,5 k - 10 k ,2,12528850,1200 Sq-ft,Single,https://assets.helloaddress.com/ui/images/property-no-image-small-ra.jpg
Residential Apartment for Rent,Parakode,Adoor,Pathanamthitta,5 k - 10 k ,2,P786602,1200 Sq-ft,Single,https://assets.helloaddress.com/ui/images/property-no-image-small-ra.jpg
Residential Apartment for Rent,Adoor,Adoor,Pathanamthitta,5 k - 10 k ,2,123926791,900 Sq-ft,Single,https://assets.helloaddress.com/ui/images/property-no-image-small-ra.jpg
Residential Apartment for Rent,Adoor,Adoor,Pathanamthitta,60 k - 65 k ,1,12392679,700 Sq-ft,Single,https://assets.helloaddress.com/ui/images/property-no-image-small-ra.jpg
Residential Apartment for Rent,Adoor,Adoor,Pathanamthitta,5 k - 10 k ,2,123466291,1000 Sq-ft,Single,https://assets.helloaddress.com/ui/images/property-no-image-small-ra.jpg
Residential Apartment for Rent,Adoor,Adoor,Pathanamthitta,5 k - 10 k ,1,12346629,800 Sq-ft,Single,https://assets.helloaddress.com/ui/images/property-no-image-small-ra.jpg
Residential Apartment for Rent,Adoor,Adoor,Pathanamthitta,5 k - 10 k ,1,P748813,800 Sq-ft,Single,https://assets.helloaddress.com/ui/images/property-no-image-small-ra.jpg
Residential Apartment for Rent,in Adoor,Adoor,Pathanamthitta,Not Provided ,2,12275165,1000 Sq-ft,Single,https://assets.helloaddress.com/ui/images/property-no-image-small-ra.jpg
Residential Apartment for Rent,in Adoor,Adoor,Pathanamthitta,5 k - 10 k ,2,12259692,1000 Sq-ft,Single,https://assets.helloaddress.com/ui/images/property-no-image-small-ra.jpg
Residential Apartment for Rent,Mithrapuram,Adoor,Pathanamthitta,5 k - 10 k ,2,P724722,900 Sq-ft,Single,https://assets.helloaddress.com/ui/images/property-no-image-small-ra.jpg
Residential Apartment for Rent,in Thattayil,Adoor,Pathanamthitta,5 k - 10 k ,3,12088478,1200 Sq-ft,Single,https://assets.helloaddress.com/ui/images/property-no-image-small-ra.jpg
Residential Apartment for Rent,Thattayil,Adoor,Pathanamthitta,5 k - 10 k ,3,12078056,1200 Sq-ft,Single,https://assets.helloaddress.com/ui/images/property-no-image-small-ra.jpg
Residential Apartment for Rent,Adoor,Adoor,Pathanamthitta,1 k - 5 k ,2,11867117,1500 Sq-ft,Single,https://assets.helloaddress.com/ui/images/property-no-image-small-ra.jpg
Residential Apartment for Rent,in Adoor,Adoor,Pathanamthitta,5 k - 10 k ,3,11844238,1200 Sq-ft,Single,https://assets.helloaddress.com/ui/images/property-no-image-small-ra.jpg
Residential Apartment for Rent,Thattayil,Adoor,Pathanamthitta,5 k - 10 k ,3,11801903,1200 Sq-ft,Single,https://assets.helloaddress.com/ui/images/property-no-image-small-ra.jpg
Residential Apartment for Rent,in Adoor,Adoor,Pathanamthitta,5 k - 10 k ,2,11770287,1650 Sq-ft,Single,https://assets.helloaddress.com/ui/images/property-no-image-small-ra.jpg
Commercial Shop for Rent,Pullad,Thiruvalla,Pathanamthitta,10 k - 15 k ,2,P793290,2250 Sq-ft,Single,https://assets.helloaddress.com/propertyImages/2019/February/thumb_property_P793290_5c772ce126b7f.jpg
Residential House/Villa for Rent,Kavumbhagom,Thiruvalla,Pathanamthitta,5 k - 10 k ,3,P786213,2500 Sq-ft,Single,https://assets.helloaddress.com/ui/images/property-no-image-small-rh.jpg
Commercial Shop for Rent,Pullad,Thiruvalla,Pathanamthitta,Not Provided ,3,12666691,500 Sq-ft,Single,https://assets.helloaddress.com/ui/images/property-no-image-small-cs.jpg
Commercial Building for Rent,in Adoor,Adoor,Pathanamthitta,Not Provided ,3,12653241,7000 Sq-ft,Single,https://assets.helloaddress.com/ui/images/property-no-image-small-cb.jpg
Commercial Building for Rent,Mallapally,Mallappally,Pathanamthitta,Not Provided ,3,12667461,4500 Sq-ft,Single,https://assets.helloaddress.com/propertyImages/2019/March/thumb_property_12667461_5c7f887c1c810.jpg
Residential House/Villa for Rent,Thiruvalla town,Thiruvalla,Pathanamthitta,5 k - 10 k ,2,12667504,1000 Sq-ft,Single,https://assets.helloaddress.com/ui/images/property-no-image-small-rh.jpg
Commercial Office for Rent,Pathanamthitta,Pathanamthitta,Pathanamthitta,Not Provided ,2,12654971,100 Sq-ft,Single,https://assets.helloaddress.com/ui/images/property-no-image-small-cf.jpg
Residential House/Villa for Rent,Erathu,Adoor,Pathanamthitta,5 k - 10 k ,2,12658810,1500 Sq-ft,Single,https://assets.helloaddress.com/ui/images/property-no-image-small-rh.jpg
Residential House/Villa for Rent,in Chengaroor,Mallappally,Pathanamthitta,10 k - 15 k ,3,12651205,1700 Sq-ft,Single,https://assets.helloaddress.com/ui/images/property-no-image-small-rh.jpg
Commercial Building for Rent,Thiruvalla town,Thiruvalla,Pathanamthitta,Not Provided ,3,12654212,15000 Sq-ft,Single,https://assets.helloaddress.com/ui/images/property-no-image-small-cb.jpg
Commercial Building for Rent,Konni,Konni,Pathanamthitta,Not Provided ,3,P798327,1350 Sq-ft,Single,https://assets.helloaddress.com/ui/images/property-no-image-small-cb.jpg
Residential House/Villa for Rent,Adoor,Adoor,Pathanamthitta,Not Provided ,2,12650246,1400 Sq-ft,Single,https://assets.helloaddress.com/ui/images/property-no-image-small-rh.jpg
Commercial Office for Rent,Thiruvalla town,Thiruvalla,Pathanamthitta,5 k - 10 k ,2,12638686,200 Sq-ft,Single,https://assets.helloaddress.com/ui/images/property-no-image-small-cf.jpg
Commercial Building for Rent,in Kozhencherry,Kozhencherry,Pathanamthitta,Not Provided ,2,12636569,2800 Sq-ft,Single,https://assets.helloaddress.com/ui/images/property-no-image-small-cb.jpg
Commercial Building for Rent,Pandalam,Pandalam,Pathanamthitta,Not Provided ,2,12634701,3700 Sq-ft,Single,https://assets.helloaddress.com/ui/images/property-no-image-small-cb.jpg
Commercial Office for Rent,Adoor,Adoor,Pathanamthitta,Not Provided ,2,12635529,1750 Sq-ft,Single,https://assets.helloaddress.com/ui/images/property-no-image-small-cf.jpg
Residential Apartment for Rent,in Thiruvalla town,Thiruvalla,Pathanamthitta,Not Provided ,3,12637534,1700 Sq-ft,Single,https://assets.helloaddress.com/ui/images/property-no-image-small-ra.jpg
Commercial Building for Rent,Pathanamthitta,Pathanamthitta,Pathanamthitta,Not Provided ,3,12613311,525 Sq-ft,Single,https://assets.helloaddress.com/propertyImages/2019/January/thumb_property_12613311_5c519937ab626.jpg
Commercial Building for Rent,Thiruvalla town,Thiruvalla,Pathanamthitta,Not Provided ,3,12614959,15000 Sq-ft,Single,https://assets.helloaddress.com/ui/images/property-no-image-small-cb.jpg
Commercial Building for Rent,Perumthuruthy,Thiruvalla,Pathanamthitta,60 k - 65 k ,3,12615130,1800 Sq-ft,Single,https://assets.helloaddress.com/ui/images/property-no-image-small-cb.jpg
Commercial Office for Rent,Thiruvalla town,Thiruvalla,Pathanamthitta,Not Provided ,3,12611509,1000 Sq-ft,Joint,https://assets.helloaddress.com/ui/images/property-no-image-small-cf.jpg
Commercial Building for Rent,Thiruvalla town,Thiruvalla,Pathanamthitta,Not Provided ,3,12622657,20000 Sq-ft,Single,https://assets.helloaddress.com/ui/images/property-no-image-small-cb.jpg
Commercial Building for Rent,Adoor,Adoor,Pathanamthitta,Not Provided ,3,12598604,1500 Sq-ft,Single,https://assets.helloaddress.com/propertyImages/2019/January/thumb_property_12598604_5c42c971dcd70.jpg
Commercial Building for Rent,Pullad,Thiruvalla,Pathanamthitta,Not Provided ,3,12594471,3000 Sq-ft,Single,https://assets.helloaddress.com/ui/images/property-no-image-small-cb.jpg
Commercial Office for Rent,Azhoor,Pathanamthitta,Pathanamthitta,Not Provided ,3,12595032,1500 Sq-ft,Single,https://assets.helloaddress.com/ui/images/property-no-image-small-cf.jpg
Commercial Building for Rent,Adoor,Adoor,Pathanamthitta,20 k - 25 k ,3,12593295,5000 Sq-ft,Single,https://assets.helloaddress.com/ui/images/property-no-image-small-cb.jpg
Commercial Office for Rent,Thiruvalla town,Thiruvalla,Pathanamthitta,Not Provided ,3,12606114,1500 Sq-ft,Single,https://assets.helloaddress.com/ui/images/property-no-image-small-cf.jpg
Commercial Building for Rent,Kozhencherry,Kozhencherry,Pathanamthitta,10 k - 15 k ,3,12581022,1500 Sq-ft,Single,https://assets.helloaddress.com/ui/images/property-no-image-small-cb.jpg
Commercial Building for Rent,Thiruvalla town,Thiruvalla,Pathanamthitta,Not Provided ,3,12605714,3500 Sq-ft,Single,https://assets.helloaddress.com/propertyImages/2019/January/thumb_property_12605714_5c4ea53fd0070.jpg
Commercial Building for Rent,in Kumbazha,Pathanamthitta,Pathanamthitta,10 k - 15 k ,3,12581537,1200 Sq-ft,Single,https://assets.helloaddress.com/ui/images/property-no-image-small-cb.jpg
Commercial Office for Rent,Pathanamthitta,Pathanamthitta,Pathanamthitta,Not Provided ,3,12607215,6000 Sq-ft,Single,https://assets.helloaddress.com/ui/images/property-no-image-small-cf.jpg
Residential Apartment for Rent,Thiruvalla town,Thiruvalla,Pathanamthitta,15 k - 20 k ,3,12613724,1600 Sq-ft,Single,https://assets.helloaddress.com/ui/images/property-no-image-small-ra.jpg
Commercial Office for Rent,in Thukalassery,Thiruvalla,Pathanamthitta,Not Provided ,3,12613712,500 Sq-ft,Single,https://assets.helloaddress.com/ui/images/property-no-image-small-cf.jpg
Commercial Building for Rent,Kozhencherry,Kozhencherry,Pathanamthitta,5 k - 10 k ,3,12607247,1500 Sq-ft,Single,https://assets.helloaddress.com/ui/images/property-no-image-small-cb.jpg
Commercial Building for Rent,Eraviperoor,Thiruvalla,Pathanamthitta,Not Provided ,3,12600998,5800 Sq-ft,Single,https://assets.helloaddress.com/ui/images/property-no-image-small-cb.jpg
Commercial Building for Rent,in Idinjillam,Thiruvalla,Pathanamthitta,Not Provided ,3,12595921,2000 Sq-ft,Single,https://assets.helloaddress.com/ui/images/property-no-image-small-cb.jpg
Commercial Building for Rent,Kozhencherry,Kozhencherry,Pathanamthitta,10 k - 15 k ,3,12586904,900 Sq-ft,Single,https://assets.helloaddress.com/ui/images/property-no-image-small-cb.jpg
Commercial Shop for Rent,Pandalam,Pandalam,Pathanamthitta,Not Provided ,3,12585209,1000 Sq-ft,Single,https://assets.helloaddress.com/ui/images/property-no-image-small-cs.jpg
Commercial Building for Rent,Kozhencherry,Kozhencherry,Pathanamthitta,5 k - 10 k ,3,12587132,1500 Sq-ft,Single,https://assets.helloaddress.com/propertyImages/2018/December/thumb_property_12587132_5c1dec4d1dd7a.jpg
Commercial Building for Rent,in Enathu,Adoor,Pathanamthitta,Not Provided ,3,12587704,5000 Sq-ft,Single,https://assets.helloaddress.com/ui/images/property-no-image-small-cb.jpg
Commercial Office for Rent,in Pathanamthitta,Pathanamthitta,Pathanamthitta,15 k - 20 k ,3,12592383,1100 Sq-ft,Single,https://assets.helloaddress.com/propertyImages/2018/December/thumb_property_12592383_5c20832e352d9.jpg
Commercial Office for Rent,in Mylapra,Pathanamthitta,Pathanamthitta,Not Provided ,3,P788959,2100 Sq-ft,Single,https://assets.helloaddress.com/ui/images/property-no-image-small-cf.jpg
Commercial Other for Rent,Thiruvalla town,Thiruvalla,Pathanamthitta,Not Provided ,3,P788856,2500 Sq-ft,Single,https://assets.helloaddress.com/ui/images/property-no-image-small-co.jpg
Commercial Building for Rent,Thiruvalla town,Thiruvalla,Pathanamthitta,30 k - 35 k ,3,12579716,20000 Sq-ft,Single,https://assets.helloaddress.com/propertyImages/2018/December/thumb_property_12579716_5c0ba1b45f96e.jpg
Residential Apartment for Rent,Thiruvalla town,Thiruvalla,Pathanamthitta,15 k - 20 k ,3,12578902,1600 Sq-ft,Single,https://assets.helloaddress.com/ui/images/property-no-image-small-ra.jpg
Commercial Building for Rent,Pathanamthitta,Pathanamthitta,Pathanamthitta,Not Provided ,3,12573861,4000 Sq-ft,Single,https://assets.helloaddress.com/ui/images/property-no-image-small-cb.jpg
Commercial Office for Rent,Kozhencherry,Kozhencherry,Pathanamthitta,1 Lac - 5 Lac ,3,12571557,3000 Sq-ft,Single,https://assets.helloaddress.com/ui/images/property-no-image-small-cf.jpg
Residential Apartment for Rent,Pathanamthitta,Pathanamthitta,Pathanamthitta,5 k - 10 k ,2,12571852,600 Sq-ft,Single,https://assets.helloaddress.com/ui/images/property-no-image-small-ra.jpg
Residential House/Villa for Rent,Thiruvalla town,Thiruvalla,Pathanamthitta,10 k - 15 k ,3,12564559,1800 Sq-ft,Single,https://assets.helloaddress.com/ui/images/property-no-image-small-rh.jpg
Commercial Land for Rent,in Cherukolpuzha,Kozhencherry,Pathanamthitta,Not Provided ,3,12564886,40 Cent,Single,https://assets.helloaddress.com/ui/images/property-no-image-small-cl.jpg
Residential House/Villa for Rent,in Mannaramala,Pathanamthitta,Pathanamthitta,Not Provided ,3,12565044,1700 Sq-ft,Single,https://assets.helloaddress.com/ui/images/property-no-image-small-rh.jpg
Residential Apartment for Rent,Thiruvalla town,Thiruvalla,Pathanamthitta,15 k - 20 k ,3,12565844,1600 Sq-ft,Single,https://assets.helloaddress.com/ui/images/property-no-image-small-ra.jpg
Commercial Office for Rent,Thadiyoor ,Mallappally,Pathanamthitta,Not Provided ,3,12557685,2000 Sq-ft,Joint,https://assets.helloaddress.com/propertyImages/2018/November/thumb_property_12557685_5bf68229b749d.jpg
Residential House/Villa for Rent,in Kumbanad,Thiruvalla,Pathanamthitta,5 k - 10 k ,3,12559642,1500 Sq-ft,Single,https://assets.helloaddress.com/ui/images/property-no-image-small-rh.jpg
Commercial Office for Rent,Kozhencherry,Kozhencherry,Pathanamthitta,Not Provided ,3,12550926,350 Sq-ft,Single,https://assets.helloaddress.com/ui/images/property-no-image-small-cf.jpg
Commercial Office for Rent,Thukalassery,Thiruvalla,Pathanamthitta,Not Provided ,3,12544138,1250 Sq-ft,Single,https://assets.helloaddress.com/ui/images/property-no-image-small-cf.jpg
Residential House/Villa for Rent,Adoor,Adoor,Pathanamthitta,5 k - 10 k ,2,12547610,1500 Sq-ft,Single,https://assets.helloaddress.com/ui/images/property-no-image-small-rh.jpg
Residential Apartment for Rent,in Pathanamthitta,Pathanamthitta,Pathanamthitta,5 k - 10 k ,2,12544019,1000 Sq-ft,Single,https://assets.helloaddress.com/ui/images/property-no-image-small-ra.jpg
Residential House/Villa for Rent,in Mallapally,Mallappally,Pathanamthitta,5 k - 10 k ,3,12550452,1000 Sq-ft,Single,https://assets.helloaddress.com/ui/images/property-no-image-small-rh.jpg
Residential House/Villa for Rent,Thiruvalla town,Thiruvalla,Pathanamthitta,Not Provided ,2,12543199,800 Sq-ft,Single,https://assets.helloaddress.com/ui/images/property-no-image-small-rh.jpg
Commercial Building for Rent,Adoor,Adoor,Pathanamthitta,5 Lac - 10 Lac ,2,12536978,15000 Sq-ft,Single,https://assets.helloaddress.com/propertyImages/2018/November/thumb_property_12536978_5bdc1b2c56833.jpg
Commercial Shop for Rent,in Adoor,Adoor,Pathanamthitta,Not Provided ,2,12538351,350 Sq-ft,Single,https://assets.helloaddress.com/ui/images/property-no-image-small-cs.jpg
Residential Apartment for Rent,Pannivizha,Adoor,Pathanamthitta,10 k - 15 k ,2,12536189,1200 Sq-ft,Single,https://assets.helloaddress.com/ui/images/property-no-image-small-ra.jpg
Residential Apartment for Rent,Adoor,Adoor,Pathanamthitta,5 k - 10 k ,1,12536576,700 Sq-ft,Single,https://assets.helloaddress.com/ui/images/property-no-image-small-ra.jpg
Residential Apartment for Rent,in Pannivizha,Adoor,Pathanamthitta,5 k - 10 k ,2,12528850,1200 Sq-ft,Single,https://assets.helloaddress.com/ui/images/property-no-image-small-ra.jpg
Commercial Building for Rent,Kadapra,Thiruvalla,Pathanamthitta,Not Provided ,2,12529726,1200 Sq-ft,Single,https://assets.helloaddress.com/ui/images/property-no-image-small-cb.jpg
Commercial Shop for Rent,Kunnamthanam,Mallappally,Pathanamthitta,Not Provided ,2,12533884,400 Sq-ft,Single,https://assets.helloaddress.com/ui/images/property-no-image-small-cs.jpg
Residential House/Villa for Rent,Malayalapuzha,Pathanamthitta,Pathanamthitta,Not Provided ,7,12529756,3500 Sq-ft,Single,https://assets.helloaddress.com/ui/images/property-no-image-small-rh.jpg
Commercial Building for Rent,in Eraviperoor,Thiruvalla,Pathanamthitta,Not Provided ,7,12529569,1600 Sq-ft,Single,https://assets.helloaddress.com/ui/images/property-no-image-small-cb.jpg
Residential Apartment for Rent,in Thiruvalla town,Thiruvalla,Pathanamthitta,15 k - 20 k ,3,12531842,1656 Sq-ft,Single,https://assets.helloaddress.com/ui/images/property-no-image-small-ra.jpg
Commercial Building for Rent,in Kozhencherry,Kozhencherry,Pathanamthitta,Not Provided ,3,12515832,6300 Sq-ft,Single,https://assets.helloaddress.com/ui/images/property-no-image-small-cb.jpg
Commercial Office for Rent,in Thumpamon,Pandalam,Pathanamthitta,Not Provided ,3,12526433,2000 Sq-ft,Single,https://assets.helloaddress.com/ui/images/property-no-image-small-cf.jpg
Commercial Building for Rent,Pathanamthitta,Pathanamthitta,Pathanamthitta,Not Provided ,3,12502385,215 Sq-ft,Single,https://assets.helloaddress.com/ui/images/property-no-image-small-cb.jpg
Commercial Shop for Rent,in Vennikulam,Mallappally,Pathanamthitta,Not Provided ,3,12502369,2000 Sq-ft,Single,https://assets.helloaddress.com/ui/images/property-no-image-small-cs.jpg
Commercial Building for Rent,Pathanamthitta,Pathanamthitta,Pathanamthitta,Not Provided ,3,12495146,9000 Sq-ft,Single,https://assets.helloaddress.com/ui/images/property-no-image-small-cb.jpg
Commercial Building for Rent,Thukalassery,Thiruvalla,Pathanamthitta,1 Lac - 5 Lac ,3,P794305,8000 Sq-ft,Single,https://assets.helloaddress.com/ui/images/property-no-image-small-cb.jpg
Commercial Shop for Rent,in Kodumon,Adoor,Pathanamthitta,25 k - 30 k ,3,P792646,1234 Sq-ft,Single,https://assets.helloaddress.com/ui/images/property-no-image-small-cs.jpg
Residential Apartment for Rent,Thiruvalla town,Thiruvalla,Pathanamthitta,40 k - 45 k ,3,P792267,2400 Sq-ft,Single,https://assets.helloaddress.com/ui/images/property-no-image-small-ra.jpg
Residential Apartment for Rent,Parakode,Adoor,Pathanamthitta,5 k - 10 k ,2,P786602,1200 Sq-ft,Single,https://assets.helloaddress.com/ui/images/property-no-image-small-ra.jpg
Commercial Other for Rent,Pathanamthitta,Pathanamthitta,Pathanamthitta,60 k - 65 k ,2,P784023,13000 Sq-ft,Single,https://assets.helloaddress.com/ui/images/property-no-image-small-co.jpg
Commercial Building for Rent,Kottamukal,Adoor,Pathanamthitta,55 k - 60 k ,2,P783344,2000 Sq-ft,Single,https://assets.helloaddress.com/ui/images/property-no-image-small-cb.jpg
Commercial Building for Rent,Kurishu Kavala,Thiruvalla,Pathanamthitta,Not Provided ,2,P782620,16000 Sq-ft,Single,https://assets.helloaddress.com/ui/images/property-no-image-small-cb.jpg
Commercial Building for Rent,Pathanamthitta,Pathanamthitta,Pathanamthitta,Not Provided ,2,P780533,800 Sq-ft,Single,https://assets.helloaddress.com/ui/images/property-no-image-small-cb.jpg
Commercial Shop for Rent,Adoor,Adoor,Pathanamthitta,10 k - 15 k ,2,P780366,800 Sq-ft,Single,https://assets.helloaddress.com/ui/images/property-no-image-small-cs.jpg
Commercial Building for Rent,Pathanamthitta,Pathanamthitta,Pathanamthitta,Not Provided ,2,P777933,1100 Sq-ft,Single,https://assets.helloaddress.com/ui/images/property-no-image-small-cb.jpg
Residential House/Villa for Rent,in Kuttapuzha,Thiruvalla,Pathanamthitta,15 k - 20 k ,3,P776524,1600 Sq-ft,Single,https://assets.helloaddress.com/ui/images/property-no-image-small-rh.jpg
Residential Apartment for Rent,Thiruvalla town,Thiruvalla,Pathanamthitta,10 k - 15 k ,3,P774992,1400 Sq-ft,Single,https://assets.helloaddress.com/ui/images/property-no-image-small-ra.jpg
Residential House/Villa for Rent,Kuttapuzha,Thiruvalla,Pathanamthitta,15 k - 20 k ,3,12481950,1200 Sq-ft,Single,https://assets.helloaddress.com/ui/images/property-no-image-small-rh.jpg
Commercial Building for Rent,Konni,Konni,Pathanamthitta,Not Provided ,3,P747084,1350 Sq-ft,Single,https://assets.helloaddress.com/ui/images/property-no-image-small-cb.jpg
Residential House/Villa for Rent,Adoor,Adoor,Pathanamthitta,1 k - 5 k ,2,12474070,1400 Sq-ft,Single,https://assets.helloaddress.com/ui/images/property-no-image-small-rh.jpg
Commercial Shop for Rent,Adoor,Adoor,Pathanamthitta,Not Provided ,2,12471385,1500 Sq-ft,Single,https://assets.helloaddress.com/ui/images/property-no-image-small-cs.jpg
Residential House/Villa for Rent,in Kunnamthanam,Mallappally,Pathanamthitta,Not Provided ,2,12475522,1100 Sq-ft,Single,https://assets.helloaddress.com/ui/images/property-no-image-small-rh.jpg
Residential House/Villa for Rent,Thiruvalla town,Thiruvalla,Pathanamthitta,10 k - 15 k ,2,P773965,2000 Sq-ft,Single,https://assets.helloaddress.com/ui/images/property-no-image-small-rh.jpg
Commercial Office for Rent,Thiruvalla town,Thiruvalla,Pathanamthitta,45 k - 50 k ,2,12465901,7500 Sq-ft,Single,https://assets.helloaddress.com/ui/images/property-no-image-small-cf.jpg
Commercial Building for Rent,in Pathanamthitta,Pathanamthitta,Pathanamthitta,20 k - 25 k ,2,12451138,900 Sq-ft,Single,https://assets.helloaddress.com/ui/images/property-no-image-small-cb.jpg
Commercial Building for Rent,in Kilivayal,Adoor,Pathanamthitta,45 k - 50 k ,2,12451492,3554 Sq-ft,Single,https://assets.helloaddress.com/ui/images/property-no-image-small-cb.jpg
Commercial Office for Rent,Pathanamthitta,Pathanamthitta,Pathanamthitta,Not Provided ,2,12452920,275 Sq-ft,Single,https://assets.helloaddress.com/ui/images/property-no-image-small-cf.jpg
Commercial Building for Rent,Ranni,Ranni,Pathanamthitta,10 k - 15 k ,2,12458600,300 Sq-ft,Single,https://assets.helloaddress.com/ui/images/property-no-image-small-cb.jpg
Commercial Building for Rent,in Pathanamthitta,Pathanamthitta,Pathanamthitta,Not Provided ,2,12458498,140 Sq-ft,Single,https://assets.helloaddress.com/ui/images/property-no-image-small-cb.jpg
Commercial Building for Rent,Thumpamon,Pandalam,Pathanamthitta,15 k - 20 k ,2,12458643,1500 Sq-ft,Single,https://assets.helloaddress.com/ui/images/property-no-image-small-cb.jpg
Commercial Building for Rent,Thiruvalla town,Thiruvalla,Pathanamthitta,Not Provided ,2,12458901,14000 Sq-ft,Single,https://assets.helloaddress.com/ui/images/property-no-image-small-cb.jpg
Commercial Shop for Rent,in Ittiyappara ,Ranni,Pathanamthitta,10 k - 15 k ,2,P772289,300 Sq-ft,Single,https://assets.helloaddress.com/ui/images/property-no-image-small-cs.jpg
Commercial Shop for Rent,Ittiyappara ,Ranni,Pathanamthitta,10 k - 15 k ,2,P772285,500 Sq-ft,Single,https://assets.helloaddress.com/ui/images/property-no-image-small-cs.jpg
Commercial Shop for Rent,Thiruvalla town,Thiruvalla,Pathanamthitta,Not Provided ,2,12456751,1200 Sq-ft,Single,https://assets.helloaddress.com/ui/images/property-no-image-small-cs.jpg
Commercial Office for Rent,in Pandalam,Pandalam,Pathanamthitta,1 k - 5 k ,2,12451569,300 Sq-ft,Single,https://assets.helloaddress.com/ui/images/property-no-image-small-cf.jpg
Commercial Shop for Rent,Kozhencherry,Kozhencherry,Pathanamthitta,Not Provided ,2,12444312,200 Sq-ft,Single,https://assets.helloaddress.com/ui/images/property-no-image-small-cs.jpg
Commercial Building for Rent,Omalloor,Omalloor,Pathanamthitta,Not Provided ,2,12444125,6000 Sq-ft,Single,https://assets.helloaddress.com/ui/images/property-no-image-small-cb.jpg
Commercial Shop for Rent,Maramon,Kozhencherry,Pathanamthitta,1 k - 5 k ,2,12444340,29 Sq-m,Single,https://assets.helloaddress.com/ui/images/property-no-image-small-cs.jpg
Commercial Shop for Rent,Pandalam,Pandalam,Pathanamthitta,10 k - 15 k ,2,12445817,1700 Sq-ft,Single,https://assets.helloaddress.com/ui/images/property-no-image-small-cs.jpg
Commercial Office for Rent,Adoor,Adoor,Pathanamthitta,Not Provided ,2,12446622,1600 Sq-ft,Single,https://assets.helloaddress.com/ui/images/property-no-image-small-cf.jpg
Commercial Building for Rent,in Melukara,Kozhencherry,Pathanamthitta,45 k - 50 k ,2,P770873,1650 Sq-ft,Single,https://assets.helloaddress.com/ui/images/property-no-image-small-cb.jpg
Commercial Office for Rent,Aranmula,Kozhencherry,Pathanamthitta,Not Provided ,2,12442184,1700 Sq-ft,Single,https://assets.helloaddress.com/ui/images/property-no-image-small-cf.jpg
Commercial Office for Rent,in Kadampanadu,Adoor,Pathanamthitta,Not Provided ,2,12444954,28.5 Sq-m,Single,https://assets.helloaddress.com/ui/images/property-no-image-small-cf.jpg
Commercial Building for Rent,in Pathanamthitta,Pathanamthitta,Pathanamthitta,Not Provided ,2,12429362,3000 Sq-ft,Single,https://assets.helloaddress.com/ui/images/property-no-image-small-cb.jpg
Residential House/Villa for Rent,Pathanamthitta,Pathanamthitta,Pathanamthitta,5 k - 10 k ,3,12430330,2200 Sq-ft,Single,https://assets.helloaddress.com/ui/images/property-no-image-small-rh.jpg
Commercial Shop for Rent,in Aranmula,Kozhencherry,Pathanamthitta,Not Provided ,3,12435851,240 Sq-ft,Single,https://assets.helloaddress.com/ui/images/property-no-image-small-cs.jpg
Commercial Building for Rent,Pathanamthitta,Pathanamthitta,Pathanamthitta,45 k - 50 k ,3,P769498,9000 Sq-ft,Single,https://assets.helloaddress.com/ui/images/property-no-image-small-cb.jpg
Commercial Building for Rent,Pandalam,Pandalam,Pathanamthitta,Not Provided ,3,12421576,2200 Sq-ft,Single,https://assets.helloaddress.com/ui/images/property-no-image-small-cb.jpg
Residential House/Villa for Rent,in Perumthuruthy,Thiruvalla,Pathanamthitta,Not Provided ,2,12428493,800 Sq-ft,Single,https://assets.helloaddress.com/ui/images/property-no-image-small-rh.jpg
Commercial Shop for Rent,Pathanamthitta,Pathanamthitta,Pathanamthitta,Not Provided ,2,12421551,600 Sq-ft,Single,https://assets.helloaddress.com/ui/images/property-no-image-small-cs.jpg
Residential Apartment for Rent,Thiruvalla town,Thiruvalla,Pathanamthitta,15 k - 20 k ,3,P767604,1310 Sq-ft,Single,https://assets.helloaddress.com/ui/images/property-no-image-small-ra.jpg
Commercial Office for Rent,Adoor,Adoor,Pathanamthitta,55 k - 60 k ,3,12420237,1500 Sq-ft,Single,https://assets.helloaddress.com/ui/images/property-no-image-small-cf.jpg
Residential House/Villa for Rent,Konni,Konni,Pathanamthitta,5 k - 10 k ,3,12413220,1000 Sq-ft,Single,https://assets.helloaddress.com/ui/images/property-no-image-small-rh.jpg
Commercial Building for Rent,Pathanamthitta,Pathanamthitta,Pathanamthitta,Not Provided ,3,12413252,800 Sq-ft,Single,https://assets.helloaddress.com/ui/images/property-no-image-small-cb.jpg
Residential Apartment for Rent,Thiruvalla town,Thiruvalla,Pathanamthitta,15 k - 20 k ,3,12413796,1500 Sq-ft,Single,https://assets.helloaddress.com/ui/images/property-no-image-small-ra.jpg
Residential House/Villa for Rent,in Manjadi,Thiruvalla,Pathanamthitta,15 k - 20 k ,2,12421357,1100 Sq-ft,Single,https://assets.helloaddress.com/ui/images/property-no-image-small-rh.jpg
Residential House/Villa for Rent,Pullad,Thiruvalla,Pathanamthitta,1 k - 5 k ,2,12412557,1200 Sq-ft,Single,https://assets.helloaddress.com/ui/images/property-no-image-small-rh.jpg
Residential House/Villa for Rent,in Kizhakkanmuthoor,Thiruvalla,Pathanamthitta,10 k - 15 k ,2,12408395,1500 Sq-ft,Single,https://assets.helloaddress.com/ui/images/property-no-image-small-rh.jpg
Commercial Office for Rent,Thiruvalla town,Thiruvalla,Pathanamthitta,Not Provided ,2,12408223,2000 Sq-ft,Single,https://assets.helloaddress.com/ui/images/property-no-image-small-cf.jpg
Commercial Office for Rent,in Elanthoor,Pathanamthitta,Pathanamthitta,Not Provided ,2,123959361,1500 Sq-ft,Single,https://assets.helloaddress.com/ui/images/property-no-image-small-cf.jpg
Residential Apartment for Rent,in Elanthoor,Pathanamthitta,Pathanamthitta,10 k - 15 k ,2,12395936,1000 Sq-ft,Single,https://assets.helloaddress.com/ui/images/property-no-image-small-ra.jpg
Residential House/Villa for Rent,in Kumbanad,Thiruvalla,Pathanamthitta,1 k - 5 k ,1,12401759,400 Sq-ft,Single,https://assets.helloaddress.com/ui/images/property-no-image-small-rh.jpg
Residential House/Villa for Rent,Adoor,Adoor,Pathanamthitta,1 k - 5 k ,3,12400185,1300 Sq-ft,Single,https://assets.helloaddress.com/ui/images/property-no-image-small-rh.jpg
Residential House/Villa for Rent,Kattodu ,Thiruvalla,Pathanamthitta,10 k - 15 k ,3,12385203,1700 Sq-ft,Single,https://assets.helloaddress.com/ui/images/property-no-image-small-rh.jpg
Residential Apartment for Rent,Adoor,Adoor,Pathanamthitta,5 k - 10 k ,2,123926791,900 Sq-ft,Single,https://assets.helloaddress.com/ui/images/property-no-image-small-ra.jpg
Residential Apartment for Rent,Adoor,Adoor,Pathanamthitta,60 k - 65 k ,1,12392679,700 Sq-ft,Single,https://assets.helloaddress.com/ui/images/property-no-image-small-ra.jpg
Residential House/Villa for Rent,Adoor,Adoor,Pathanamthitta,5 k - 10 k ,2,12386475,1500 Sq-ft,Single,https://assets.helloaddress.com/ui/images/property-no-image-small-rh.jpg
Commercial Building for Rent,Pathanamthitta,Pathanamthitta,Pathanamthitta,Not Provided ,2,12391054,7300 Sq-ft,Single,https://assets.helloaddress.com/ui/images/property-no-image-small-cb.jpg
Commercial Building for Rent,in Vazhamuttom,Pathanamthitta,Pathanamthitta,Not Provided ,2,12384187,15000 Sq-ft,Single,https://assets.helloaddress.com/ui/images/property-no-image-small-cb.jpg
Commercial Office for Rent,Omalloor,Omalloor,Pathanamthitta,10 k - 15 k ,2,P764015,1500 Sq-ft,Single,https://assets.helloaddress.com/ui/images/property-no-image-small-cf.jpg
Residential Apartment for Rent,in Thiruvalla town,Thiruvalla,Pathanamthitta,15 k - 20 k ,3,12384827,1300 Sq-ft,Single,https://assets.helloaddress.com/ui/images/property-no-image-small-ra.jpg
Commercial Office for Rent,Kozhencherry,Kozhencherry,Pathanamthitta,Not Provided ,3,12392121,800 Sq-ft,Single,https://assets.helloaddress.com/ui/images/property-no-image-small-cf.jpg
Residential House/Villa for Rent,Thiruvalla town,Thiruvalla,Pathanamthitta,15 k - 20 k ,3,12393840,1000 Sq-ft,Single,https://assets.helloaddress.com/ui/images/property-no-image-small-rh.jpg
Residential House/Villa for Rent,Thatta ,Adoor,Pathanamthitta,5 k - 10 k ,4,P762664,2700 Sq-ft,Joint,https://assets.helloaddress.com/ui/images/property-no-image-small-rh.jpg
Commercial Office for Rent,Eraviperoor,Thiruvalla,Pathanamthitta,Not Provided ,4,P762333,2500 Sq-ft,Single,https://assets.helloaddress.com/ui/images/property-no-image-small-cf.jpg
Residential House/Villa for Rent,in Adoor,Adoor,Pathanamthitta,5 k - 10 k ,2,P744547,2600 Sq-ft,Single,https://assets.helloaddress.com/ui/images/property-no-image-small-rh.jpg
Commercial Office for Rent,in Pathanamthitta,Pathanamthitta,Pathanamthitta,Not Provided ,2,12368720,1500 Sq-ft,Single,https://assets.helloaddress.com/ui/images/property-no-image-small-cf.jpg
Commercial Building for Rent,Pandalam,Pandalam,Pathanamthitta,Not Provided ,2,12370261,1600 Sq-ft,Single,https://assets.helloaddress.com/ui/images/property-no-image-small-cb.jpg
Residential Apartment for Rent,in Pathanamthitta,Pathanamthitta,Pathanamthitta,Not Provided ,2,12365955,1000 Sq-ft,Single,https://assets.helloaddress.com/ui/images/property-no-image-small-ra.jpg
Residential Apartment for Rent,Thiruvalla town,Thiruvalla,Pathanamthitta,15 k - 20 k ,3,12368741,1650 Sq-ft,Single,https://assets.helloaddress.com/ui/images/property-no-image-small-ra.jpg
Commercial Shop for Rent,in Vennikulam,Mallappally,Pathanamthitta,Not Provided ,3,12374906,560 Sq-ft,Single,https://assets.helloaddress.com/ui/images/property-no-image-small-cs.jpg
Commercial Building for Rent,Konni,Konni,Pathanamthitta,Not Provided ,3,12358901,2500 Sq-ft,Single,https://assets.helloaddress.com/ui/images/property-no-image-small-cb.jpg
Commercial Office for Rent,in Pathanamthitta,Pathanamthitta,Pathanamthitta,25 k - 30 k ,3,123755751,1800 Sq-ft,Single,https://assets.helloaddress.com/ui/images/property-no-image-small-cf.jpg
Commercial Office for Rent,in Thumpamon,Pandalam,Pathanamthitta,15 k - 20 k ,3,12375575,1500 Sq-ft,Single,https://assets.helloaddress.com/ui/images/property-no-image-small-cf.jpg
Commercial Office for Rent,in Pandalam,Pandalam,Pathanamthitta,Not Provided ,3,12376030,2200 Sq-ft,Single,https://assets.helloaddress.com/ui/images/property-no-image-small-cf.jpg
Commercial Building for Rent,Adoor,Adoor,Pathanamthitta,Not Provided ,3,12377236,6500 Sq-ft,Single,https://assets.helloaddress.com/ui/images/property-no-image-small-cb.jpg
Residential House/Villa for Rent,Thiruvalla town,Thiruvalla,Pathanamthitta,Not Provided ,2,12369377,600 Sq-ft,Single,https://assets.helloaddress.com/ui/images/property-no-image-small-rh.jpg
Residential House/Villa for Rent,Kizhakkanmuthoor,Thiruvalla,Pathanamthitta,5 k - 10 k ,3,P753881,1000 Sq-ft,Single,https://assets.helloaddress.com/ui/images/property-no-image-small-rh.jpg
Commercial Building for Rent,in Pathanamthitta,Pathanamthitta,Pathanamthitta,Not Provided ,3,12344987,800 Sq-ft,Single,https://assets.helloaddress.com/ui/images/property-no-image-small-cb.jpg
Commercial Office for Rent,in Aranmula,Kozhencherry,Pathanamthitta,Not Provided ,3,12346302,2400 Sq-ft,Single,https://assets.helloaddress.com/ui/images/property-no-image-small-cf.jpg
Commercial Building for Rent,in Mallapally,Mallappally,Pathanamthitta,Not Provided ,3,12345110,5000 Sq-ft,Single,https://assets.helloaddress.com/ui/images/property-no-image-small-cb.jpg
Residential Apartment for Rent,Adoor,Adoor,Pathanamthitta,5 k - 10 k ,2,123466291,1000 Sq-ft,Single,https://assets.helloaddress.com/ui/images/property-no-image-small-ra.jpg
Residential Apartment for Rent,Adoor,Adoor,Pathanamthitta,5 k - 10 k ,1,12346629,800 Sq-ft,Single,https://assets.helloaddress.com/ui/images/property-no-image-small-ra.jpg
Commercial Shop for Rent,in Idinjillam,Thiruvalla,Pathanamthitta,Not Provided ,1,12350146,2000 Sq-ft,Single,https://assets.helloaddress.com/ui/images/property-no-image-small-cs.jpg
Commercial Building for Rent,in Perumthuruthy,Thiruvalla,Pathanamthitta,Not Provided ,1,12338478,500 Sq-ft,Single,https://assets.helloaddress.com/ui/images/property-no-image-small-cb.jpg
Commercial Shop for Rent,in Pandalam,Pandalam,Pathanamthitta,Not Provided ,1,12331332,900 Sq-ft,Single,https://assets.helloaddress.com/ui/images/property-no-image-small-cs.jpg
Residential House/Villa for Rent,in Kuttapuzha,Thiruvalla,Pathanamthitta,1 k - 5 k ,1,12321031,200 Sq-ft,Single,https://assets.helloaddress.com/ui/images/property-no-image-small-rh.jpg
Residential House/Villa for Rent,Keezhuvaipur,Mallappally,Pathanamthitta,Not Provided ,3,12310733,1000 Sq-ft,Single,https://assets.helloaddress.com/ui/images/property-no-image-small-rh.jpg
Commercial Building for Rent,in Mallapally,Mallappally,Pathanamthitta,Not Provided ,3,P753125,4500 Sq-ft,Single,https://assets.helloaddress.com/ui/images/property-no-image-small-cb.jpg
Residential House/Villa for Rent,in Kizhakkanmuthoor,Thiruvalla,Pathanamthitta,10 k - 15 k ,2,P728989,1200 Sq-ft,Single,https://assets.helloaddress.com/ui/images/property-no-image-small-rh.jpg
Commercial Land for Rent,Mylapra,Pathanamthitta,Pathanamthitta,Not Provided ,2,P752481,30 Cent,Single,https://assets.helloaddress.com/ui/images/property-no-image-small-cl.jpg
Commercial Building for Rent,in Thiruvalla town,Thiruvalla,Pathanamthitta,Not Provided ,2,12315612,700 Sq-ft,Single,https://assets.helloaddress.com/ui/images/property-no-image-small-cb.jpg
Commercial Office for Rent,Adoor,Adoor,Pathanamthitta,1 Lac - 5 Lac ,2,12284378,3500 Sq-ft,Single,https://assets.helloaddress.com/ui/images/property-no-image-small-cf.jpg
Commercial Building for Rent,Mallassery,Pathanamthitta,Pathanamthitta,30 k - 35 k ,2,P750699,1500 Sq-ft,Single,https://assets.helloaddress.com/ui/images/property-no-image-small-cb.jpg
Residential Apartment for Rent,Adoor,Adoor,Pathanamthitta,5 k - 10 k ,1,P748813,800 Sq-ft,Single,https://assets.helloaddress.com/ui/images/property-no-image-small-ra.jpg
Residential Apartment for Rent,Pathanamthitta,Pathanamthitta,Pathanamthitta,5 k - 10 k ,2,P748639,950 Sq-ft,Single,https://assets.helloaddress.com/ui/images/property-no-image-small-ra.jpg
Commercial Building for Rent,in Pathanamthitta,Pathanamthitta,Pathanamthitta,Not Provided ,2,12282984,5700 Sq-ft,Single,https://assets.helloaddress.com/ui/images/property-no-image-small-cb.jpg
Residential House/Villa for Rent,Omalloor,Omalloor,Pathanamthitta,10 k - 15 k ,4,P746993,1500 Sq-ft,Single,https://assets.helloaddress.com/ui/images/property-no-image-small-rh.jpg
Commercial Building for Rent,Thiruvalla town,Thiruvalla,Pathanamthitta,Not Provided ,4,12284421,35000 Sq-ft,Single,https://assets.helloaddress.com/ui/images/property-no-image-small-cb.jpg
Residential Apartment for Rent,in Adoor,Adoor,Pathanamthitta,Not Provided ,2,12275165,1000 Sq-ft,Single,https://assets.helloaddress.com/ui/images/property-no-image-small-ra.jpg
Commercial Office for Rent,Pandalam,Pandalam,Pathanamthitta,Not Provided ,2,12275328,3600 Sq-ft,Single,https://assets.helloaddress.com/ui/images/property-no-image-small-cf.jpg
Residential House/Villa for Rent,in Thiruvalla town,Thiruvalla,Pathanamthitta,Not Provided ,2,12275373,1000 Sq-ft,Single,https://assets.helloaddress.com/ui/images/property-no-image-small-rh.jpg
Commercial Shop for Rent,Pathanamthitta,Pathanamthitta,Pathanamthitta,5 k - 10 k ,2,12278255,600 Sq-ft,Single,https://assets.helloaddress.com/ui/images/property-no-image-small-cs.jpg
Commercial Building for Rent,in Thirumoolapuram,Thiruvalla,Pathanamthitta,Not Provided ,2,12259840,3600 Sq-ft,Single,https://assets.helloaddress.com/ui/images/property-no-image-small-cb.jpg
Commercial Shop for Rent,Adoor,Adoor,Pathanamthitta,1 Lac - 5 Lac ,2,P745469,3500 Sq-ft,Single,https://assets.helloaddress.com/ui/images/property-no-image-small-cs.jpg
Commercial Shop for Rent,Vallicodu,Pathanamthitta,Pathanamthitta,Not Provided ,2,12271587,1500 Sq-ft,Single,https://assets.helloaddress.com/ui/images/property-no-image-small-cs.jpg
Residential House/Villa for Rent,Kuttapuzha,Thiruvalla,Pathanamthitta,10 k - 15 k ,2,P745252,1200 Sq-ft,Single,https://assets.helloaddress.com/ui/images/property-no-image-small-rh.jpg
Commercial Shop for Rent,Kulathumkal,Konni,Pathanamthitta,Not Provided ,2,P745172,1250 Sq-ft,Single,https://assets.helloaddress.com/ui/images/property-no-image-small-cs.jpg
Commercial Building for Rent,in Podiyadi,Thiruvalla,Pathanamthitta,Not Provided ,2,12267628,5300 Sq-ft,Single,https://assets.helloaddress.com/ui/images/property-no-image-small-cb.jpg
Commercial Building for Rent,in Pathanamthitta,Pathanamthitta,Pathanamthitta,Not Provided ,2,12267342,750 Sq-ft,Single,https://assets.helloaddress.com/ui/images/property-no-image-small-cb.jpg
Residential Apartment for Rent,in Adoor,Adoor,Pathanamthitta,5 k - 10 k ,2,12259692,1000 Sq-ft,Single,https://assets.helloaddress.com/ui/images/property-no-image-small-ra.jpg
Commercial Building for Rent,Idinjillam,Thiruvalla,Pathanamthitta,60 k - 65 k ,2,12261737,2000 Sq-ft,Single,https://assets.helloaddress.com/ui/images/property-no-image-small-cb.jpg
Residential Apartment for Rent,in Kuttapuzha,Thiruvalla,Pathanamthitta,25 k - 30 k ,3,P744369,1600 Sq-ft,Single,https://assets.helloaddress.com/ui/images/property-no-image-small-ra.jpg
Commercial Building for Rent,Kumbazha,Pathanamthitta,Pathanamthitta,Not Provided ,3,P744236,14500 Sq-ft,Single,https://assets.helloaddress.com/ui/images/property-no-image-small-cb.jpg
Commercial Shop for Rent,in Chanthanapally,Adoor,Pathanamthitta,Not Provided ,3,12245386,3000 Sq-ft,Single,https://assets.helloaddress.com/ui/images/property-no-image-small-cs.jpg
Commercial Office for Rent,in Konni,Konni,Pathanamthitta,10 k - 15 k ,3,P743511,700 Sq-ft,Single,https://assets.helloaddress.com/ui/images/property-no-image-small-cf.jpg
Commercial Building for Rent,in Ezhamkulam,Adoor,Pathanamthitta,Not Provided ,3,12235624,2500 Sq-ft,Single,https://assets.helloaddress.com/ui/images/property-no-image-small-cb.jpg
Commercial Building for Rent,in Ranni,Ranni,Pathanamthitta,Not Provided ,3,12234750,3000 Sq-ft,Single,https://assets.helloaddress.com/ui/images/property-no-image-small-cb.jpg
Commercial Land for Rent,Thiruvalla town,Thiruvalla,Pathanamthitta,Not Provided ,3,12234693,10 Cent,Single,https://assets.helloaddress.com/ui/images/property-no-image-small-cl.jpg
Commercial Land for Rent,Pandalam,Pandalam,Pathanamthitta,Not Provided ,3,12234765,14 Cent,Single,https://assets.helloaddress.com/ui/images/property-no-image-small-cl.jpg
Commercial Shop for Rent,Thiruvalla town,Thiruvalla,Pathanamthitta,Not Provided ,3,12238162,1300 Sq-ft,Single,https://assets.helloaddress.com/ui/images/property-no-image-small-cs.jpg
Commercial Office for Rent,Pathanamthitta,Pathanamthitta,Pathanamthitta,Not Provided ,3,12199270,900 Sq-ft,Single,https://assets.helloaddress.com/ui/images/property-no-image-small-cf.jpg
Commercial Shop for Rent,in Chanthanapally,Adoor,Pathanamthitta,10 k - 15 k ,3,12199444,3000 Sq-ft,Single,https://assets.helloaddress.com/ui/images/property-no-image-small-cs.jpg
Residential House/Villa for Rent,Kumbazha,Pathanamthitta,Pathanamthitta,10 k - 15 k ,4,12220606,3000 Sq-ft,Single,https://assets.helloaddress.com/ui/images/property-no-image-small-rh.jpg
Commercial Building for Rent,Manjadi,Thiruvalla,Pathanamthitta,Not Provided ,4,12228741,3500 Sq-ft,Single,https://assets.helloaddress.com/ui/images/property-no-image-small-cb.jpg
Commercial Building for Rent,in Thiruvalla town,Thiruvalla,Pathanamthitta,Not Provided ,4,12227469,12000 Sq-ft,Single,https://assets.helloaddress.com/ui/images/property-no-image-small-cb.jpg
Commercial Shop for Rent,Kaipattoor,Pathanamthitta,Pathanamthitta,Not Provided ,4,12220831,1300 Sq-ft,Single,https://assets.helloaddress.com/ui/images/property-no-image-small-cs.jpg
Residential House/Villa for Rent,Perumthuruthy,Thiruvalla,Pathanamthitta,Not Provided ,2,P739700,1400 Sq-ft,Single,https://assets.helloaddress.com/ui/images/property-no-image-small-rh.jpg
Commercial Building for Rent,in Elanthoor,Pathanamthitta,Pathanamthitta,Not Provided ,2,12205614,6000 Sq-ft,Single,https://assets.helloaddress.com/ui/images/property-no-image-small-cb.jpg
Commercial Building for Rent,in Malayalapuzha,Pathanamthitta,Pathanamthitta,35 k - 40 k ,2,12203821,1500 Sq-ft,Single,https://assets.helloaddress.com/ui/images/property-no-image-small-cb.jpg
Commercial Shop for Rent,Kaipattoor,Pathanamthitta,Pathanamthitta,Not Provided ,2,12191793,1300 Sq-ft,Single,https://assets.helloaddress.com/ui/images/property-no-image-small-cs.jpg
Commercial Office for Rent,Adoor,Adoor,Pathanamthitta,Not Provided ,2,12182153,2300 Sq-ft,Single,https://assets.helloaddress.com/ui/images/property-no-image-small-cf.jpg
Commercial Shop for Rent,Chanthanapally,Adoor,Pathanamthitta,1 k - 5 k ,2,P726381,1500 Sq-ft,Single,https://assets.helloaddress.com/ui/images/property-no-image-small-cs.jpg
Residential House/Villa for Rent,in Kuttapuzha,Thiruvalla,Pathanamthitta,Not Provided ,3,P736573,1500 Sq-ft,Single,https://assets.helloaddress.com/ui/images/property-no-image-small-rh.jpg
Commercial Office for Rent,in Thiruvalla town,Thiruvalla,Pathanamthitta,Not Provided ,3,12181648,16500 Sq-ft,Single,https://assets.helloaddress.com/ui/images/property-no-image-small-cf.jpg
Residential House/Villa for Rent,Chengaroor,Mallappally,Pathanamthitta,10 k - 15 k ,3,P730368,1940 Sq-ft,Single,https://assets.helloaddress.com/ui/images/property-no-image-small-rh.jpg
Commercial Shop for Rent,Pathanamthitta,Pathanamthitta,Pathanamthitta,15 k - 20 k ,3,12174410,450 Sq-ft,Single,https://assets.helloaddress.com/ui/images/property-no-image-small-cs.jpg
Commercial Land for Rent,Kallissery,Thiruvalla,Pathanamthitta,Not Provided ,3,121724211,8 Cent,Single,https://assets.helloaddress.com/ui/images/property-no-image-small-cl.jpg
Commercial Office for Rent,Pathanamthitta,Pathanamthitta,Pathanamthitta,Not Provided ,3,12172752,1500 Sq-ft,Single,https://assets.helloaddress.com/ui/images/property-no-image-small-cf.jpg
Commercial Office for Rent,Thiruvalla town,Thiruvalla,Pathanamthitta,65 k - 70 k ,3,12137540,2200 Sq-ft,Single,https://assets.helloaddress.com/ui/images/property-no-image-small-cf.jpg
Residential House/Villa for Rent,Kaviyoor,Thiruvalla,Pathanamthitta,5 k - 10 k ,4,12168746,2000 Sq-ft,Single,https://assets.helloaddress.com/ui/images/property-no-image-small-rh.jpg
Commercial Office for Rent,Thiruvalla town,Thiruvalla,Pathanamthitta,15 k - 20 k ,4,12159402,1300 Sq-ft,Single,https://assets.helloaddress.com/ui/images/property-no-image-small-cf.jpg
Residential House/Villa for Rent,Thiruvalla town,Thiruvalla,Pathanamthitta,5 k - 10 k ,2,12158535,1700 Sq-ft,Single,https://assets.helloaddress.com/ui/images/property-no-image-small-rh.jpg
Residential Land for Rent,in Mallapally,Mallappally,Pathanamthitta,Not Provided ,2,12160111,15 Cent,Single,https://assets.helloaddress.com/ui/images/property-no-image-small-rl.jpg
Commercial Shop for Rent,in Ranni,Ranni,Pathanamthitta,1 k - 5 k ,2,121422721,470 Sq-ft,Single,https://assets.helloaddress.com/ui/images/property-no-image-small-cs.jpg
Commercial Shop for Rent,Ranni,Ranni,Pathanamthitta,5 k - 10 k ,2,12142272,470 Sq-ft,Single,https://assets.helloaddress.com/ui/images/property-no-image-small-cs.jpg
Residential House/Villa for Rent,Kurampala,Pandalam,Pathanamthitta,5 k - 10 k ,2,121431951,1800 Sq-ft,Single,https://assets.helloaddress.com/ui/images/property-no-image-small-rh.jpg
Residential House/Villa for Rent,Kurampala,Pandalam,Pathanamthitta,5 k - 10 k ,4,12143195,1800 Sq-ft,Single,https://assets.helloaddress.com/ui/images/property-no-image-small-rh.jpg
Residential House/Villa for Rent,in Thiruvalla town,Thiruvalla,Pathanamthitta,5 k - 10 k ,2,12152804,2000 Sq-ft,Single,https://assets.helloaddress.com/ui/images/property-no-image-small-rh.jpg
Commercial Shop for Rent,Thiruvalla town,Thiruvalla,Pathanamthitta,Not Provided ,2,12148703,330 Sq-ft,Single,https://assets.helloaddress.com/ui/images/property-no-image-small-cs.jpg
Commercial Shop for Rent,in Pathanamthitta,Pathanamthitta,Pathanamthitta,Not Provided ,2,12143855,5000 Sq-ft,Single,https://assets.helloaddress.com/ui/images/property-no-image-small-cs.jpg
Commercial Shop for Rent,in Eraviperoor,Thiruvalla,Pathanamthitta,60 k - 65 k ,2,12145390,1600 Sq-ft,Single,https://assets.helloaddress.com/ui/images/property-no-image-small-cs.jpg
Commercial Shop for Rent,Pathanamthitta,Pathanamthitta,Pathanamthitta,15 k - 20 k ,2,12137081,550 Sq-ft,Single,https://assets.helloaddress.com/ui/images/property-no-image-small-cs.jpg
Residential House/Villa for Rent,Vettipuram,Pathanamthitta,Pathanamthitta,5 k - 10 k ,2,12137089,1500 Sq-ft,Single,https://assets.helloaddress.com/ui/images/property-no-image-small-rh.jpg
Commercial Building for Rent,in Vennikulam,Mallappally,Pathanamthitta,65 k - 70 k ,2,12138061,3500 Sq-ft,Single,https://assets.helloaddress.com/ui/images/property-no-image-small-cb.jpg
Residential House/Villa for Rent,in Adoor,Adoor,Pathanamthitta,5 k - 10 k ,3,12136509,1200 Sq-ft,Single,https://assets.helloaddress.com/ui/images/property-no-image-small-rh.jpg
Residential House/Villa for Rent,Thukalassery,Thiruvalla,Pathanamthitta,5 k - 10 k ,3,12115497,2000 Sq-ft,Single,https://assets.helloaddress.com/ui/images/property-no-image-small-rh.jpg
Commercial Building for Rent,in Elanthoor,Pathanamthitta,Pathanamthitta,Not Provided ,3,12116355,6000 Sq-ft,Single,https://assets.helloaddress.com/ui/images/property-no-image-small-cb.jpg
Commercial Building for Rent,Pathanamthitta,Pathanamthitta,Pathanamthitta,5 k - 10 k ,3,P729863,250 Sq-ft,Single,https://assets.helloaddress.com/ui/images/property-no-image-small-cb.jpg
Commercial Office for Rent,in Koipuram,Thiruvalla,Pathanamthitta,Not Provided ,3,P729484,1200 Sq-ft,Single,https://assets.helloaddress.com/ui/images/property-no-image-small-cf.jpg
Commercial Office for Rent,in Puthenpeedika,Pathanamthitta,Pathanamthitta,Not Provided ,3,12123068,800 Sq-ft,Single,https://assets.helloaddress.com/ui/images/property-no-image-small-cf.jpg
Commercial Building for Rent,Konni,Konni,Pathanamthitta,Not Provided ,3,P728995,10000 Sq-ft,Single,https://assets.helloaddress.com/ui/images/property-no-image-small-cb.jpg
Residential Apartment for Rent,Mithrapuram,Adoor,Pathanamthitta,5 k - 10 k ,2,P724722,900 Sq-ft,Single,https://assets.helloaddress.com/ui/images/property-no-image-small-ra.jpg
Residential House/Villa for Rent,in Thottabhagom,Thiruvalla,Pathanamthitta,5 k - 10 k ,2,12116902,800 Sq-ft,Single,https://assets.helloaddress.com/ui/images/property-no-image-small-rh.jpg
Commercial Building for Rent,Pathanamthitta,Pathanamthitta,Pathanamthitta,Not Provided ,2,12103191,2600 Sq-ft,Single,https://assets.helloaddress.com/ui/images/property-no-image-small-cb.jpg
Commercial Building for Rent,in Thiruvalla town,Thiruvalla,Pathanamthitta,Not Provided ,2,12116070,12000 Sq-ft,Single,https://assets.helloaddress.com/ui/images/property-no-image-small-cb.jpg
Residential Apartment for Rent,Kuttapuzha,Thiruvalla,Pathanamthitta,5 k - 10 k ,2,12107132,1200 Sq-ft,Single,https://assets.helloaddress.com/ui/images/property-no-image-small-ra.jpg
Residential House/Villa for Rent,Kadamanitta,Kozhencherry,Pathanamthitta,Not Provided ,2,12097746,800 Sq-ft,Single,https://assets.helloaddress.com/ui/images/property-no-image-small-rh.jpg
Commercial Office for Rent,Pathanamthitta,Pathanamthitta,Pathanamthitta,35 k - 40 k ,2,12087504,1600 Sq-ft,Single,https://assets.helloaddress.com/ui/images/property-no-image-small-cf.jpg
Residential Apartment for Rent,in Thattayil,Adoor,Pathanamthitta,5 k - 10 k ,3,12088478,1200 Sq-ft,Single,https://assets.helloaddress.com/ui/images/property-no-image-small-ra.jpg
Residential House/Villa for Rent,in Vallamkulam,Thiruvalla,Pathanamthitta,5 k - 10 k ,3,120894060,2400 Sq-ft,Single,https://assets.helloaddress.com/ui/images/property-no-image-small-rh.jpg
Commercial Office for Rent,in Thiruvalla town,Thiruvalla,Pathanamthitta,Not Provided ,3,12086654,900 Sq-ft,Single,https://assets.helloaddress.com/ui/images/property-no-image-small-cf.jpg
Residential Land for Rent,in Pathanamthitta,Pathanamthitta,Pathanamthitta,Not Provided ,3,12086118,6 Cent,Single,https://assets.helloaddress.com/ui/images/property-no-image-small-rl.jpg
Residential Apartment for Rent,Thattayil,Adoor,Pathanamthitta,5 k - 10 k ,3,12078056,1200 Sq-ft,Single,https://assets.helloaddress.com/ui/images/property-no-image-small-ra.jpg
Commercial Building for Rent,Pathanamthitta,Pathanamthitta,Pathanamthitta,85 k - 90 k ,3,P724468,2600 Sq-ft,Single,https://assets.helloaddress.com/ui/images/property-no-image-small-cb.jpg
Commercial Building for Rent,Thiruvalla town,Thiruvalla,Pathanamthitta,Not Provided ,3,12083571,3200 Sq-ft,Single,https://assets.helloaddress.com/ui/images/property-no-image-small-cb.jpg
Commercial Office for Rent,in Pandalam,Pandalam,Pathanamthitta,Not Provided ,3,12075923,3000 Sq-ft,Single,https://assets.helloaddress.com/ui/images/property-no-image-small-cf.jpg
Residential Apartment for Rent,Thiruvalla town,Thiruvalla,Pathanamthitta,15 k - 20 k ,3,12080605,1700 Sq-ft,Single,https://assets.helloaddress.com/ui/images/property-no-image-small-ra.jpg
Commercial Shop for Rent,in Kozhencherry,Kozhencherry,Pathanamthitta,Not Provided ,3,12078583,250 Sq-ft,Single,https://assets.helloaddress.com/ui/images/property-no-image-small-cs.jpg
Commercial Shop for Rent,in Konni,Konni,Pathanamthitta,Not Provided ,3,12070552,12000 Sq-ft,Single,https://assets.helloaddress.com/ui/images/property-no-image-small-cs.jpg
Residential Apartment for Rent,in Payyanamon,Konni,Pathanamthitta,5 k - 10 k ,2,12070905,900 Sq-ft,Single,https://assets.helloaddress.com/ui/images/property-no-image-small-ra.jpg
Commercial Building for Rent,in Kozhencherry,Kozhencherry,Pathanamthitta,Not Provided ,2,12064053,7500 Sq-ft,Single,https://assets.helloaddress.com/ui/images/property-no-image-small-cb.jpg
Commercial Shop for Rent,Pathanamthitta,Pathanamthitta,Pathanamthitta,15 k - 20 k ,2,12056112,940 Sq-ft,Single,https://assets.helloaddress.com/ui/images/property-no-image-small-cs.jpg
Residential House/Villa for Rent,Thirumoolapuram,Thiruvalla,Pathanamthitta,5 k - 10 k ,2,12057032,1700 Sq-ft,Single,https://assets.helloaddress.com/ui/images/property-no-image-small-rh.jpg
Commercial Office for Rent,in Thiruvalla town,Thiruvalla,Pathanamthitta,Not Provided ,2,12064210,12000 Sq-ft,Single,https://assets.helloaddress.com/ui/images/property-no-image-small-cf.jpg
Commercial Building for Rent,in Elanthoor,Pathanamthitta,Pathanamthitta,Not Provided ,2,12061385,6000 Sq-ft,Single,https://assets.helloaddress.com/ui/images/property-no-image-small-cb.jpg
Commercial Building for Rent,Pathanamthitta,Pathanamthitta,Pathanamthitta,Not Provided ,2,12049175,8000 Sq-ft,Single,https://assets.helloaddress.com/ui/images/property-no-image-small-cb.jpg
വാസയോഗ്യമായ വീട്‌ / ഉല്ലാസഭവനം വാടകയ്ക്ക്,Anicad,Mallappally,Pathanamthitta,1 k - 5 k ,2,P720857,1500 Sq-ft,Single,https://assets.helloaddress.com/ui/images/property-no-image-small-rh.jpg
Commercial Building for Rent,Elanthoor,Pathanamthitta,Pathanamthitta,Not Provided ,2,12018865,1000 Sq-ft,Single,https://assets.helloaddress.com/ui/images/property-no-image-small-cb.jpg
Residential Apartment for Rent,in Vennikulam,Mallappally,Pathanamthitta,5 k - 10 k ,2,12022311,1400 Sq-ft,Single,https://assets.helloaddress.com/ui/images/property-no-image-small-ra.jpg
Residential House/Villa for Rent,in Chennampalli,Adoor,Pathanamthitta,Not Provided ,3,P709763,1800 Sq-ft,Single,https://assets.helloaddress.com/ui/images/property-no-image-small-rh.jpg
Commercial Building for Rent,in Ranni,Ranni,Pathanamthitta,20 k - 25 k ,3,12027072,1500 Sq-ft,Single,https://assets.helloaddress.com/ui/images/property-no-image-small-cb.jpg
Residential House/Villa for Rent,in Thekkemala,Kozhencherry,Pathanamthitta,Not Provided ,4,P719146,4000 Sq-ft,Single,https://assets.helloaddress.com/ui/images/property-no-image-small-rh.jpg
Residential House/Villa for Rent,Thirumoolapuram,Thiruvalla,Pathanamthitta,5 k - 10 k ,2,12008050,1700 Sq-ft,Single,https://assets.helloaddress.com/ui/images/property-no-image-small-rh.jpg
Commercial Building for Rent,Perunad,Ranni,Pathanamthitta,Not Provided ,2,12006709,3500 Sq-ft,Single,https://assets.helloaddress.com/ui/images/property-no-image-small-cb.jpg
Commercial Shop for Rent,in Adoor,Adoor,Pathanamthitta,Not Provided ,2,12007242,400 Sq-ft,Single,https://assets.helloaddress.com/ui/images/property-no-image-small-cs.jpg
Commercial Building for Rent,Vettipuram,Pathanamthitta,Pathanamthitta,1 Lac - 5 Lac ,2,P716281,4800 Sq-ft,Single,https://assets.helloaddress.com/ui/images/property-no-image-small-cb.jpg
Commercial Building for Rent,in Kumbazha,Pathanamthitta,Pathanamthitta,Not Provided ,2,11957755,6800 Sq-ft,Single,https://assets.helloaddress.com/ui/images/property-no-image-small-cb.jpg
Residential House/Villa for Rent,Kattodu ,Thiruvalla,Pathanamthitta,10 k - 15 k ,3,11985613,3000 Sq-ft,Single,https://assets.helloaddress.com/ui/images/property-no-image-small-rh.jpg
Residential House/Villa for Rent,Omalloor,Omalloor,Pathanamthitta,1 k - 5 k ,2,P716071,650 Sq-ft,Single,https://assets.helloaddress.com/ui/images/property-no-image-small-rh.jpg
Residential House/Villa for Rent,in Kizhakkanmuthoor,Thiruvalla,Pathanamthitta,1 k - 5 k ,2,119642141,300 Sq-ft,Single,https://assets.helloaddress.com/ui/images/property-no-image-small-rh.jpg
Commercial Building for Rent,Pathanamthitta,Pathanamthitta,Pathanamthitta,1 Lac - 5 Lac ,2,11968410,2200 Sq-ft,Single,https://assets.helloaddress.com/ui/images/property-no-image-small-cb.jpg
Residential House/Villa for Rent,in Thiruvalla town,Thiruvalla,Pathanamthitta,5 k - 10 k ,3,11975769,1800 Sq-ft,Single,https://assets.helloaddress.com/ui/images/property-no-image-small-rh.jpg
Commercial Building for Rent,in Ranni,Ranni,Pathanamthitta,Not Provided ,3,P713834,20000 Sq-ft,Single,https://assets.helloaddress.com/ui/images/property-no-image-small-cb.jpg
Commercial Building for Rent,in Thiruvalla town,Thiruvalla,Pathanamthitta,Not Provided ,3,11968538,4000 Sq-ft,Single,https://assets.helloaddress.com/ui/images/property-no-image-small-cb.jpg
Residential House/Villa for Rent,Pathanamthitta,Pathanamthitta,Pathanamthitta,10 k - 15 k ,4,P713036,2100 Sq-ft,Single,https://assets.helloaddress.com/ui/images/property-no-image-small-rh.jpg
Commercial Building for Rent,Angadi,Ranni,Pathanamthitta,Not Provided ,4,P680622,10000 Sq-ft,Single,https://assets.helloaddress.com/ui/images/property-no-image-small-cb.jpg
Commercial Shop for Rent,Thiruvalla town,Thiruvalla,Pathanamthitta,Not Provided ,4,P712235,2000 Sq-ft,Single,https://assets.helloaddress.com/ui/images/property-no-image-small-cs.jpg
Commercial Office for Rent,Pandalam,Pandalam,Pathanamthitta,1 k - 5 k ,4,11911186,300 Sq-ft,Single,https://assets.helloaddress.com/ui/images/property-no-image-small-cf.jpg
Commercial Building for Rent,in Thiruvalla town,Thiruvalla,Pathanamthitta,Not Provided ,4,P709900,1000 Sq-ft,Single,https://assets.helloaddress.com/ui/images/property-no-image-small-cb.jpg
Commercial Building for Rent,in Mallapally,Mallappally,Pathanamthitta,Not Provided ,4,11922094,5000 Sq-ft,Single,https://assets.helloaddress.com/ui/images/property-no-image-small-cb.jpg
Residential House/Villa for Rent,in Thiruvalla town,Thiruvalla,Pathanamthitta,Not Provided ,2,11919128,1200 Sq-ft,Single,https://assets.helloaddress.com/ui/images/property-no-image-small-rh.jpg
Commercial Office for Rent,Adoor,Adoor,Pathanamthitta,25 k - 30 k ,2,11904965,3000 Sq-ft,Single,https://assets.helloaddress.com/ui/images/property-no-image-small-cf.jpg
Residential House/Villa for Rent,in Manjadi,Thiruvalla,Pathanamthitta,20 k - 25 k ,5,11900459,3000 Sq-ft,Single,https://assets.helloaddress.com/ui/images/property-no-image-small-rh.jpg
Commercial Office for Rent,in Puthenpeedika,Pathanamthitta,Pathanamthitta,Not Provided ,5,11898278,800 Sq-ft,Single,https://assets.helloaddress.com/ui/images/property-no-image-small-cf.jpg
Commercial Building for Rent,in Kozhencherry,Kozhencherry,Pathanamthitta,Not Provided ,5,11900479,3500 Sq-ft,Single,https://assets.helloaddress.com/ui/images/property-no-image-small-cb.jpg
Residential House/Villa for Rent,in Kuttapuzha,Thiruvalla,Pathanamthitta,10 k - 15 k ,3,11880904,1500 Sq-ft,Single,https://assets.helloaddress.com/ui/images/property-no-image-small-rh.jpg
Commercial Building for Rent,in Arattupuzha,Kozhencherry,Pathanamthitta,Not Provided ,3,11885187,2300 Sq-ft,Single,https://assets.helloaddress.com/ui/images/property-no-image-small-cb.jpg
Commercial Building for Rent,Kalanjoor,Adoor,Pathanamthitta,Not Provided ,3,11881341,3000 Sq-ft,Single,https://assets.helloaddress.com/ui/images/property-no-image-small-cb.jpg
Residential House/Villa for Rent,Thiruvalla town,Thiruvalla,Pathanamthitta,5 k - 10 k ,2,11882547,1400 Sq-ft,Single,https://assets.helloaddress.com/ui/images/property-no-image-small-rh.jpg
Commercial Shop for Rent,in Pathanamthitta,Pathanamthitta,Pathanamthitta,1 k - 5 k ,2,11867183,160 Sq-ft,Single,https://assets.helloaddress.com/ui/images/property-no-image-small-cs.jpg
Commercial Building for Rent,in Pravinkudu ,Thiruvalla,Pathanamthitta,Not Provided ,2,11864040,1250 Sq-ft,Single,https://assets.helloaddress.com/ui/images/property-no-image-small-cb.jpg
Residential House/Villa for Rent,in Thiruvalla town,Thiruvalla,Pathanamthitta,5 k - 10 k ,2,11880031,1000 Sq-ft,Single,https://assets.helloaddress.com/ui/images/property-no-image-small-rh.jpg
Commercial Building for Rent,in Punnakadu,Kozhencherry,Pathanamthitta,Not Provided ,2,11857086,2000 Sq-ft,Trust,https://assets.helloaddress.com/ui/images/property-no-image-small-cb.jpg
Commercial Land for Rent,in Pullad,Thiruvalla,Pathanamthitta,Not Provided ,2,11864413,2650 Sq-ft,Single,https://assets.helloaddress.com/ui/images/property-no-image-small-cl.jpg
Residential Apartment for Rent,Adoor,Adoor,Pathanamthitta,1 k - 5 k ,2,11867117,1500 Sq-ft,Single,https://assets.helloaddress.com/ui/images/property-no-image-small-ra.jpg
Commercial Shop for Rent,in Enathu,Adoor,Pathanamthitta,Not Provided ,2,11864404,1200 Sq-ft,Single,https://assets.helloaddress.com/ui/images/property-no-image-small-cs.jpg
Residential House/Villa for Rent,in Kizhakkanmuthoor,Thiruvalla,Pathanamthitta,1 k - 5 k ,2,11841477,300 Sq-ft,Single,https://assets.helloaddress.com/ui/images/property-no-image-small-rh.jpg
Residential Apartment for Rent,in Adoor,Adoor,Pathanamthitta,5 k - 10 k ,3,11844238,1200 Sq-ft,Single,https://assets.helloaddress.com/ui/images/property-no-image-small-ra.jpg
Residential House/Villa for Rent,in Thiruvalla town,Thiruvalla,Pathanamthitta,25 k - 30 k ,5,11842950,3000 Sq-ft,Single,https://assets.helloaddress.com/ui/images/property-no-image-small-rh.jpg
Commercial Building for Rent,in Thiruvalla town,Thiruvalla,Pathanamthitta,Not Provided ,5,11826833,12000 Sq-ft,Single,https://assets.helloaddress.com/ui/images/property-no-image-small-cb.jpg
Commercial Building for Rent,in Pathanamthitta,Pathanamthitta,Pathanamthitta,Not Provided ,5,11836895,2700 Sq-ft,Single,https://assets.helloaddress.com/ui/images/property-no-image-small-cb.jpg
Residential Apartment for Rent,Pathanamthitta,Pathanamthitta,Pathanamthitta,Not Provided ,2,11836995,700 Sq-ft,Single,https://assets.helloaddress.com/ui/images/property-no-image-small-ra.jpg
Commercial Shop for Rent,in Pathanamthitta,Pathanamthitta,Pathanamthitta,5 k - 10 k ,2,11834112,1500 Sq-ft,Single,https://assets.helloaddress.com/ui/images/property-no-image-small-cs.jpg
Commercial Office for Rent,Pathanamthitta,Pathanamthitta,Pathanamthitta,20 k - 25 k ,2,P703045,750 Sq-ft,Single,https://assets.helloaddress.com/ui/images/property-no-image-small-cf.jpg
Commercial Office for Rent,in Thiruvalla town,Thiruvalla,Pathanamthitta,Not Provided ,2,11827620,150 Sq-ft,Single,https://assets.helloaddress.com/ui/images/property-no-image-small-cf.jpg
Commercial Office for Rent,Thiruvalla town,Thiruvalla,Pathanamthitta,1 Lac - 5 Lac ,2,11828468,2200 Sq-ft,Single,https://assets.helloaddress.com/ui/images/property-no-image-small-cf.jpg
Residential House/Villa for Rent,in Kavumbhagom,Thiruvalla,Pathanamthitta,5 k - 10 k ,4,11827012,2000 Sq-ft,Single,https://assets.helloaddress.com/ui/images/property-no-image-small-rh.jpg
Residential House/Villa for Rent,in Kozhencherry,Kozhencherry,Pathanamthitta,1 k - 5 k ,3,11826909,800 Sq-ft,Single,https://assets.helloaddress.com/ui/images/property-no-image-small-rh.jpg
Commercial Building for Rent,in Pandalam,Pandalam,Pathanamthitta,Not Provided ,3,11827037,2150 Sq-ft,Single,https://assets.helloaddress.com/ui/images/property-no-image-small-cb.jpg
Residential Apartment for Rent,in Thiruvalla town,Thiruvalla,Pathanamthitta,5 k - 10 k ,2,11825782,1400 Sq-ft,Single,https://assets.helloaddress.com/ui/images/property-no-image-small-ra.jpg
Commercial Office for Rent,Pathanamthitta,Pathanamthitta,Pathanamthitta,15 k - 20 k ,2,11807569,1100 Sq-ft,Single,https://assets.helloaddress.com/ui/images/property-no-image-small-cf.jpg
Residential Apartment for Rent,Pathanamthitta,Pathanamthitta,Pathanamthitta,Not Provided ,2,11821520,700 Sq-ft,Single,https://assets.helloaddress.com/ui/images/property-no-image-small-ra.jpg
Commercial Shop for Rent,Koodal,Adoor,Pathanamthitta,Not Provided ,2,11819233,2000 Sq-ft,Single,https://assets.helloaddress.com/ui/images/property-no-image-small-cs.jpg
Commercial Shop for Rent,in Adoor,Adoor,Pathanamthitta,Not Provided ,2,11820450,2000 Sq-ft,Single,https://assets.helloaddress.com/ui/images/property-no-image-small-cs.jpg
Residential House/Villa for Rent,in Chinamukku,Konni,Pathanamthitta,5 k - 10 k ,2,11809224,850 Sq-ft,Single,https://assets.helloaddress.com/ui/images/property-no-image-small-rh.jpg
Commercial Building for Rent,in Kattodu ,Thiruvalla,Pathanamthitta,Not Provided ,2,11811184,2000 Sq-ft,Single,https://assets.helloaddress.com/ui/images/property-no-image-small-cb.jpg
Commercial Building for Rent,in Kumbazha,Pathanamthitta,Pathanamthitta,5 k - 10 k ,2,11815975,1200 Sq-ft,Single,https://assets.helloaddress.com/ui/images/property-no-image-small-cb.jpg
Commercial Shop for Rent,Pathanamthitta,Pathanamthitta,Pathanamthitta,Not Provided ,2,11805955,950 Sq-ft,Single,https://assets.helloaddress.com/ui/images/property-no-image-small-cs.jpg
Commercial Office for Rent,Omalloor,Omalloor,Pathanamthitta,Not Provided ,2,11807560,1120 Sq-ft,Single,https://assets.helloaddress.com/ui/images/property-no-image-small-cf.jpg
Residential House/Villa for Rent,in Manjadi,Thiruvalla,Pathanamthitta,5 k - 10 k ,2,11802618,1300 Sq-ft,Single,https://assets.helloaddress.com/ui/images/property-no-image-small-rh.jpg
Commercial Building for Rent,in Elanthoor,Pathanamthitta,Pathanamthitta,Not Provided ,2,11799533,7000 Sq-ft,Single,https://assets.helloaddress.com/ui/images/property-no-image-small-cb.jpg
Commercial Building for Rent,in Kilivayal,Adoor,Pathanamthitta,45 k - 50 k ,2,11800758,3000 Sq-ft,Single,https://assets.helloaddress.com/ui/images/property-no-image-small-cb.jpg
Residential Apartment for Rent,Thattayil,Adoor,Pathanamthitta,5 k - 10 k ,3,11801903,1200 Sq-ft,Single,https://assets.helloaddress.com/ui/images/property-no-image-small-ra.jpg
Commercial Office for Rent,in Kozhencherry,Kozhencherry,Pathanamthitta,15 k - 20 k ,3,11793442,1000 Sq-ft,Single,https://assets.helloaddress.com/ui/images/property-no-image-small-cf.jpg
Commercial Building for Rent,in Kaviyoor,Thiruvalla,Pathanamthitta,1 k - 5 k ,3,11787016,1800 Sq-ft,Single,https://assets.helloaddress.com/ui/images/property-no-image-small-cb.jpg
Commercial Shop for Rent,in Konni,Konni,Pathanamthitta,10 k - 15 k ,3,11781658,1820 Sq-ft,Single,https://assets.helloaddress.com/ui/images/property-no-image-small-cs.jpg
Residential Apartment for Rent,in Thiruvalla town,Thiruvalla,Pathanamthitta,15 k - 20 k ,3,11782835,1500 Sq-ft,Single,https://assets.helloaddress.com/ui/images/property-no-image-small-ra.jpg
Commercial Shop for Rent,in Kozhencherry,Kozhencherry,Pathanamthitta,1 k - 5 k ,3,11773147,80 Sq-ft,Single,https://assets.helloaddress.com/ui/images/property-no-image-small-cs.jpg
Commercial Building for Rent,in Pathanamthitta,Pathanamthitta,Pathanamthitta,5 k - 10 k ,3,11774661,500 Sq-ft,Single,https://assets.helloaddress.com/ui/images/property-no-image-small-cb.jpg
Commercial Shop for Rent,in Pathanamthitta,Pathanamthitta,Pathanamthitta,20 k - 25 k ,3,11774727,450 Sq-ft,Single,https://assets.helloaddress.com/ui/images/property-no-image-small-cs.jpg
Residential Apartment for Rent,in Adoor,Adoor,Pathanamthitta,5 k - 10 k ,2,11770287,1650 Sq-ft,Single,https://assets.helloaddress.com/ui/images/property-no-image-small-ra.jpg
Commercial Building for Rent,Ranni,Ranni,Pathanamthitta,Not Provided ,2,11758478,9000 Sq-ft,Single,https://assets.helloaddress.com/ui/images/property-no-image-small-cb.jpg
Commercial Land for Rent,in Enathu,Adoor,Pathanamthitta,25 k - 30 k ,2,11765398,30 Cent,Single,https://assets.helloaddress.com/ui/images/property-no-image-small-cl.jpg
Residential House/Villa for Rent,in Adoor,Adoor,Pathanamthitta,5 k - 10 k ,3,11753217,1200 Sq-ft,Single,https://assets.helloaddress.com/ui/images/property-no-image-small-rh.jpg
Residential Apartment for Rent,in Thiruvalla town,Thiruvalla,Pathanamthitta,10 k - 15 k ,2,11763615,1200 Sq-ft,Single,https://assets.helloaddress.com/ui/images/property-no-image-small-ra.jpg
Commercial Shop for Rent,Manjadi,Thiruvalla,Pathanamthitta,Not Provided ,2,11735194,500 Sq-ft,Single,https://assets.helloaddress.com/ui/images/property-no-image-small-cs.jpg
Commercial Office for Rent,Pathanamthitta,Pathanamthitta,Pathanamthitta,Not Provided ,2,11731757,2000 Sq-ft,Single,https://assets.helloaddress.com/ui/images/property-no-image-small-cf.jpg
Commercial Building for Rent,in Kaviyoor,Thiruvalla,Pathanamthitta,1 k - 5 k ,2,11741858,1800 Sq-ft,Single,https://assets.helloaddress.com/ui/images/property-no-image-small-cb.jpg
Commercial Office for Rent,Adoor,Adoor,Pathanamthitta,50 k - 55 k ,2,11734032,2641 Sq-ft,Single,https://assets.helloaddress.com/ui/images/property-no-image-small-cf.jpg
Residential House/Villa for Rent,in Mallapally,Mallappally,Pathanamthitta,1 k - 5 k ,2,11733447,1800 Sq-ft,Single,https://assets.helloaddress.com/ui/images/property-no-image-small-rh.jpg
Commercial Office for Rent,in Thiruvalla town,Thiruvalla,Pathanamthitta,Not Provided ,2,11733519,425 Sq-ft,Single,https://assets.helloaddress.com/ui/images/property-no-image-small-cf.jpg
Commercial Office for Rent,in Pandalam,Pandalam,Pathanamthitta,Not Provided ,2,11731761,6000 Sq-ft,Single,https://assets.helloaddress.com/ui/images/property-no-image-small-cf.jpg
Commercial Office for Rent,in Thiruvalla town,Thiruvalla,Pathanamthitta,Not Provided ,2,11733101,500 Sq-ft,Single,https://assets.helloaddress.com/ui/images/property-no-image-small-cf.jpg
Commercial Building for Rent,in Kozhencherry,Kozhencherry,Pathanamthitta,10 k - 15 k ,2,11725900,1100 Sq-ft,Single,https://assets.helloaddress.com/ui/images/property-no-image-small-cb.jpg
Commercial Office for Rent,Thiruvalla town,Thiruvalla,Pathanamthitta,Not Provided ,2,11693428,700 Sq-ft,Single,https://assets.helloaddress.com/ui/images/property-no-image-small-cf.jpg
Commercial Building for Rent,in Thiruvalla town,Thiruvalla,Pathanamthitta,Not Provided ,2,11724608,12000 Sq-ft,Single,https://assets.helloaddress.com/ui/images/property-no-image-small-cb.jpg
Commercial Office for Rent,in Thiruvalla town,Thiruvalla,Pathanamthitta,Not Provided ,2,11724379,400 Sq-ft,Single,https://assets.helloaddress.com/ui/images/property-no-image-small-cf.jpg
Residential House/Villa for Rent,Pathanamthitta,Pathanamthitta,Pathanamthitta,Not Provided ,2,11699876,1200 Sq-ft,Joint,https://assets.helloaddress.com/ui/images/property-no-image-small-rh.jpg
Commercial Office for Rent,in Thiruvalla town,Thiruvalla,Pathanamthitta,25 k - 30 k ,2,117149911,650 Sq-ft,Single,https://assets.helloaddress.com/ui/images/property-no-image-small-cf.jpg
Commercial Office for Rent,in Thiruvalla town,Thiruvalla,Pathanamthitta,45 k - 50 k ,2,11714991,1231 Sq-ft,Single,https://assets.helloaddress.com/ui/images/property-no-image-small-cf.jpg
Residential Apartment for Rent,in Thiruvalla town,Thiruvalla,Pathanamthitta,5 k - 10 k ,2,11720983,1400 Sq-ft,Single,https://assets.helloaddress.com/ui/images/property-no-image-small-ra.jpg
Residential House/Villa for Rent,in Pandalam,Pandalam,Pathanamthitta,1 k - 5 k ,2,11676499,1500 Sq-ft,Single,https://assets.helloaddress.com/ui/images/property-no-image-small-rh.jpg
Commercial Office for Rent,Eraviperoor,Thiruvalla,Pathanamthitta,Not Provided ,2,11701436,1700 Sq-ft,Single,https://assets.helloaddress.com/ui/images/property-no-image-small-cf.jpg
Commercial Shop for Rent,Pathanamthitta,Pathanamthitta,Pathanamthitta,20 k - 25 k ,2,11675405,500 Sq-ft,Single,https://assets.helloaddress.com/ui/images/property-no-image-small-cs.jpg
Commercial Building for Rent,in Thiruvalla town,Thiruvalla,Pathanamthitta,5 Lac - 10 Lac ,2,P685742,12000 Sq-ft,Single,https://assets.helloaddress.com/ui/images/property-no-image-small-cb.jpg
Commercial Building for Rent,Adoor,Adoor,Pathanamthitta,Not Provided ,2,P685397,4100 Sq-ft,Single,https://assets.helloaddress.com/ui/images/property-no-image-small-cb.jpg
Commercial Building for Rent,Idinjillam,Thiruvalla,Pathanamthitta,Not Provided ,2,P683982,2500 Sq-ft,Single,https://assets.helloaddress.com/ui/images/property-no-image-small-cb.jpg
Commercial Office for Rent,Pathanamthitta,Pathanamthitta,Pathanamthitta,15 k - 20 k ,2,P684751,940 Sq-ft,Single,https://assets.helloaddress.com/ui/images/property-no-image-small-cf.jpg
Commercial Building for Rent,in Adoor,Adoor,Pathanamthitta,60 k - 65 k ,2,11666309,2000 Sq-ft,Single,https://assets.helloaddress.com/ui/images/property-no-image-small-cb.jpg
Residential House/Villa for Rent,Pathanamthitta,Pathanamthitta,Pathanamthitta,5 k - 10 k ,3,11633349,1300 Sq-ft,Single,https://assets.helloaddress.com/ui/images/property-no-image-small-rh.jpg
Commercial Office for Rent,Mallapally,Mallappally,Pathanamthitta,Not Provided ,3,11668364,100 Sq-ft,Single,https://assets.helloaddress.com/ui/images/property-no-image-small-cf.jpg
Commercial Building for Rent,Pathanamthitta,Pathanamthitta,Pathanamthitta,15 k - 20 k ,3,116662751,940 Sq-ft,Single,https://assets.helloaddress.com/ui/images/property-no-image-small-cb.jpg
Residential House/Villa for Rent,Pathanamthitta,Pathanamthitta,Pathanamthitta,1 k - 5 k ,2,11666275,1000 Sq-ft,Single,https://assets.helloaddress.com/ui/images/property-no-image-small-rh.jpg
Residential House/Villa for Rent,Pandalam,Pandalam,Pathanamthitta,1 k - 5 k ,2,11660883,1500 Sq-ft,Single,https://assets.helloaddress.com/ui/images/property-no-image-small-rh.jpg
Residential House/Villa for Rent,in Idinjillam,Thiruvalla,Pathanamthitta,5 k - 10 k ,3,11662306,2500 Sq-ft,Single,https://assets.helloaddress.com/ui/images/property-no-image-small-rh.jpg
Residential House/Villa for Rent,in Thirumoolapuram,Thiruvalla,Pathanamthitta,5 k - 10 k ,2,11625697,1000 Sq-ft,Single,https://assets.helloaddress.com/ui/images/property-no-image-small-rh.jpg
Commercial Shop for Rent,in Pullad,Thiruvalla,Pathanamthitta,1 k - 5 k ,2,11634801,160 Sq-ft,Single,https://assets.helloaddress.com/ui/images/property-no-image-small-cs.jpg
Commercial Office for Rent,Pathanamthitta,Pathanamthitta,Pathanamthitta,Not Provided ,2,11630121,1200 Sq-ft,Single,https://assets.helloaddress.com/ui/images/property-no-image-small-cf.jpg
Commercial Building for Rent,in Thekkemala,Kozhencherry,Pathanamthitta,Not Provided ,2,11620488,3000 Sq-ft,Single,https://assets.helloaddress.com/ui/images/property-no-image-small-cb.jpg
Commercial Office for Rent,in Azhoor,Pathanamthitta,Pathanamthitta,10 k - 15 k ,2,11616793,900 Sq-ft,Single,https://assets.helloaddress.com/ui/images/property-no-image-small-cf.jpg
Residential Apartment for Rent,in Pathanamthitta,Pathanamthitta,Pathanamthitta,5 k - 10 k ,2,11606516,800 Sq-ft,Single,https://assets.helloaddress.com/ui/images/property-no-image-small-ra.jpg
Industrial Building for Rent,in Thiruvalla town,Thiruvalla,Pathanamthitta,Not Provided ,2,11621797,3500 Sq-ft,Single,https://assets.helloaddress.com/ui/images/property-no-image-small-ib.jpg
Residential House/Villa for Rent,Kozhencherry,Kozhencherry,Pathanamthitta,5 k - 10 k ,3,P678454,1800 Sq-ft,Single,https://assets.helloaddress.com/ui/images/property-no-image-small-rh.jpg
Commercial Office for Rent,Pathanamthitta,Pathanamthitta,Pathanamthitta,Not Provided ,3,P678395,7000 Sq-ft,Single,https://assets.helloaddress.com/ui/images/property-no-image-small-cf.jpg
Residential Apartment for Rent,Thiruvalla town,Thiruvalla,Pathanamthitta,5 k - 10 k ,2,11596024,900 Sq-ft,Single,https://assets.helloaddress.com/ui/images/property-no-image-small-ra.jpg
Commercial Shop for Rent,Adoor,Adoor,Pathanamthitta,Not Provided ,2,11607104,850 Sq-ft,Single,https://assets.helloaddress.com/ui/images/property-no-image-small-cs.jpg
Residential House/Villa for Rent,Thiruvalla town,Thiruvalla,Pathanamthitta,5 k - 10 k ,3,11586965,1450 Sq-ft,Single,https://assets.helloaddress.com/ui/images/property-no-image-small-rh.jpg
Residential House/Villa for Rent,in Thiruvalla town,Thiruvalla,Pathanamthitta,5 k - 10 k ,2,11586943,1500 Sq-ft,Single,https://assets.helloaddress.com/ui/images/property-no-image-small-rh.jpg
Residential Apartment for Rent,Thiruvalla town,Thiruvalla,Pathanamthitta,10 k - 15 k ,2,11587704,1400 Sq-ft,Single,https://assets.helloaddress.com/ui/images/property-no-image-small-ra.jpg
Residential House/Villa for Rent,Pathanamthitta,Pathanamthitta,Pathanamthitta,5 k - 10 k ,4,11579876,2000 Sq-ft,Single,https://assets.helloaddress.com/ui/images/property-no-image-small-rh.jpg
Commercial Office for Rent,Pathanamthitta,Pathanamthitta,Pathanamthitta,1 k - 5 k ,4,11578262,700 Sq-ft,Single,https://assets.helloaddress.com/ui/images/property-no-image-small-cf.jpg
Residential Apartment for Rent,Kuttapuzha,Thiruvalla,Pathanamthitta,Not Provided ,3,11587753,1700 Sq-ft,Single,https://assets.helloaddress.com/ui/images/property-no-image-small-ra.jpg
Residential House/Villa for Rent,Kavumbhagom,Thiruvalla,Pathanamthitta,5 k - 10 k ,2,11568459,1000 Sq-ft,Single,https://assets.helloaddress.com/ui/images/property-no-image-small-rh.jpg
Commercial Office for Rent,Vallicodu,Pathanamthitta,Pathanamthitta,10 k - 15 k ,2,11566902,1000 Sq-ft,Single,https://assets.helloaddress.com/ui/images/property-no-image-small-cf.jpg
Commercial Building for Rent,in Thekkemala,Kozhencherry,Pathanamthitta,15 k - 20 k ,2,11577746,1000 Sq-ft,Single,https://assets.helloaddress.com/ui/images/property-no-image-small-cb.jpg
Commercial Building for Rent,in Adoor,Adoor,Pathanamthitta,95 k - 1 Lac ,2,11570596,2950 Sq-ft,Single,https://assets.helloaddress.com/ui/images/property-no-image-small-cb.jpg
Residential House/Villa for Rent,Mallapally,Mallappally,Pathanamthitta,5 k - 10 k ,6,11569631,2000 Sq-ft,Single,https://assets.helloaddress.com/ui/images/property-no-image-small-rh.jpg
Commercial Office for Rent,in Pathanamthitta,Pathanamthitta,Pathanamthitta,40 k - 45 k ,6,11565892,1500 Sq-ft,Joint,https://assets.helloaddress.com/ui/images/property-no-image-small-cf.jpg
Commercial Building for Rent,in Ranni,Ranni,Pathanamthitta,Not Provided ,6,11561485,3000 Sq-ft,Single,https://assets.helloaddress.com/ui/images/property-no-image-small-cb.jpg
Residential House/Villa for Rent,Mallapally,Mallappally,Pathanamthitta,5 k - 10 k ,4,11570043,1800 Sq-ft,Single,https://assets.helloaddress.com/ui/images/property-no-image-small-rh.jpg
Commercial Office for Rent,in Kadapra,Thiruvalla,Pathanamthitta,Not Provided ,4,11552909,5200 Sq-ft,Single,https://assets.helloaddress.com/ui/images/property-no-image-small-cf.jpg
Commercial Building for Rent,Thiruvalla town,Thiruvalla,Pathanamthitta,35 k - 40 k ,4,11539640,1200 Sq-ft,Single,https://assets.helloaddress.com/ui/images/property-no-image-small-cb.jpg
Commercial Land for Rent,Kizhakkumuri,Thiruvalla,Pathanamthitta,Not Provided ,4,11554338,2400 Sq-ft,Single,https://assets.helloaddress.com/ui/images/property-no-image-small-cl.jpg
Commercial Shop for Rent,Thiruvalla town,Thiruvalla,Pathanamthitta,Not Provided ,4,11496287,750 Sq-ft,Single,https://assets.helloaddress.com/ui/images/property-no-image-small-cs.jpg
Commercial Shop for Rent,Mallapally,Mallappally,Pathanamthitta,10 k - 15 k ,4,11536331,600 Sq-ft,Single,https://assets.helloaddress.com/ui/images/property-no-image-small-cs.jpg
Commercial Building for Rent,in Pathanamthitta,Pathanamthitta,Pathanamthitta,5 k - 10 k ,4,11511035,500 Sq-ft,Single,https://assets.helloaddress.com/ui/images/property-no-image-small-cb.jpg
Commercial Shop for Rent,Pandalam,Pandalam,Pathanamthitta,Not Provided ,4,11507101,1700 Sq-ft,Single,https://assets.helloaddress.com/ui/images/property-no-image-small-cs.jpg
Commercial Office for Rent,Pathanamthitta,Pathanamthitta,Pathanamthitta,1 k - 5 k ,4,11512870,250 Sq-ft,Single,https://assets.helloaddress.com/ui/images/property-no-image-small-cf.jpg
Commercial Building for Rent,in Pathanamthitta,Pathanamthitta,Pathanamthitta,35 k - 40 k ,4,11483309,3000 Sq-ft,Single,https://assets.helloaddress.com/ui/images/property-no-image-small-cb.jpg
Industrial Building for Rent,Vadakkadathucavu,Adoor,Pathanamthitta,Not Provided ,4,11490798,3200 Sq-ft,Single,https://assets.helloaddress.com/ui/images/property-no-image-small-ib.jpg
വാസയോഗ്യമായ ഫ്‌ളാറ്റ്‌ വാടകയ്ക്ക്,Perunad,Ranni,Pathanamthitta,1 k - 5 k ,1,P768061,2500 Sq-ft,Single,https://assets.helloaddress.com/ui/images/property-no-image-small-ra.jpg
Residential House/Villa for Rent,Thiruvalla town,Thiruvalla,Pathanamthitta,5 k - 10 k ,2,P752765,1200 Sq-ft,Single,https://assets.helloaddress.com/ui/images/property-no-image-small-rh.jpg
Commercial Shop for Rent,Pathanamthitta,Pathanamthitta,Pathanamthitta,30 k - 35 k ,2,11888508,1000 Sq-ft,Single,https://assets.helloaddress.com/ui/images/property-no-image-small-cs.jpg
