Name,Location,City,District,Price,Bed,PropertyID,PropertyArea,OwnershipType,image
Commercial Office for Rent,Sultan Bathery,Sulthan bathery,Wayanad,10 k - 15 k ,,P252535,8000 Sq-ft,Single,https://assets.helloaddress.com/propertyImages/2014/November/thumb_property_P252535_5477d4c6d4b3e.jpg
Residential Other for Rent,Kottakunnu,Sulthan bathery,Wayanad,5 k - 10 k ,2,P779468,700 Sq-ft,Single,https://assets.helloaddress.com/ui/images/property-no-image-small-ro.jpg
Commercial Building for Rent,in Noolpuzha,Sulthan bathery,Wayanad,Not Provided ,2,12480521,7500 Sq-ft,Single,https://assets.helloaddress.com/ui/images/property-no-image-small-cb.jpg
Commercial Office for Rent,in Wayanad,Wayanad,Wayanad,Not Provided ,2,12445738,1850 Sq-ft,Single,https://assets.helloaddress.com/ui/images/property-no-image-small-cf.jpg
Commercial Office for Rent,Edavaka,Mananthavady,Wayanad,10 k - 15 k ,2,P769936,1250 Sq-ft,Single,https://assets.helloaddress.com/ui/images/property-no-image-small-cf.jpg
Commercial Building for Rent,in Kalpetta,Kalpetta,Wayanad,Not Provided ,2,12270111,5700 Sq-ft,Single,https://assets.helloaddress.com/ui/images/property-no-image-small-cb.jpg
Residential House/Villa for Rent,in Munderi,Kalpetta,Wayanad,5 k - 10 k ,2,12215297,900 Sq-ft,Single,https://assets.helloaddress.com/ui/images/property-no-image-small-rh.jpg
Residential House/Villa for Rent,in Munderi,Kalpetta,Wayanad,5 k - 10 k ,2,12137618,900 Sq-ft,Single,https://assets.helloaddress.com/ui/images/property-no-image-small-rh.jpg
Commercial Office for Rent,in Meenangadi,Sulthan bathery,Wayanad,1 Lac - 5 Lac ,2,12130328,2800 Sq-ft,Single,https://assets.helloaddress.com/ui/images/property-no-image-small-cf.jpg
Agricultural Land for Rent,Muthanga,Sulthan bathery,Wayanad,15 k - 20 k ,2,P724661,3 Acre,Joint,https://assets.helloaddress.com/ui/images/property-no-image-small-al.jpg
Commercial Building for Rent,Kalpetta,Kalpetta,Wayanad,Not Provided ,2,12070065,2200 Sq-ft,Single,https://assets.helloaddress.com/ui/images/property-no-image-small-cb.jpg
Residential House/Villa for Rent,in Sultan Bathery,Sulthan bathery,Wayanad,5 k - 10 k ,2,12065421,1800 Sq-ft,Single,https://assets.helloaddress.com/ui/images/property-no-image-small-rh.jpg
Commercial Building for Rent,Kalpetta,Kalpetta,Wayanad,Not Provided ,2,11881380,4500 Sq-ft,Single,https://assets.helloaddress.com/ui/images/property-no-image-small-cb.jpg
Commercial Building for Rent,Sultan Bathery,Sulthan bathery,Wayanad,Not Provided ,2,P702202,15000 Sq-ft,Single,https://assets.helloaddress.com/ui/images/property-no-image-small-cb.jpg
Commercial Building for Rent,Kalpetta,Kalpetta,Wayanad,Not Provided ,2,11759150,6000 Sq-ft,Single,https://assets.helloaddress.com/ui/images/property-no-image-small-cb.jpg
Residential House/Villa for Rent,Meppadi,Kalpetta,Wayanad,Above 10 Lac ,4,P692471,2660 Sq-ft,Single,https://assets.helloaddress.com/ui/images/property-no-image-small-rh.jpg
Commercial Office for Rent,in Kalpetta,Kalpetta,Wayanad,Not Provided ,4,11735227,2800 Sq-ft,Single,https://assets.helloaddress.com/ui/images/property-no-image-small-cf.jpg
Commercial Building for Rent,in Sultan Bathery,Sulthan bathery,Wayanad,5 Lac - 10 Lac ,4,P691247,26000 Sq-ft,Single,https://assets.helloaddress.com/ui/images/property-no-image-small-cb.jpg
Residential House/Villa for Rent,Muttil,Kalpetta,Wayanad,5 k - 10 k ,2,P688298,3600 Sq-ft,Single,https://assets.helloaddress.com/ui/images/property-no-image-small-rh.jpg
Residential Land for Rent,in Vengapally,Kalpetta,Wayanad,Not Provided ,2,11676117,1.75 Acre,Joint,https://assets.helloaddress.com/ui/images/property-no-image-small-rl.jpg
Commercial Building for Rent,in Kolagappara,Sulthan bathery,Wayanad,1 Lac - 5 Lac ,2,11656802,5600 Sq-ft,Single,https://assets.helloaddress.com/ui/images/property-no-image-small-cb.jpg
Commercial Building for Rent,Sultan Bathery,Sulthan bathery,Wayanad,15 k - 20 k ,2,11614982,2000 Sq-ft,Single,https://assets.helloaddress.com/ui/images/property-no-image-small-cb.jpg
Commercial Shop for Rent,Meenangadi,Sulthan bathery,Wayanad,Not Provided ,2,11559283,2400 Sq-ft,Single,https://assets.helloaddress.com/ui/images/property-no-image-small-cs.jpg
