Name,Location,City,District,Price,Bed,PropertyID,PropertyArea,OwnershipType,image
Residential Land for Sale,Kanhangad,Kanhangad,Kasargod,Not Provided ,,12662861,27 Cent,Single,https://assets.helloaddress.com/ui/images/property-no-image-small-rl.jpg
Agricultural Land for Sale,Kumbala,Kumbla,Kasargod,Not Provided ,,12670829,1 Acre,Single,https://assets.helloaddress.com/ui/images/property-no-image-small-al.jpg
Commercial Land for Sale,in Kanhangad,Kanhangad,Kasargod,Not Provided ,,12661017,42 Acre,Single,https://assets.helloaddress.com/ui/images/property-no-image-small-cl.jpg
Residential House/Villa for Sale,Uliyathadukka jn,Kasargod town,Kasargod,25 Lac - 30 Lac ,2,P800194,950 Sq-ft,Single,https://assets.helloaddress.com/ui/images/property-no-image-small-rh.jpg
Residential Land for Sale,Neeleshwaram,Neeleshwaram,Kasargod,Not Provided ,2,12651512,1.5 Acre,Single,https://assets.helloaddress.com/ui/images/property-no-image-small-rl.jpg
Residential Land for Sale,Bayar ,Kasargod town,Kasargod,Not Provided ,2,12657874,30 Cent,Single,https://assets.helloaddress.com/ui/images/property-no-image-small-rl.jpg
Agricultural Land for Sale,Bellur,Bellur,Kasargod,Not Provided ,2,12648037,14 Acre,Single,https://assets.helloaddress.com/ui/images/property-no-image-small-al.jpg
Residential House/Villa for Sale,Padne bazar,Padanna,Kasargod,Not Provided ,2,12651474,1600 Sq-ft,Single,https://assets.helloaddress.com/ui/images/property-no-image-small-rh.jpg
Residential House/Villa for Sale,in Plachikara,West eleri,Kasargod,50 Lac - 55 Lac ,3,P797207,1800 Sq-ft,Single,https://assets.helloaddress.com/propertyImages/2019/February/thumb_property_P797207_5c645d969d939.jpg
Residential Land for Sale,Edaneer,Chengala,Kasargod,75 Lac - 80 Lac ,3,P797087,2.56 Acre,Single,https://assets.helloaddress.com/ui/images/property-no-image-small-rl.jpg
Agricultural Land for Sale,Mudamkulam,Karadukka,Kasargod,2.6 Cr - 3 Cr ,3,P796785,35 Acre,Single,https://assets.helloaddress.com/ui/images/property-no-image-small-al.jpg
Agricultural Land for Sale,Balamthode,Balal,Kasargod,Not Provided ,3,12627528,4 Acre,Single,https://assets.helloaddress.com/ui/images/property-no-image-small-al.jpg
Commercial Land for Sale,Kumbala,Kumbla,Kasargod,Not Provided ,3,12616034,2.5 Acre,Single,https://assets.helloaddress.com/ui/images/property-no-image-small-cl.jpg
Residential Land for Sale,Kanhangad,Kanhangad,Kasargod,Not Provided ,3,12621604,18 Cent,Single,https://assets.helloaddress.com/ui/images/property-no-image-small-rl.jpg
Agricultural Land for Sale,Kanhangad,Kanhangad,Kasargod,Not Provided ,3,12624299,12 Acre,Single,https://assets.helloaddress.com/ui/images/property-no-image-small-al.jpg
Residential House/Villa for Sale,Cheruvathur,Cheruvathur,Kasargod,45 Lac - 50 Lac ,3,12571043,1560 Sq-ft,Single,https://assets.helloaddress.com/ui/images/property-no-image-small-rh.jpg
Residential Land for Sale,Enmakaje,Enmakaje,Kasargod,Not Provided ,3,12575637,2 Acre,Single,https://assets.helloaddress.com/ui/images/property-no-image-small-rl.jpg
Residential Land for Sale,in Cherupuzha,Cherupuzha,Kasargod,Not Provided ,3,12579201,20.5 Cent,Single,https://assets.helloaddress.com/ui/images/property-no-image-small-rl.jpg
Agricultural Land for Sale,in Perla east,Enmakaje,Kasargod,Not Provided ,3,12556662,28 Acre,Single,https://assets.helloaddress.com/ui/images/property-no-image-small-al.jpg
Agricultural Land for Sale,Neeleshwaram,Neeleshwaram,Kasargod,Not Provided ,3,12538172,3 Acre,Single,https://assets.helloaddress.com/ui/images/property-no-image-small-al.jpg
Agricultural Land for Sale,in Kumbala,Kumbla,Kasargod,Not Provided ,3,12570417,8 Acre,Single,https://assets.helloaddress.com/propertyImages/2018/November/thumb_property_12570417_5bff7a8b97d05.jpg
Agricultural Land for Sale,Balamthode,Balal,Kasargod,40 Lac - 45 Lac ,3,12559242,4 Acre,Single,https://assets.helloaddress.com/ui/images/property-no-image-small-al.jpg
Residential House/Villa for Sale,Cheruvathur,Cheruvathur,Kasargod,1.2 Cr - 1.4 Cr ,3,12568578,2000 Sq-ft,Joint,https://assets.helloaddress.com/ui/images/property-no-image-small-rh.jpg
Residential House/Villa for Sale,in Kumbala,Kumbla,Kasargod,1.4 Cr - 1.6 Cr ,3,12547914,1500 Sq-ft,Single,https://assets.helloaddress.com/ui/images/property-no-image-small-rh.jpg
Agricultural Land for Sale,Vellarikundu,Balal,Kasargod,Not Provided ,3,12542895,8 Acre,Single,https://assets.helloaddress.com/ui/images/property-no-image-small-al.jpg
Commercial Land for Sale,Nallompuzha,East eleri,Kasargod,55 Lac - 60 Lac ,3,12549938,50 Cent,Single,https://assets.helloaddress.com/ui/images/property-no-image-small-cl.jpg
Agricultural Land for Sale,Chulli,Balal,Kasargod,Not Provided ,3,12549946,4 Acre,Single,https://assets.helloaddress.com/ui/images/property-no-image-small-al.jpg
Agricultural Land for Sale,Badiadka,Badiaduka,Kasargod,1.4 Cr - 1.6 Cr ,3,12558185,13 Acre,Single,https://assets.helloaddress.com/ui/images/property-no-image-small-al.jpg
Residential Land for Sale,Kanhangad,Kanhangad,Kasargod,95 Lac - 1 Cr ,3,12551573,1.6 Acre,Single,https://assets.helloaddress.com/ui/images/property-no-image-small-rl.jpg
Residential House/Villa for Sale,Kanhangad,Kanhangad,Kasargod,10 Lac - 15 Lac ,2,12542908,750 Sq-ft,Single,https://assets.helloaddress.com/ui/images/property-no-image-small-rh.jpg
Commercial Land for Sale,in Trikaripur town,Trikkaripur,Kasargod,Not Provided ,2,12535947,4.8 Acre,Single,https://assets.helloaddress.com/ui/images/property-no-image-small-cl.jpg
Residential Land for Sale,Kanhangad,Kanhangad,Kasargod,Not Provided ,2,12535932,2.5 Acre,Single,https://assets.helloaddress.com/ui/images/property-no-image-small-rl.jpg
Residential House/Villa for Sale,Kanhangad,Kanhangad,Kasargod,15 Lac - 20 Lac ,3,12534474,1200 Sq-ft,Single,https://assets.helloaddress.com/ui/images/property-no-image-small-rh.jpg
Agricultural Land for Sale,Kanhangad,Kanhangad,Kasargod,Not Provided ,3,12531210,10 Acre,Single,https://assets.helloaddress.com/ui/images/property-no-image-small-al.jpg
Agricultural Land for Sale,Kanhangad,Kanhangad,Kasargod,Not Provided ,3,12510292,16 Acre,Single,https://assets.helloaddress.com/ui/images/property-no-image-small-al.jpg
Residential Land for Sale,in Neeleshwaram,Neeleshwaram,Kasargod,20 Lac - 25 Lac ,3,12507608,15 Cent,Single,https://assets.helloaddress.com/ui/images/property-no-image-small-rl.jpg
Residential Land for Sale,Bayar ,Kasargod town,Kasargod,Not Provided ,3,12513506,54 Cent,Single,https://assets.helloaddress.com/ui/images/property-no-image-small-rl.jpg
Agricultural Land for Sale,Pallathadka,Badiaduka,Kasargod,Not Provided ,3,12502837,15 Acre,Single,https://assets.helloaddress.com/ui/images/property-no-image-small-al.jpg
Agricultural Land for Sale,in Paduppu,Kuttikole,Kasargod,55 Lac - 60 Lac ,3,12486123,4 Acre,Single,https://assets.helloaddress.com/ui/images/property-no-image-small-al.jpg
Agricultural Land for Sale,Kanhangad,Kanhangad,Kasargod,Not Provided ,3,12490172,10 Cent,Single,https://assets.helloaddress.com/ui/images/property-no-image-small-al.jpg
Residential House/Villa for Sale,Neeleshwaram,Neeleshwaram,Kasargod,50 Lac - 55 Lac ,3,12488945,1000 Sq-ft,Single,https://assets.helloaddress.com/ui/images/property-no-image-small-rh.jpg
Residential Land for Sale,Neeleshwaram,Neeleshwaram,Kasargod,40 Lac - 45 Lac ,3,P793630,4 Cent,Single,https://assets.helloaddress.com/ui/images/property-no-image-small-rl.jpg
Commercial Land for Sale,Ayambara,Pullur periya,Kasargod,55 Lac - 60 Lac ,3,P792624,1134 Sq-m,Single,https://assets.helloaddress.com/ui/images/property-no-image-small-cl.jpg
Agricultural Land for Sale,in Manjeshwar,Manjeshwar,Kasargod,70 Lac - 75 Lac ,3,P783731,6 Acre,Single,https://assets.helloaddress.com/ui/images/property-no-image-small-al.jpg
Agricultural Land for Sale,in Nattakkal,West eleri,Kasargod,50 Lac - 55 Lac ,3,P774283,4.8 Acre,Single,https://assets.helloaddress.com/ui/images/property-no-image-small-al.jpg
Commercial Land for Sale,Periye,Pullur periya,Kasargod,Above 10 Cr ,3,P785225,20 Acre,Single,https://assets.helloaddress.com/ui/images/property-no-image-small-cl.jpg
Industrial Building for Sale,Puthur,Kasargod town,Kasargod,9.5 Cr - 10 Cr ,3,P784052,400 Sq-ft,Single,https://assets.helloaddress.com/ui/images/property-no-image-small-ib.jpg
Residential Land for Sale,Kanhangad,Kanhangad,Kasargod,4 Cr - 4.5 Cr ,3,P765889,41000 Sq-m,Single,https://assets.helloaddress.com/ui/images/property-no-image-small-rl.jpg
Residential Land for Sale,Chembrakanam,Kayyur cheemeni,Kasargod,30 Lac - 35 Lac ,3,P782279,50 Cent,Single,https://assets.helloaddress.com/ui/images/property-no-image-small-rl.jpg
Residential House/Villa for Sale,Padne thekkepuram,Padanna,Kasargod,95 Lac - 1 Cr ,5,P780085,2800 Sq-ft,Single,https://assets.helloaddress.com/ui/images/property-no-image-small-rh.jpg
Agricultural Land for Sale,Paramba,West eleri,Kasargod,80 Lac - 85 Lac ,5,P778958,3.3 Acre,Single,https://assets.helloaddress.com/ui/images/property-no-image-small-al.jpg
Residential Land for Sale,Alakkode,Pallikkara,Kasargod,40 Lac - 45 Lac ,5,P775239,40 Cent,Other,https://assets.helloaddress.com/ui/images/property-no-image-small-rl.jpg
Agricultural Land for Sale,Vorkady,Vorkady,Kasargod,2.3 Cr - 2.6 Cr ,5,P773854,20.85 Acre,Joint,https://assets.helloaddress.com/ui/images/property-no-image-small-al.jpg
Residential House/Villa for Sale,Chemnad,Chemnad,Kasargod,75 Lac - 80 Lac ,4,12464689,1800 Sq-ft,Single,https://assets.helloaddress.com/ui/images/property-no-image-small-rh.jpg
Residential House/Villa for Sale,Chemnad,Chemnad,Kasargod,25 Lac - 30 Lac ,2,12438115,950 Sq-ft,Single,https://assets.helloaddress.com/ui/images/property-no-image-small-rh.jpg
Residential Land for Sale,in Chittarikal,East eleri,Kasargod,40 Lac - 45 Lac ,2,12420628,141 Cent,Single,https://assets.helloaddress.com/ui/images/property-no-image-small-rl.jpg
Residential Land for Sale,in Bayar ,Kasargod town,Kasargod,Not Provided ,2,12413797,6.5 Acre,Single,https://assets.helloaddress.com/ui/images/property-no-image-small-rl.jpg
Residential Land for Sale,Karivedakam,Kuttikole,Kasargod,35 Lac - 40 Lac ,2,P768654,40 Cent,Single,https://assets.helloaddress.com/ui/images/property-no-image-small-rl.jpg
Agricultural Land for Sale,Bellakkana,Delampadi,Kasargod,Not Provided ,2,P768422,10 Acre,Single,https://assets.helloaddress.com/ui/images/property-no-image-small-al.jpg
Residential House/Villa for Sale,Chettumkuzhi,Madhur,Kasargod,30 Lac - 35 Lac ,3,12399926,1200 Sq-ft,Single,https://assets.helloaddress.com/ui/images/property-no-image-small-rh.jpg
Agricultural Land for Sale,Chulli,Balal,Kasargod,45 Lac - 50 Lac ,3,P765046,4 Acre,Single,https://assets.helloaddress.com/ui/images/property-no-image-small-al.jpg
Agricultural Land for Sale,Bayar ,Kasargod town,Kasargod,Not Provided ,3,12400439,28 Acre,Single,https://assets.helloaddress.com/ui/images/property-no-image-small-al.jpg
Residential Land for Sale,Cherupuzha,Cherupuzha,Kasargod,5 Lac - 10 Lac ,3,P744876,10 Cent,Single,https://assets.helloaddress.com/ui/images/property-no-image-small-rl.jpg
Agricultural Land for Sale,Kanhangad,Kanhangad,Kasargod,65 Lac - 70 Lac ,3,12386641,430 Cent,Single,https://assets.helloaddress.com/ui/images/property-no-image-small-al.jpg
Commercial Land for Sale,Pongal,East eleri,Kasargod,Not Provided ,3,12352815,30 Cent,Single,https://assets.helloaddress.com/ui/images/property-no-image-small-cl.jpg
Commercial Land for Sale,Pongal,East eleri,Kasargod,Not Provided ,3,12345284,30 Cent,Single,https://assets.helloaddress.com/ui/images/property-no-image-small-cl.jpg
വാസയോഗ്യമായ ഭൂമി വില്പനയ്ക്ക്,Badariya nagar,Kumbla,Kasargod,10 Lac - 15 Lac ,3,P756916,10.5 Cent,Single,https://assets.helloaddress.com/ui/images/property-no-image-small-rl.jpg
Residential Land for Sale,in Neeleshwaram,Neeleshwaram,Kasargod,Not Provided ,3,12326870,50 Cent,Single,https://assets.helloaddress.com/ui/images/property-no-image-small-rl.jpg
Residential House/Villa for Sale,in Kumbala,Kumbla,Kasargod,2.6 Cr - 3 Cr ,6,12327720,3400 Sq-ft,Single,https://assets.helloaddress.com/ui/images/property-no-image-small-rh.jpg
Commercial Land for Sale,in Puthur,Kasargod town,Kasargod,Not Provided ,6,12330538,12 Acre,Single,https://assets.helloaddress.com/ui/images/property-no-image-small-cl.jpg
Residential House/Villa for Sale,Periyanganam,Kinanur karinthalam,Kasargod,60 Lac - 65 Lac ,4,P756170,2000 Sq-ft,Single,https://assets.helloaddress.com/ui/images/property-no-image-small-rh.jpg
Commercial Land for Sale,Perla west,Enmakaje,Kasargod,3.5 Cr - 4 Cr ,4,P753355,7 Acre,Single,https://assets.helloaddress.com/ui/images/property-no-image-small-cl.jpg
കൃഷി ഭൂമി വില്പനയ്ക്ക്,Cheruvathur,Cheruvathur,Kasargod,2.3 Cr - 2.6 Cr ,4,P752919,9 Acre,Joint,https://assets.helloaddress.com/ui/images/property-no-image-small-al.jpg
Residential Land for Sale,Neeleshwaram,Neeleshwaram,Kasargod,10 Lac - 15 Lac ,4,P752429,15 Cent,Single,https://assets.helloaddress.com/ui/images/property-no-image-small-rl.jpg
Residential Land for Sale,Kanhangad,Kanhangad,Kasargod,Not Provided ,4,12304678,29 Cent,Single,https://assets.helloaddress.com/ui/images/property-no-image-small-rl.jpg
Residential Land for Sale,Udayagiri,Madhur,Kasargod,2.3 Cr - 2.6 Cr ,4,P751357,180 Cent,Single,https://assets.helloaddress.com/ui/images/property-no-image-small-rl.jpg
Agricultural Land for Sale,in Vellarikundu,Balal,Kasargod,Not Provided ,4,12298861,7 Acre,Single,https://assets.helloaddress.com/ui/images/property-no-image-small-al.jpg
Agricultural Land for Sale,in Ranipuram,Panathady,Kasargod,1 Cr - 1.2 Cr ,4,P750200,10 Acre,Single,https://assets.helloaddress.com/ui/images/property-no-image-small-al.jpg
Residential House/Villa for Sale,Chembarika,Chemnad,Kasargod,65 Lac - 70 Lac ,7,P749379,3000 Sq-ft,Single,https://assets.helloaddress.com/ui/images/property-no-image-small-rh.jpg
Commercial Land for Sale,Neeleshwaram,Neeleshwaram,Kasargod,95 Lac - 1 Cr ,7,P748970,50 Cent,Single,https://assets.helloaddress.com/ui/images/property-no-image-small-cl.jpg
വാസയോഗ്യമായ വീട്‌ / ഉല്ലാസഭവനം വില്പനയ്ക്ക്,Cherupuzha,Cherupuzha,Kasargod,75 Lac - 80 Lac ,4,P747641,21000 Sq-ft,Single,https://assets.helloaddress.com/ui/images/property-no-image-small-rh.jpg
Residential House/Villa for Sale,in Adakam,Kallar,Kasargod,35 Lac - 40 Lac ,2,12286561,700 Sq-ft,Single,https://assets.helloaddress.com/ui/images/property-no-image-small-rh.jpg
Residential Land for Sale,in Kanhangad,Kanhangad,Kasargod,Not Provided ,2,12188553,51 Cent,Single,https://assets.helloaddress.com/ui/images/property-no-image-small-rl.jpg
Residential Land for Sale,Trikaripur town,Trikkaripur,Kasargod,40 Lac - 45 Lac ,2,P747130,33 Cent,Single,https://assets.helloaddress.com/ui/images/property-no-image-small-rl.jpg
Residential Land for Sale,Kanhangad,Kanhangad,Kasargod,Not Provided ,2,P747088,3 Acre,Single,https://assets.helloaddress.com/ui/images/property-no-image-small-rl.jpg
Agricultural Land for Sale,Paramba,West eleri,Kasargod,Not Provided ,2,12261157,12 Acre,Single,https://assets.helloaddress.com/ui/images/property-no-image-small-al.jpg
Agricultural Land for Sale,Badiadka,Badiaduka,Kasargod,Not Provided ,2,12239462,7.12 Acre,Single,https://assets.helloaddress.com/ui/images/property-no-image-small-al.jpg
Agricultural Land for Sale,in Badiadka,Badiaduka,Kasargod,Not Provided ,2,12251830,14 Acre,Single,https://assets.helloaddress.com/ui/images/property-no-image-small-al.jpg
Agricultural Land for Sale,in Puthur,Kasargod town,Kasargod,Not Provided ,2,12251922,7 Acre,Single,https://assets.helloaddress.com/ui/images/property-no-image-small-al.jpg
Residential House/Villa for Sale,in Neeleshwaram,Neeleshwaram,Kasargod,65 Lac - 70 Lac ,3,P745159,1500 Sq-ft,Single,https://assets.helloaddress.com/ui/images/property-no-image-small-rh.jpg
Residential Land for Sale,in Neeleshwaram,Neeleshwaram,Kasargod,Not Provided ,3,12254445,17.5 Cent,Single,https://assets.helloaddress.com/ui/images/property-no-image-small-rl.jpg
Residential Land for Sale,Cherupuzha,Cherupuzha,Kasargod,Not Provided ,3,12220538,2.3 Acre,Single,https://assets.helloaddress.com/ui/images/property-no-image-small-rl.jpg
Commercial Land for Sale,Kanhangad,Kanhangad,Kasargod,Not Provided ,3,12235814,30 Cent,Single,https://assets.helloaddress.com/ui/images/property-no-image-small-cl.jpg
Agricultural Land for Sale,Malom,Balal,Kasargod,Not Provided ,3,12236530,24 Acre,Joint,https://assets.helloaddress.com/ui/images/property-no-image-small-al.jpg
Commercial Land for Sale,Sullia route,Kasargod town,Kasargod,5 Lac - 10 Lac ,3,P742858,98 Cent,Single,https://assets.helloaddress.com/ui/images/property-no-image-small-cl.jpg
Agricultural Land for Sale,Delampady,Delampadi,Kasargod,1.4 Cr - 1.6 Cr ,3,P740108,8.5 Acre,Single,https://assets.helloaddress.com/ui/images/property-no-image-small-al.jpg
Residential Land for Sale,Malom,Balal,Kasargod,Not Provided ,3,12174254,6.5 Are,Single,https://assets.helloaddress.com/ui/images/property-no-image-small-rl.jpg
Agricultural Land for Sale,in Puthur,Kasargod town,Kasargod,Not Provided ,3,12188383,7 Acre,Single,https://assets.helloaddress.com/ui/images/property-no-image-small-al.jpg
Residential Land for Sale,Malom,Balal,Kasargod,Not Provided ,3,12166542,6.5 Acre,Single,https://assets.helloaddress.com/ui/images/property-no-image-small-rl.jpg
Residential Land for Sale,Neeleshwaram,Neeleshwaram,Kasargod,Not Provided ,3,12171568,45 Cent,Single,https://assets.helloaddress.com/ui/images/property-no-image-small-rl.jpg
Residential Land for Sale,Neeleshwaram,Neeleshwaram,Kasargod,55 Lac - 60 Lac ,3,P737528,43 Cent,Single,https://assets.helloaddress.com/ui/images/property-no-image-small-rl.jpg
Agricultural Land for Sale,Puthur,Kasargod town,Kasargod,Not Provided ,3,12181051,7 Acre,Single,https://assets.helloaddress.com/ui/images/property-no-image-small-al.jpg
Residential Land for Sale,in Udinur kadappuram,Valiyaparamba,Kasargod,10 Lac - 15 Lac ,3,P736544,5662 Sq-ft,Single,https://assets.helloaddress.com/ui/images/property-no-image-small-rl.jpg
Residential Land for Sale,Kanhangad,Kanhangad,Kasargod,70 Lac - 75 Lac ,3,12184084,4.3 Acre,Single,https://assets.helloaddress.com/ui/images/property-no-image-small-rl.jpg
Residential Land for Sale,Chengala,Chengala,Kasargod,Not Provided ,3,P736301,9 Cent,Single,https://assets.helloaddress.com/ui/images/property-no-image-small-rl.jpg
Residential Land for Sale,Adakam,Kallar,Kasargod,30 Lac - 35 Lac ,3,P727617,38 Cent,Single,https://assets.helloaddress.com/ui/images/property-no-image-small-rl.jpg
Residential Land for Sale,Neeleshwaram,Neeleshwaram,Kasargod,30 Lac - 35 Lac ,3,12157955,45 Cent,Single,https://assets.helloaddress.com/ui/images/property-no-image-small-rl.jpg
Agricultural Land for Sale,in Delampady,Delampadi,Kasargod,Not Provided ,3,12150717,11.08 Acre,Single,https://assets.helloaddress.com/ui/images/property-no-image-small-al.jpg
Agricultural Land for Sale,in Puthur,Kasargod town,Kasargod,Not Provided ,3,12150376,7 Acre,Single,https://assets.helloaddress.com/ui/images/property-no-image-small-al.jpg
Residential House/Villa for Sale,Malom,Balal,Kasargod,Not Provided ,3,12144368,1850 Sq-ft,Single,https://assets.helloaddress.com/ui/images/property-no-image-small-rh.jpg
Residential House/Villa for Sale,Malom,Balal,Kasargod,Not Provided ,3,12144659,1850 Sq-ft,Single,https://assets.helloaddress.com/ui/images/property-no-image-small-rh.jpg
Agricultural Land for Sale,in Vellarikundu,Balal,Kasargod,Not Provided ,3,12152830,7 Acre,Single,https://assets.helloaddress.com/ui/images/property-no-image-small-al.jpg
Residential House/Villa for Sale,Padanakkad,Kanhangad,Kasargod,60 Lac - 65 Lac ,4,P731649,2500 Sq-ft,Single,https://assets.helloaddress.com/ui/images/property-no-image-small-rh.jpg
Agricultural Land for Sale,Kallyot,Pullur periya,Kasargod,15 Lac - 20 Lac ,4,P731431,1 Acre,Single,https://assets.helloaddress.com/ui/images/property-no-image-small-al.jpg
Residential Land for Sale,Neeleshwaram,Neeleshwaram,Kasargod,3.5 Cr - 4 Cr ,4,P730896,9.5 Acre,Joint,https://assets.helloaddress.com/ui/images/property-no-image-small-rl.jpg
Agricultural Land for Sale,in Vellarikundu,Balal,Kasargod,1 Cr - 1.2 Cr ,4,12121933,8.5 Acre,Single,https://assets.helloaddress.com/ui/images/property-no-image-small-al.jpg
Residential House/Villa for Sale,Trikaripur town,Trikkaripur,Kasargod,85 Lac - 90 Lac ,3,12127932,1450 Sq-ft,Single,https://assets.helloaddress.com/ui/images/property-no-image-small-rh.jpg
Residential Land for Sale,Kallar,Kallar,Kasargod,45 Lac - 50 Lac ,3,12127075,65 Cent,Single,https://assets.helloaddress.com/ui/images/property-no-image-small-rl.jpg
Agricultural Land for Sale,in Manjeshwar,Manjeshwar,Kasargod,Not Provided ,3,12136136,4 Acre,Single,https://assets.helloaddress.com/ui/images/property-no-image-small-al.jpg
Residential House/Villa for Sale,Kanhangad,Kanhangad,Kasargod,65 Lac - 70 Lac ,4,12106310,1500 Sq-ft,Single,https://assets.helloaddress.com/ui/images/property-no-image-small-rh.jpg
Residential Land for Sale,Manjeshwar,Manjeshwar,Kasargod,Not Provided ,4,12109129,3.5 Acre,Single,https://assets.helloaddress.com/ui/images/property-no-image-small-rl.jpg
Residential Land for Sale,Neerchal,Badiaduka,Kasargod,35 Lac - 40 Lac ,4,P729182,2.4 Acre,Single,https://assets.helloaddress.com/ui/images/property-no-image-small-rl.jpg
Residential Land for Sale,in Narkilakad,West eleri,Kasargod,90 Lac - 95 Lac ,4,P727607,68 Cent,Single,https://assets.helloaddress.com/ui/images/property-no-image-small-rl.jpg
Residential Land for Sale,Nullippadi,Kasargod town,Kasargod,Not Provided ,4,P728472,30 Cent,Single,https://assets.helloaddress.com/ui/images/property-no-image-small-rl.jpg
Agricultural Land for Sale,Kallar,Kallar,Kasargod,10 Lac - 15 Lac ,4,12086831,1 Acre,Single,https://assets.helloaddress.com/ui/images/property-no-image-small-al.jpg
Residential Land for Sale,Ajanur kadappuram,Ajanur,Kasargod,35 Lac - 40 Lac ,4,P727356,34 Cent,Single,https://assets.helloaddress.com/ui/images/property-no-image-small-rl.jpg
Agricultural Land for Sale,Malom,Balal,Kasargod,Not Provided ,4,121005821,12 Acre,Single,https://assets.helloaddress.com/ui/images/property-no-image-small-al.jpg
Residential Land for Sale,in Eyakkadu,Trikkaripur,Kasargod,Not Provided ,4,12094373,70 Cent,Single,https://assets.helloaddress.com/ui/images/property-no-image-small-rl.jpg
Agricultural Land for Sale,Kollannur,Kasargod town,Kasargod,Not Provided ,4,12089250,12 Acre,Single,https://assets.helloaddress.com/ui/images/property-no-image-small-al.jpg
Residential House/Villa for Sale,Puthur,Kasargod town,Kasargod,50 Lac - 55 Lac ,4,12085427,1800 Sq-ft,Single,https://assets.helloaddress.com/ui/images/property-no-image-small-rh.jpg
Residential Land for Sale,Bayar ,Kasargod town,Kasargod,Not Provided ,4,P723149,30 Cent,Single,https://assets.helloaddress.com/ui/images/property-no-image-small-rl.jpg
Agricultural Land for Sale,Kanhangad,Kanhangad,Kasargod,2.6 Cr - 3 Cr ,4,P722469,10 Acre,Single,https://assets.helloaddress.com/ui/images/property-no-image-small-al.jpg
Residential Land for Sale,in Kanhangad,Kanhangad,Kasargod,Not Provided ,4,12032758,12 Cent,Single,https://assets.helloaddress.com/ui/images/property-no-image-small-rl.jpg
Residential Land for Sale,in Neeleshwaram,Neeleshwaram,Kasargod,Not Provided ,4,12023033,25 Cent,Single,https://assets.helloaddress.com/ui/images/property-no-image-small-rl.jpg
Agricultural Land for Sale,in Neerchal,Badiaduka,Kasargod,Not Provided ,4,12023547,2 Acre,Single,https://assets.helloaddress.com/ui/images/property-no-image-small-al.jpg
Residential House/Villa for Sale,Uliyathadukka jn,Kasargod town,Kasargod,Not Provided ,4,P721051,2600 Sq-ft,Single,https://assets.helloaddress.com/ui/images/property-no-image-small-rh.jpg
Residential House/Villa for Sale,Kottodi,Kallar,Kasargod,45 Lac - 50 Lac ,3,P682491,1800 Sq-ft,Single,https://assets.helloaddress.com/ui/images/property-no-image-small-rh.jpg
Residential Land for Sale,Balal,Balal,Kasargod,2 Cr - 2.3 Cr ,3,P714623,3 Acre,Single,https://assets.helloaddress.com/ui/images/property-no-image-small-rl.jpg
Residential Land for Sale,Neeleshwaram,Neeleshwaram,Kasargod,40 Lac - 45 Lac ,3,P716046,12 Cent,Single,https://assets.helloaddress.com/ui/images/property-no-image-small-rl.jpg
Residential Land for Sale,Kanhangad,Kanhangad,Kasargod,Not Provided ,3,P715684,4.34 Are,Single,https://assets.helloaddress.com/ui/images/property-no-image-small-rl.jpg
Agricultural Land for Sale,in Neerchal,Badiaduka,Kasargod,Not Provided ,3,11999440,30 Acre,Single,https://assets.helloaddress.com/ui/images/property-no-image-small-al.jpg
Agricultural Land for Sale,in Perla east,Enmakaje,Kasargod,Not Provided ,3,11958606,10 Acre,Single,https://assets.helloaddress.com/ui/images/property-no-image-small-al.jpg
Agricultural Land for Sale,in Neerchal,Badiaduka,Kasargod,5 Cr - 5.5 Cr ,3,11929111,30 Acre,Single,https://assets.helloaddress.com/ui/images/property-no-image-small-al.jpg
Residential House/Villa for Sale,in Uliyathadukka jn,Kasargod town,Kasargod,25 Lac - 30 Lac ,3,11874318,1100 Sq-ft,Single,https://assets.helloaddress.com/ui/images/property-no-image-small-rh.jpg
Residential House/Villa for Sale,in Kanhangad,Kanhangad,Kasargod,30 Lac - 35 Lac ,2,P706245,750 Sq-ft,Single,https://assets.helloaddress.com/ui/images/property-no-image-small-rh.jpg
Residential Land for Sale,in Neeleshwaram,Neeleshwaram,Kasargod,5 Lac - 10 Lac ,2,11873879,4 Cent,Single,https://assets.helloaddress.com/ui/images/property-no-image-small-rl.jpg
Residential Land for Sale,in Kanhangad,Kanhangad,Kasargod,Not Provided ,2,11864358,60 Cent,Single,https://assets.helloaddress.com/ui/images/property-no-image-small-rl.jpg
Agricultural Land for Sale,Neeleshwaram,Neeleshwaram,Kasargod,Not Provided ,2,11854637,6.5 Acre,Single,https://assets.helloaddress.com/ui/images/property-no-image-small-al.jpg
Residential Land for Sale,in Neeleshwaram,Neeleshwaram,Kasargod,40 Lac - 45 Lac ,2,11808025,36 Cent,Single,https://assets.helloaddress.com/ui/images/property-no-image-small-rl.jpg
Commercial Building for Sale,in Neeleshwaram,Neeleshwaram,Kasargod,Not Provided ,2,11800273,5000 Sq-ft,Single,https://assets.helloaddress.com/ui/images/property-no-image-small-cb.jpg
Agricultural Land for Sale,Neeleshwaram,Neeleshwaram,Kasargod,Not Provided ,2,11800267,8.5 Acre,Single,https://assets.helloaddress.com/ui/images/property-no-image-small-al.jpg
Residential House/Villa for Sale,Puthur,Kasargod town,Kasargod,15 Lac - 20 Lac ,2,11808548,950 Sq-ft,Single,https://assets.helloaddress.com/ui/images/property-no-image-small-rh.jpg
Residential Land for Sale,Paivalike,Paivalike,Kasargod,Not Provided ,2,11792966,2 Acre,Single,https://assets.helloaddress.com/ui/images/property-no-image-small-rl.jpg
Residential House/Villa for Sale,in Civil station,Chengala,Kasargod,15 Lac - 20 Lac ,2,11790932,950 Sq-ft,Single,https://assets.helloaddress.com/ui/images/property-no-image-small-rh.jpg
Agricultural Land for Sale,Cherkala,Chengala,Kasargod,Not Provided ,2,11773956,15 Acre,Single,https://assets.helloaddress.com/ui/images/property-no-image-small-al.jpg
Residential Land for Sale,Edathod,Balal,Kasargod,10 Lac - 15 Lac ,2,11773842,60 Cent,Single,https://assets.helloaddress.com/ui/images/property-no-image-small-rl.jpg
Residential House/Villa for Sale,in Kanhangad,Kanhangad,Kasargod,75 Lac - 80 Lac ,4,11769971,1500 Sq-ft,Single,https://assets.helloaddress.com/ui/images/property-no-image-small-rh.jpg
Agricultural Land for Sale,Kallar,Kallar,Kasargod,10 Lac - 15 Lac ,4,11769970,1 Acre,Single,https://assets.helloaddress.com/ui/images/property-no-image-small-al.jpg
Agricultural Land for Sale,Paramba,West eleri,Kasargod,2.3 Cr - 2.6 Cr ,4,11779119,24 Acre,Joint,https://assets.helloaddress.com/ui/images/property-no-image-small-al.jpg
Commercial Land for Sale,in Neeleshwaram,Neeleshwaram,Kasargod,Not Provided ,4,11780821,27 Cent,Single,https://assets.helloaddress.com/ui/images/property-no-image-small-cl.jpg
Agricultural Land for Sale,in Konnakkad,Balal,Kasargod,Not Provided ,4,11736610,6 Acre,Single,https://assets.helloaddress.com/ui/images/property-no-image-small-al.jpg
Commercial Land for Sale,Neeleshwaram,Neeleshwaram,Kasargod,2.6 Cr - 3 Cr ,4,11735916,2 Acre,Single,https://assets.helloaddress.com/ui/images/property-no-image-small-cl.jpg
Residential House/Villa for Sale,in Paivalike,Paivalike,Kasargod,30 Lac - 35 Lac ,3,11725071,1700 Sq-ft,Single,https://assets.helloaddress.com/ui/images/property-no-image-small-rh.jpg
Agricultural Land for Sale,Vellarikundu,Balal,Kasargod,Not Provided ,3,11674339,200 Acre,Joint,https://assets.helloaddress.com/ui/images/property-no-image-small-al.jpg
Residential Land for Sale,Bendichal,Chemnad,Kasargod,65 Lac - 70 Lac ,3,P687749,29.5 Cent,Single,https://assets.helloaddress.com/ui/images/property-no-image-small-rl.jpg
Residential Land for Sale,Cherupuzha,Cherupuzha,Kasargod,Not Provided ,3,11700898,60 Cent,Single,https://assets.helloaddress.com/ui/images/property-no-image-small-rl.jpg
Agricultural Land for Sale,Bayar ,Kasargod town,Kasargod,Not Provided ,3,11678181,14 Acre,Single,https://assets.helloaddress.com/ui/images/property-no-image-small-al.jpg
Agricultural Land for Sale,in Cherupuzha,Cherupuzha,Kasargod,Not Provided ,3,11677382,1.47 Acre,Single,https://assets.helloaddress.com/ui/images/property-no-image-small-al.jpg
Agricultural Land for Sale,in Neerchal,Badiaduka,Kasargod,5 Cr - 5.5 Cr ,3,11620120,30 Acre,Single,https://assets.helloaddress.com/ui/images/property-no-image-small-al.jpg
Residential Land for Sale,in Ambalathukara,Madikkai,Kasargod,45 Lac - 50 Lac ,3,11602628,80 Cent,Single,https://assets.helloaddress.com/ui/images/property-no-image-small-rl.jpg
Agricultural Land for Sale,Puthur,Kasargod town,Kasargod,2 Cr - 2.3 Cr ,3,11622315,1.6 Acre,Single,https://assets.helloaddress.com/ui/images/property-no-image-small-al.jpg
Residential Land for Sale,in Kuttikkol,Kuttikole,Kasargod,Not Provided ,3,11603456,5 Cent,Single,https://assets.helloaddress.com/ui/images/property-no-image-small-rl.jpg
Agricultural Land for Sale,in Kanhangad,Kanhangad,Kasargod,Not Provided ,3,11557684,16 Acre,Single,https://assets.helloaddress.com/ui/images/property-no-image-small-al.jpg
Residential Land for Sale,Kanhangad,Kanhangad,Kasargod,15 Lac - 20 Lac ,3,11533535,12 Cent,Joint,https://assets.helloaddress.com/ui/images/property-no-image-small-rl.jpg
Residential Land for Sale,Cheruvathur,Cheruvathur,Kasargod,Not Provided ,3,11540644,1.5 Acre,Single,https://assets.helloaddress.com/ui/images/property-no-image-small-rl.jpg
Agricultural Land for Sale,Eleri,West eleri,Kasargod,Not Provided ,3,11508083,10 Acre,Single,https://assets.helloaddress.com/ui/images/property-no-image-small-al.jpg
Residential Land for Sale,Puthur,Kasargod town,Kasargod,75 Lac - 80 Lac ,3,11499800,8 Acre,Single,https://assets.helloaddress.com/ui/images/property-no-image-small-rl.jpg
