Name,Location,City,District,Price,Bed,PropertyID,PropertyArea,OwnershipType,image
Residential House/Villa for Sale,Kalpetta,Kalpetta,Wayanad,30 Lac - 35 Lac ,2,P785982,812 Sq-ft,Single,https://assets.helloaddress.com/propertyImages/2019/March/thumb_property_P785982_5c80e772a2b3d.jpg
Residential Land for Sale,in Tharuvana,Mananthavady,Wayanad,25 Lac - 30 Lac ,2,P796982,1.5 Acre,Single,https://assets.helloaddress.com/ui/images/property-no-image-small-rl.jpg
Commercial Land for Sale,in Padinjarathara,Kalpetta,Wayanad,Not Provided ,2,12649978,1.7 Are,Single,https://assets.helloaddress.com/ui/images/property-no-image-small-cl.jpg
Commercial Building for Sale,Sultan Bathery,Sulthan bathery,Wayanad,1.2 Cr - 1.4 Cr ,2,12652751,4200 Sq-ft,Single,https://assets.helloaddress.com/propertyImages/2019/March/thumb_property_12652751_5c78c7ea3cf13.jpg
Residential House/Villa for Sale,Chundale,Kalpetta,Wayanad,25 Lac - 30 Lac ,3,P799659,1000 Sq-ft,Single,https://assets.helloaddress.com/ui/images/property-no-image-small-rh.jpg
Commercial Land for Sale,Mananthavady,Mananthavady,Wayanad,Not Provided ,3,12644026,2.35 Acre,Single,https://assets.helloaddress.com/ui/images/property-no-image-small-cl.jpg
Residential Land for Sale,in Padinharethara,Kalpetta,Wayanad,Not Provided ,3,12656411,52 Cent,Single,https://assets.helloaddress.com/ui/images/property-no-image-small-rl.jpg
Agricultural Land for Sale,Vythiri,Kalpetta,Wayanad,5 Lac - 10 Lac ,3,12653951,5 Cent,Single,https://assets.helloaddress.com/ui/images/property-no-image-small-al.jpg
Residential Land for Sale,Meenangadi,Sulthan bathery,Wayanad,Not Provided ,3,12658136,59 Cent,Single,https://assets.helloaddress.com/ui/images/property-no-image-small-rl.jpg
Agricultural Land for Sale,in Meppadi,Kalpetta,Wayanad,20 Lac - 25 Lac ,3,12658148,50 Cent,Single,https://assets.helloaddress.com/ui/images/property-no-image-small-al.jpg
Residential House/Villa for Sale,Muttil North,Wayanad,Wayanad,1.4 Cr - 1.6 Cr ,3,12644756,850 Sq-ft,Single,https://assets.helloaddress.com/ui/images/property-no-image-small-rh.jpg
Agricultural Land for Sale,in Kalpetta,Kalpetta,Wayanad,Not Provided ,3,12646945,22 Acre,Single,https://assets.helloaddress.com/ui/images/property-no-image-small-al.jpg
Residential House/Villa for Sale,Wayanad,Wayanad,Wayanad,Not Provided ,1,12651645,850 Sq-ft,Single,https://assets.helloaddress.com/ui/images/property-no-image-small-rh.jpg
Residential Land for Sale,Sultan Bathery,Sulthan bathery,Wayanad,55 Lac - 60 Lac ,1,P798571,84 Cent,Single,https://assets.helloaddress.com/ui/images/property-no-image-small-rl.jpg
Residential Land for Sale,in Mananthavady,Mananthavady,Wayanad,Not Provided ,1,12619501,5 Acre,Single,https://assets.helloaddress.com/ui/images/property-no-image-small-rl.jpg
Agricultural Land for Sale,in Vythiri,Kalpetta,Wayanad,Not Provided ,1,12618643,1 Acre,Single,https://assets.helloaddress.com/ui/images/property-no-image-small-al.jpg
വാണിജ്യ ഭൂമി വില്പനയ്ക്ക്,Vythiri,Kalpetta,Wayanad,2.3 Cr - 2.6 Cr ,1,P796604,36 Cent,Other,https://assets.helloaddress.com/ui/images/property-no-image-small-cl.jpg
Commercial Land for Sale,Wayanad,Wayanad,Wayanad,2 Cr - 2.3 Cr ,1,12613995,2 Acre,Single,https://assets.helloaddress.com/ui/images/property-no-image-small-cl.jpg
Commercial Land for Sale,Wayanad,Wayanad,Wayanad,15 Lac - 20 Lac ,1,12614303,15 Cent,Single,https://assets.helloaddress.com/ui/images/property-no-image-small-cl.jpg
Residential Land for Sale,in Kenichira,Wayanad,Wayanad,35 Lac - 40 Lac ,1,12622062,2 Acre,Single,https://assets.helloaddress.com/ui/images/property-no-image-small-rl.jpg
Residential Land for Sale,Kalpetta,Kalpetta,Wayanad,Not Provided ,1,12638480,1 Acre,Single,https://assets.helloaddress.com/ui/images/property-no-image-small-rl.jpg
Residential Land for Sale,Cheeral,Sulthan bathery,Wayanad,Not Provided ,1,12623887,5 Cent,Single,https://assets.helloaddress.com/ui/images/property-no-image-small-rl.jpg
Commercial Land for Sale,in Meppadi,Kalpetta,Wayanad,1.4 Cr - 1.6 Cr ,1,12623840,4 Acre,Single,https://assets.helloaddress.com/ui/images/property-no-image-small-cl.jpg
Residential Apartment for Sale,in Chundale,Kalpetta,Wayanad,35 Lac - 40 Lac ,2,P796019,781 Sq-ft,Single,https://assets.helloaddress.com/propertyImages/2019/February/thumb_property_P796019_5c56b49a39e37.jpeg
Residential House/Villa for Sale,Muttil,Kalpetta,Wayanad,70 Lac - 75 Lac ,3,12635877,1250 Sq-ft,Single,https://assets.helloaddress.com/propertyImages/2019/February/thumb_property_12635877_5c542559c8b64.jpg
Agricultural Land for Sale,in Meppadi,Kalpetta,Wayanad,Not Provided ,3,12632028,22 Acre,Single,https://assets.helloaddress.com/ui/images/property-no-image-small-al.jpg
Commercial Land for Sale,Kanjirangad,Mananthavady,Wayanad,Not Provided ,3,12629476,11 Acre,Single,https://assets.helloaddress.com/ui/images/property-no-image-small-cl.jpg
Commercial Land for Sale,in Banasura Sagar Dam,Kalpetta,Wayanad,Not Provided ,3,12630812,2.5 Acre,Single,https://assets.helloaddress.com/ui/images/property-no-image-small-cl.jpg
Commercial Building for Sale,in Wayanad,Wayanad,Wayanad,Not Provided ,3,12630933,8000 Sq-ft,Single,https://assets.helloaddress.com/ui/images/property-no-image-small-cb.jpg
Residential Land for Sale,Sultan Bathery,Sulthan bathery,Wayanad,15 Lac - 20 Lac ,3,12610630,7 Cent,Single,https://assets.helloaddress.com/ui/images/property-no-image-small-rl.jpg
Agricultural Land for Sale,Poothady,Panamaram,Wayanad,Not Provided ,3,12608575,2.61 Acre,Single,https://assets.helloaddress.com/ui/images/property-no-image-small-al.jpg
Residential Land for Sale,in Meenangadi,Sulthan bathery,Wayanad,Not Provided ,3,12595292,80 Cent,Joint,https://assets.helloaddress.com/ui/images/property-no-image-small-rl.jpg
Residential Apartment for Sale,Vythiri,Kalpetta,Wayanad,30 Lac - 35 Lac ,1,12602484,560 Sq-ft,Single,https://assets.helloaddress.com/ui/images/property-no-image-small-ra.jpg
Residential Land for Sale,Wayanad,Wayanad,Wayanad,Not Provided ,1,12608367,31 Cent,Single,https://assets.helloaddress.com/ui/images/property-no-image-small-rl.jpg
Residential Land for Sale,Wayanad,Wayanad,Wayanad,Not Provided ,1,12606354,8 Cent,Single,https://assets.helloaddress.com/ui/images/property-no-image-small-rl.jpg
Commercial Land for Sale,in Thondernad,Mananthavady,Wayanad,Not Provided ,1,12594115,1.36 Acre,Single,https://assets.helloaddress.com/ui/images/property-no-image-small-cl.jpg
Residential House/Villa for Sale,in Muttil,Kalpetta,Wayanad,75 Lac - 80 Lac ,3,12595506,1650 Sq-ft,Single,https://assets.helloaddress.com/ui/images/property-no-image-small-rh.jpg
Agricultural Land for Sale,Valad,Mananthavady,Wayanad,Not Provided ,3,12587481,10 Acre,Single,https://assets.helloaddress.com/propertyImages/2019/January/thumb_property_12587481_5c2b3f10b507d.jpg
Agricultural Land for Sale,Wayanad,Wayanad,Wayanad,Not Provided ,3,12586577,10 Acre,Single,https://assets.helloaddress.com/propertyImages/2019/January/thumb_property_12586577_5c2b2555178a8.jpg
Residential Land for Sale,in Mananthavady,Mananthavady,Wayanad,Not Provided ,3,12594108,3 Acre,Single,https://assets.helloaddress.com/ui/images/property-no-image-small-rl.jpg
Residential House/Villa for Sale,Chulliyod,Sulthan bathery,Wayanad,30 Lac - 35 Lac ,3,12591820,1750 Sq-ft,Single,https://assets.helloaddress.com/propertyImages/2018/December/thumb_property_12591820_5c20bb868cc41.jpg
Residential Land for Sale,in Beenachi,Sulthan bathery,Wayanad,Not Provided ,3,12587464,14 Cent,Single,https://assets.helloaddress.com/ui/images/property-no-image-small-rl.jpg
Residential Land for Sale,in Sultan Bathery,Sulthan bathery,Wayanad,Not Provided ,3,12587461,6.25 Acre,Single,https://assets.helloaddress.com/ui/images/property-no-image-small-rl.jpg
Commercial Land for Sale,Muttil,Kalpetta,Wayanad,Not Provided ,3,12585909,1.2 Acre,Single,https://assets.helloaddress.com/ui/images/property-no-image-small-cl.jpg
Residential Land for Sale,in Nadavayal,Mananthavady,Wayanad,5 Lac - 10 Lac ,3,12579566,30 Cent,Single,https://assets.helloaddress.com/ui/images/property-no-image-small-rl.jpg
Residential Land for Sale,in Nadavayal,Mananthavady,Wayanad,5 Lac - 10 Lac ,3,12559246,30 Cent,Single,https://assets.helloaddress.com/ui/images/property-no-image-small-rl.jpg
Commercial Building for Sale,Kalpetta,Kalpetta,Wayanad,5.5 Cr - 6 Cr ,3,12578464,20000 Sq-ft,Single,https://assets.helloaddress.com/propertyImages/2018/December/thumb_property_12578464_5c1894ce9bc19.jpg
Commercial Building for Sale,Wayanad,Wayanad,Wayanad,Above 10 Cr ,3,12579273,8000 Sq-ft,Single,https://assets.helloaddress.com/ui/images/property-no-image-small-cb.jpg
Commercial Land for Sale,in Meenangadi,Sulthan bathery,Wayanad,20 Lac - 25 Lac ,3,12552583,18 Cent,Single,https://assets.helloaddress.com/ui/images/property-no-image-small-cl.jpg
Residential House/Villa for Sale,Pulpally,Pulpally,Wayanad,40 Lac - 45 Lac ,3,12537913,1000 Sq-ft,Single,https://assets.helloaddress.com/ui/images/property-no-image-small-rh.jpg
Residential Land for Sale,in Sultan Bathery,Sulthan bathery,Wayanad,Not Provided ,3,12559654,23 Cent,Single,https://assets.helloaddress.com/ui/images/property-no-image-small-rl.jpg
Residential Land for Sale,Wayanad,Wayanad,Wayanad,Not Provided ,3,12544204,11 Cent,Single,https://assets.helloaddress.com/ui/images/property-no-image-small-rl.jpg
Residential House/Villa for Sale,Kalpetta,Kalpetta,Wayanad,50 Lac - 55 Lac ,3,12529500,1000 Sq-ft,Single,https://assets.helloaddress.com/ui/images/property-no-image-small-rh.jpg
Residential Land for Sale,Kalpetta,Kalpetta,Wayanad,Not Provided ,3,12545921,16 Cent,Single,https://assets.helloaddress.com/ui/images/property-no-image-small-rl.jpg
Residential House/Villa for Sale,Sultan Bathery,Sulthan bathery,Wayanad,5 Lac - 10 Lac ,2,12565078,370 Sq-ft,Single,https://assets.helloaddress.com/ui/images/property-no-image-small-rh.jpg
Residential House/Villa for Sale,Kalpetta,Kalpetta,Wayanad,75 Lac - 80 Lac ,4,12565394,2400 Sq-ft,Single,https://assets.helloaddress.com/ui/images/property-no-image-small-rh.jpg
Commercial Land for Sale,Wayanad,Wayanad,Wayanad,Not Provided ,4,12565200,7 Acre,Joint,https://assets.helloaddress.com/ui/images/property-no-image-small-cl.jpg
Agricultural Land for Sale,in Niravilpuzha,Mananthavady,Wayanad,Not Provided ,4,12564473,2.4 Are,Single,https://assets.helloaddress.com/ui/images/property-no-image-small-al.jpg
Residential Land for Sale,Wayanad,Wayanad,Wayanad,25 Lac - 30 Lac ,4,12565684,80 Cent,Single,https://assets.helloaddress.com/ui/images/property-no-image-small-rl.jpg
Residential Land for Sale,Wayanad,Wayanad,Wayanad,35 Lac - 40 Lac ,4,12565843,1 Acre,Single,https://assets.helloaddress.com/ui/images/property-no-image-small-rl.jpg
Residential House/Villa for Sale,Mananthavady,Mananthavady,Wayanad,35 Lac - 40 Lac ,2,12558963,900 Sq-ft,Single,https://assets.helloaddress.com/ui/images/property-no-image-small-rh.jpg
Residential House/Villa for Sale,in Kenichira,Wayanad,Wayanad,35 Lac - 40 Lac ,4,12557586,1600 Sq-ft,Single,https://assets.helloaddress.com/ui/images/property-no-image-small-rh.jpg
Residential Land for Sale,Kalpetta,Kalpetta,Wayanad,Not Provided ,4,12558518,90 Cent,Single,https://assets.helloaddress.com/ui/images/property-no-image-small-rl.jpg
Residential House/Villa for Sale,Makkiyad,Mananthavady,Wayanad,90 Lac - 95 Lac ,4,12551550,1500 Sq-ft,Single,https://assets.helloaddress.com/ui/images/property-no-image-small-rh.jpg
Residential House/Villa for Sale,Kenichira,Wayanad,Wayanad,35 Lac - 40 Lac ,4,12543943,1600 Sq-ft,Single,https://assets.helloaddress.com/ui/images/property-no-image-small-rh.jpg
Residential House/Villa for Sale,Sultan Bathery,Sulthan bathery,Wayanad,Not Provided ,5,12508646,3000 Sq-ft,Single,https://assets.helloaddress.com/ui/images/property-no-image-small-rh.jpg
Residential Land for Sale,Kalpetta,Kalpetta,Wayanad,Not Provided ,5,12510470,1 Acre,Single,https://assets.helloaddress.com/ui/images/property-no-image-small-rl.jpg
Residential House/Villa for Sale,in Kenichira,Wayanad,Wayanad,35 Lac - 40 Lac ,4,12530171,1600 Sq-ft,Single,https://assets.helloaddress.com/ui/images/property-no-image-small-rh.jpg
Residential Land for Sale,in Vythiri,Kalpetta,Wayanad,Not Provided ,4,12531294,10 Cent,Single,https://assets.helloaddress.com/ui/images/property-no-image-small-rl.jpg
Residential Apartment for Sale,in Vythiri,Kalpetta,Wayanad,Not Provided ,1,12531254,478 Sq-ft,Single,https://assets.helloaddress.com/ui/images/property-no-image-small-ra.jpg
Residential Land for Sale,in Ambalavayal,Sulthan bathery,Wayanad,Not Provided ,1,12522628,10 Cent,Single,https://assets.helloaddress.com/ui/images/property-no-image-small-rl.jpg
Agricultural Land for Sale,in Pulpally,Pulpally,Wayanad,Not Provided ,1,12517236,2.75 Acre,Single,https://assets.helloaddress.com/ui/images/property-no-image-small-al.jpg
Commercial Land for Sale,in Vythiri,Kalpetta,Wayanad,Not Provided ,1,12516297,2.62 Acre,Single,https://assets.helloaddress.com/ui/images/property-no-image-small-cl.jpg
Residential House/Villa for Sale,in Pulpally,Pulpally,Wayanad,25 Lac - 30 Lac ,2,12516849,800 Sq-ft,Single,https://assets.helloaddress.com/propertyImages/2018/October/thumb_property_12516849_5bc7224782712.jpg
Commercial Land for Sale,Sultan Bathery,Sulthan bathery,Wayanad,Not Provided ,2,12516596,1.5 Acre,Single,https://assets.helloaddress.com/ui/images/property-no-image-small-cl.jpg
Commercial Land for Sale,Sultan Bathery,Sulthan bathery,Wayanad,Not Provided ,2,12516211,1.25 Acre,Single,https://assets.helloaddress.com/ui/images/property-no-image-small-cl.jpg
Residential Land for Sale,in Sultan Bathery,Sulthan bathery,Wayanad,45 Lac - 50 Lac ,2,12516673,8 Cent,Single,https://assets.helloaddress.com/ui/images/property-no-image-small-rl.jpg
Residential House/Villa for Sale,Sultan Bathery,Sulthan bathery,Wayanad,Not Provided ,2,12508139,950 Sq-ft,Single,https://assets.helloaddress.com/ui/images/property-no-image-small-rh.jpg
Residential House/Villa for Sale,Muttil,Kalpetta,Wayanad,Not Provided ,3,12509761,1650 Sq-ft,Single,https://assets.helloaddress.com/propertyImages/2018/October/thumb_property_12509761_5bbb280ddc486.jpg
Residential House/Villa for Sale,in Kenichira,Wayanad,Wayanad,35 Lac - 40 Lac ,4,12508820,1600 Sq-ft,Single,https://assets.helloaddress.com/propertyImages/2018/October/thumb_property_12508820_5bb79c672eb9f.jpg
Agricultural Land for Sale,in Nadavayal,Mananthavady,Wayanad,30 Lac - 35 Lac ,4,12498709,1 Acre,Single,https://assets.helloaddress.com/ui/images/property-no-image-small-al.jpg
Residential House/Villa for Sale,in Muttil,Kalpetta,Wayanad,30 Lac - 35 Lac ,4,12493968,1600 Sq-ft,Single,https://assets.helloaddress.com/propertyImages/2018/October/thumb_property_12493968_5bb707fa59239.jpg
Residential House/Villa for Sale,Kalpetta,Kalpetta,Wayanad,45 Lac - 50 Lac ,3,12493971,1000 Sq-ft,Single,https://assets.helloaddress.com/ui/images/property-no-image-small-rh.jpg
Commercial Land for Sale,Sultan Bathery,Sulthan bathery,Wayanad,15 Lac - 20 Lac ,3,12495670,8 Cent,Single,https://assets.helloaddress.com/ui/images/property-no-image-small-cl.jpg
Residential House/Villa for Sale,Sultan Bathery,Sulthan bathery,Wayanad,15 Lac - 20 Lac ,1,12485978,750 Sq-ft,Single,https://assets.helloaddress.com/ui/images/property-no-image-small-rh.jpg
Residential Land for Sale,Kalpetta,Kalpetta,Wayanad,Not Provided ,1,12460685,70 Cent,Single,https://assets.helloaddress.com/ui/images/property-no-image-small-rl.jpg
Commercial Land for Sale,Sultan Bathery,Sulthan bathery,Wayanad,Not Provided ,1,12464282,60 Cent,Single,https://assets.helloaddress.com/ui/images/property-no-image-small-cl.jpg
Residential Apartment for Sale,in Vythiri,Kalpetta,Wayanad,Not Provided ,1,12467070,478 Sq-ft,Single,https://assets.helloaddress.com/ui/images/property-no-image-small-ra.jpg
Residential House/Villa for Sale,Panamaram,Panamaram,Wayanad,75 Lac - 80 Lac ,4,P796788,1000 Sq-ft,Other,https://assets.helloaddress.com/ui/images/property-no-image-small-rh.jpg
Agricultural Land for Sale,Kattikulam,Mananthavady,Wayanad,55 Lac - 60 Lac ,4,P795518,3 Acre,Other,https://assets.helloaddress.com/ui/images/property-no-image-small-al.jpg
Residential House/Villa for Sale,Porunnanore,Mananthavady,Wayanad,40 Lac - 45 Lac ,4,P795459,1800 Sq-ft,Single,https://assets.helloaddress.com/ui/images/property-no-image-small-rh.jpg
Residential House/Villa for Sale,Panamaram,Panamaram,Wayanad,85 Lac - 90 Lac ,5,P795326,2600 Sq-ft,Other,https://assets.helloaddress.com/ui/images/property-no-image-small-rh.jpg
Agricultural Land for Sale,Sultan Bathery,Sulthan bathery,Wayanad,30 Lac - 35 Lac ,5,P795297,1 Acre,Other,https://assets.helloaddress.com/ui/images/property-no-image-small-al.jpg
Residential House/Villa for Sale,Meppadi,Kalpetta,Wayanad,35 Lac - 40 Lac ,1,P793372,1000 Sq-ft,Single,https://assets.helloaddress.com/ui/images/property-no-image-small-rh.jpg
Residential House/Villa for Sale,in Mullankolly,Pulpally,Wayanad,35 Lac - 40 Lac ,4,P791522,1250 Sq-ft,Single,https://assets.helloaddress.com/ui/images/property-no-image-small-rh.jpg
Residential Land for Sale,in Beenachi,Sulthan bathery,Wayanad,4 Cr - 4.5 Cr ,4,P789377,14 Cent,Joint,https://assets.helloaddress.com/ui/images/property-no-image-small-rl.jpg
Residential House/Villa for Sale,Sultan Bathery,Sulthan bathery,Wayanad,1.4 Cr - 1.6 Cr ,4,P787328,2500 Sq-ft,Single,https://assets.helloaddress.com/ui/images/property-no-image-small-rh.jpg
Agricultural Land for Sale,in Sultan Bathery,Sulthan bathery,Wayanad,65 Lac - 70 Lac ,4,P785979,1.75 Acre,Single,https://assets.helloaddress.com/ui/images/property-no-image-small-al.jpg
Residential House/Villa for Sale,Pallikunnu,Kalpetta,Wayanad,35 Lac - 40 Lac ,4,P785603,1600 Sq-ft,Single,https://assets.helloaddress.com/ui/images/property-no-image-small-rh.jpg
Agricultural Land for Sale,Irulam,Pulpally,Wayanad,2 Cr - 2.3 Cr ,4,P782644,4.22 Acre,Single,https://assets.helloaddress.com/ui/images/property-no-image-small-al.jpg
Agricultural Land for Sale,Mananthavady,Mananthavady,Wayanad,25 Lac - 30 Lac ,4,P782305,16547 Sq-ft,Single,https://assets.helloaddress.com/ui/images/property-no-image-small-al.jpg
Residential Land for Sale,in Cheeral,Sulthan bathery,Wayanad,40 Lac - 45 Lac ,4,P780911,2.15 Acre,Joint,https://assets.helloaddress.com/ui/images/property-no-image-small-rl.jpg
Residential Land for Sale,Thavinhal,Mananthavady,Wayanad,15 Lac - 20 Lac ,4,P703751,1.5 Acre,Single,https://assets.helloaddress.com/ui/images/property-no-image-small-rl.jpg
Agricultural Land for Sale,in Periya,Mananthavady,Wayanad,10 Lac - 15 Lac ,4,P780972,150 Cent,Single,https://assets.helloaddress.com/ui/images/property-no-image-small-al.jpg
Residential House/Villa for Sale,in Beenachi,Sulthan bathery,Wayanad,50 Lac - 55 Lac ,4,P780689,1950 Sq-ft,Single,https://assets.helloaddress.com/ui/images/property-no-image-small-rh.jpg
Commercial Land for Sale,Ambalavayal,Sulthan bathery,Wayanad,35 Lac - 40 Lac ,4,P780701,40 Cent,Single,https://assets.helloaddress.com/ui/images/property-no-image-small-cl.jpg
Residential House/Villa for Sale,Sultan Bathery,Sulthan bathery,Wayanad,70 Lac - 75 Lac ,4,P780618,2500 Sq-ft,Single,https://assets.helloaddress.com/ui/images/property-no-image-small-rh.jpg
Residential House/Villa for Sale,Wayanad,Wayanad,Wayanad,20 Lac - 25 Lac ,1,P779191,51 Sq-Yd,Single,https://assets.helloaddress.com/ui/images/property-no-image-small-rh.jpg
Residential Land for Sale,in Krishnagiri,Sulthan bathery,Wayanad,1 Lac - 5 Lac ,1,P776682,95 Cent,Single,https://assets.helloaddress.com/ui/images/property-no-image-small-rl.jpg
Residential Land for Sale,Pulpally,Pulpally,Wayanad,1 Lac - 5 Lac ,1,P770624,170 Cent,Single,https://assets.helloaddress.com/ui/images/property-no-image-small-rl.jpg
Residential House/Villa for Sale,Muttil North,Wayanad,Wayanad,50 Lac - 55 Lac ,3,P776503,1250 Sq-ft,Single,https://assets.helloaddress.com/ui/images/property-no-image-small-rh.jpg
Residential Land for Sale,in Muttil,Kalpetta,Wayanad,Not Provided ,3,12475330,1 Acre,Single,https://assets.helloaddress.com/ui/images/property-no-image-small-rl.jpg
Commercial Land for Sale,Koleri,Pulpally,Wayanad,1 Lac - 5 Lac ,3,P774934,37 Cent,Single,https://assets.helloaddress.com/ui/images/property-no-image-small-cl.jpg
Commercial Land for Sale,in Kalpetta,Kalpetta,Wayanad,1.8 Cr - 2 Cr ,3,P774629,20 Cent,Single,https://assets.helloaddress.com/ui/images/property-no-image-small-cl.jpg
Commercial Building for Sale,in Wayanad,Wayanad,Wayanad,Not Provided ,3,12461726,8500 Sq-ft,Single,https://assets.helloaddress.com/ui/images/property-no-image-small-cb.jpg
Residential Apartment for Sale,Chundale,Kalpetta,Wayanad,35 Lac - 40 Lac ,2,P773984,781 Sq-ft,Single,https://assets.helloaddress.com/ui/images/property-no-image-small-ra.jpg
Commercial Land for Sale,Padinjarathara,Kalpetta,Wayanad,Not Provided ,2,P773177,80 Cent,Single,https://assets.helloaddress.com/ui/images/property-no-image-small-cl.jpg
Residential House/Villa for Sale,in Pallikunnu,Kalpetta,Wayanad,60 Lac - 65 Lac ,3,12465701,1300 Sq-ft,Single,https://assets.helloaddress.com/ui/images/property-no-image-small-rh.jpg
Agricultural Land for Sale,Pulpally,Pulpally,Wayanad,Not Provided ,3,P772461,2 Acre,Single,https://assets.helloaddress.com/ui/images/property-no-image-small-al.jpg
Agricultural Land for Sale,Kalpetta,Kalpetta,Wayanad,Not Provided ,3,12453770,30 Cent,Single,https://assets.helloaddress.com/ui/images/property-no-image-small-al.jpg
Residential Apartment for Sale,in Vythiri,Kalpetta,Wayanad,15 Lac - 20 Lac ,1,12452715,478 Sq-ft,Single,https://assets.helloaddress.com/ui/images/property-no-image-small-ra.jpg
Residential Apartment for Sale,in Vythiri,Kalpetta,Wayanad,Not Provided ,3,12452710,1400 Sq-ft,Single,https://assets.helloaddress.com/ui/images/property-no-image-small-ra.jpg
Residential House/Villa for Sale,in Kakkavayal,Sulthan bathery,Wayanad,Not Provided ,3,12452290,1650 Sq-ft,Single,https://assets.helloaddress.com/ui/images/property-no-image-small-rh.jpg
Commercial Land for Sale,Kalpetta,Kalpetta,Wayanad,50 Lac - 55 Lac ,3,12445904,14.6 Cent,Single,https://assets.helloaddress.com/ui/images/property-no-image-small-cl.jpg
Residential Apartment for Sale,in Vythiri,Kalpetta,Wayanad,Not Provided ,2,12445741,750 Sq-ft,Single,https://assets.helloaddress.com/ui/images/property-no-image-small-ra.jpg
Residential House/Villa for Sale,Muttil,Kalpetta,Wayanad,5 Cr - 5.5 Cr ,4,12443482,2800 Sq-ft,Single,https://assets.helloaddress.com/ui/images/property-no-image-small-rh.jpg
Residential House/Villa for Sale,in Sultan Bathery,Sulthan bathery,Wayanad,2.3 Cr - 2.6 Cr ,5,12451146,3000 Sq-ft,Single,https://assets.helloaddress.com/ui/images/property-no-image-small-rh.jpg
വാസയോഗ്യമായ വീട്‌ / ഉല്ലാസഭവനം വില്പനയ്ക്ക്,Payyampalli,Mananthavady,Wayanad,80 Lac - 85 Lac ,4,P770202,1400 Sq-ft,Single,https://assets.helloaddress.com/ui/images/property-no-image-small-rh.jpg
Agricultural Land for Sale,in Pallikunnu,Kalpetta,Wayanad,2 Cr - 2.3 Cr ,4,P770599,81 Cent,Single,https://assets.helloaddress.com/ui/images/property-no-image-small-al.jpg
Commercial Land for Sale,Kattikulam,Mananthavady,Wayanad,30 Lac - 35 Lac ,4,P770314,25 Cent,Single,https://assets.helloaddress.com/ui/images/property-no-image-small-cl.jpg
Commercial Land for Sale,Vythiri,Kalpetta,Wayanad,Not Provided ,4,12437529,70 Cent,Single,https://assets.helloaddress.com/ui/images/property-no-image-small-cl.jpg
Residential Land for Sale,Mananthavady,Mananthavady,Wayanad,35 Lac - 40 Lac ,4,P769311,38.5 Cent,Single,https://assets.helloaddress.com/ui/images/property-no-image-small-rl.jpg
Residential House/Villa for Sale,Wayanad,Wayanad,Wayanad,Not Provided ,3,12428866,1500 Sq-ft,Single,https://assets.helloaddress.com/ui/images/property-no-image-small-rh.jpg
Commercial Land for Sale,in Banasura Sagar Dam,Kalpetta,Wayanad,Not Provided ,3,12430423,2.5 Acre,Single,https://assets.helloaddress.com/ui/images/property-no-image-small-cl.jpg
Residential Land for Sale,in Mananthavady,Mananthavady,Wayanad,30 Lac - 35 Lac ,3,12408557,65 Cent,Single,https://assets.helloaddress.com/ui/images/property-no-image-small-rl.jpg
Commercial Building for Sale,in Lakkidi,Kalpetta,Wayanad,Not Provided ,3,P768667,3000 Sq-ft,Single,https://assets.helloaddress.com/ui/images/property-no-image-small-cb.jpg
Residential House/Villa for Sale,Pallikunnu,Kalpetta,Wayanad,65 Lac - 70 Lac ,3,12430310,1300 Sq-ft,Single,https://assets.helloaddress.com/ui/images/property-no-image-small-rh.jpg
Residential Land for Sale,in Thrikkaipatta,Kalpetta,Wayanad,5 Lac - 10 Lac ,3,12417899,65 Cent,Single,https://assets.helloaddress.com/ui/images/property-no-image-small-rl.jpg
Agricultural Land for Sale,Wayanad,Wayanad,Wayanad,Not Provided ,3,P767378,6 Acre,Joint,https://assets.helloaddress.com/ui/images/property-no-image-small-al.jpg
Residential Land for Sale,Muttil,Kalpetta,Wayanad,1 Lac - 5 Lac ,3,P766821,8 Cent,Single,https://assets.helloaddress.com/ui/images/property-no-image-small-rl.jpg
Residential Land for Sale,in Sultan Bathery,Sulthan bathery,Wayanad,40 Lac - 45 Lac ,3,12402098,33 Cent,Single,https://assets.helloaddress.com/ui/images/property-no-image-small-rl.jpg
Residential Land for Sale,in Kenichira,Wayanad,Wayanad,1 Lac - 5 Lac ,3,12399380,15 Cent,Single,https://assets.helloaddress.com/ui/images/property-no-image-small-rl.jpg
Residential Land for Sale,in Pulpally,Pulpally,Wayanad,15 Lac - 20 Lac ,3,12407396,50 Cent,Single,https://assets.helloaddress.com/ui/images/property-no-image-small-rl.jpg
Commercial Land for Sale,in Meppadi,Kalpetta,Wayanad,Not Provided ,3,12391328,1.9 Acre,Single,https://assets.helloaddress.com/ui/images/property-no-image-small-cl.jpg
Commercial Building for Sale,Wayanad,Wayanad,Wayanad,55 Lac - 60 Lac ,3,12406540,1500 Sq-ft,Single,https://assets.helloaddress.com/ui/images/property-no-image-small-cb.jpg
Agricultural Land for Sale,Sultan Bathery,Sulthan bathery,Wayanad,45 Lac - 50 Lac ,3,P764658,2 Acre,Joint,https://assets.helloaddress.com/ui/images/property-no-image-small-al.jpg
Residential House/Villa for Sale,Sultan Bathery,Sulthan bathery,Wayanad,5 Lac - 10 Lac ,2,P764655,650 Sq-ft,Single,https://assets.helloaddress.com/ui/images/property-no-image-small-rh.jpg
Agricultural Land for Sale,Kenichira,Wayanad,Wayanad,15 Lac - 20 Lac ,2,P764654,127 Cent,Joint,https://assets.helloaddress.com/ui/images/property-no-image-small-al.jpg
Agricultural Land for Sale,Kenichira,Wayanad,Wayanad,1 Lac - 5 Lac ,2,P764649,15 Cent,Single,https://assets.helloaddress.com/ui/images/property-no-image-small-al.jpg
Agricultural Land for Sale,Kenichira,Wayanad,Wayanad,20 Lac - 25 Lac ,2,P711004,100 Cent,Single,https://assets.helloaddress.com/ui/images/property-no-image-small-al.jpg
Residential House/Villa for Sale,Pulpally,Pulpally,Wayanad,40 Lac - 45 Lac ,3,12385365,1200 Sq-ft,Single,https://assets.helloaddress.com/ui/images/property-no-image-small-rh.jpg
Residential Land for Sale,Sultan Bathery,Sulthan bathery,Wayanad,20 Lac - 25 Lac ,3,12382376,10 Cent,Single,https://assets.helloaddress.com/ui/images/property-no-image-small-rl.jpg
Residential Land for Sale,Wayanad,Wayanad,Wayanad,45 Lac - 50 Lac ,3,P763881,50 Cent,Single,https://assets.helloaddress.com/ui/images/property-no-image-small-rl.jpg
Residential Land for Sale,in Kenichira,Wayanad,Wayanad,5 Lac - 10 Lac ,3,12383974,15 Cent,Single,https://assets.helloaddress.com/ui/images/property-no-image-small-rl.jpg
Residential House/Villa for Sale,Vythiri,Kalpetta,Wayanad,60 Lac - 65 Lac ,4,P763666,1400 Sq-ft,Single,https://assets.helloaddress.com/ui/images/property-no-image-small-rh.jpg
Residential House/Villa for Sale,Payyampalli,Mananthavady,Wayanad,35 Lac - 40 Lac ,3,P763659,1100 Sq-ft,Single,https://assets.helloaddress.com/ui/images/property-no-image-small-rh.jpg
Residential Land for Sale,Kottathara,Kalpetta,Wayanad,5 Lac - 10 Lac ,3,P763441,15 Cent,Single,https://assets.helloaddress.com/ui/images/property-no-image-small-rl.jpg
Commercial Land for Sale,Wayanad,Wayanad,Wayanad,Not Provided ,3,12382605,4.75 Cent,Single,https://assets.helloaddress.com/ui/images/property-no-image-small-cl.jpg
Agricultural Land for Sale,Wayanad,Wayanad,Wayanad,3 Cr - 3.5 Cr ,3,12376352,7 Acre,Single,https://assets.helloaddress.com/ui/images/property-no-image-small-al.jpg
Commercial Land for Sale,in Mananthavady,Mananthavady,Wayanad,Not Provided ,3,12365900,8 Acre,Single,https://assets.helloaddress.com/ui/images/property-no-image-small-cl.jpg
Residential Land for Sale,Mananthavady,Mananthavady,Wayanad,Not Provided ,3,12386420,56 Cent,Single,https://assets.helloaddress.com/ui/images/property-no-image-small-rl.jpg
Residential Apartment for Sale,in Vythiri,Kalpetta,Wayanad,Not Provided ,3,12362287,1400 Sq-ft,Single,https://assets.helloaddress.com/ui/images/property-no-image-small-ra.jpg
Commercial Land for Sale,in Kalpetta,Kalpetta,Wayanad,Not Provided ,3,12361449,1 Acre,Single,https://assets.helloaddress.com/ui/images/property-no-image-small-cl.jpg
Residential House/Villa for Sale,in Pulpally,Pulpally,Wayanad,35 Lac - 40 Lac ,3,12354014,900 Sq-ft,Single,https://assets.helloaddress.com/ui/images/property-no-image-small-rh.jpg
Residential Land for Sale,in Kenichira,Wayanad,Wayanad,5 Lac - 10 Lac ,3,12361054,5 Cent,Single,https://assets.helloaddress.com/ui/images/property-no-image-small-rl.jpg
Commercial Land for Sale,in Kalpetta,Kalpetta,Wayanad,Not Provided ,3,12369479,80 Cent,Single,https://assets.helloaddress.com/ui/images/property-no-image-small-cl.jpg
Residential Land for Sale,in Puthenkunnu,Sulthan bathery,Wayanad,Not Provided ,3,12369500,8 Cent,Single,https://assets.helloaddress.com/ui/images/property-no-image-small-rl.jpg
Residential Land for Sale,Sultan Bathery,Sulthan bathery,Wayanad,Not Provided ,3,12361604,58 Cent,Single,https://assets.helloaddress.com/ui/images/property-no-image-small-rl.jpg
Commercial Land for Sale,Thalappuzha,Mananthavady,Wayanad,Not Provided ,3,12358665,2.35 Acre,Single,https://assets.helloaddress.com/ui/images/property-no-image-small-cl.jpg
Agricultural Land for Sale,in Vellamunda,Mananthavady,Wayanad,Not Provided ,3,12344157,60 Cent,Single,https://assets.helloaddress.com/ui/images/property-no-image-small-al.jpg
Residential House/Villa for Sale,in Muttil,Kalpetta,Wayanad,80 Lac - 85 Lac ,5,P758622,1800 Sq-ft,Single,https://assets.helloaddress.com/ui/images/property-no-image-small-rh.jpg
Residential House/Villa for Sale,Sultan Bathery,Sulthan bathery,Wayanad,1.2 Cr - 1.4 Cr ,4,P758311,2500 Sq-ft,Single,https://assets.helloaddress.com/ui/images/property-no-image-small-rh.jpg
Residential Land for Sale,Padinjarathara,Kalpetta,Wayanad,20 Lac - 25 Lac ,4,P757703,50 Cent,Single,https://assets.helloaddress.com/ui/images/property-no-image-small-rl.jpg
Agricultural Land for Sale,Pulpally,Pulpally,Wayanad,45 Lac - 50 Lac ,4,P757588,2.25 Acre,Single,https://assets.helloaddress.com/ui/images/property-no-image-small-al.jpg
Residential Land for Sale,in Sultan Bathery,Sulthan bathery,Wayanad,45 Lac - 50 Lac ,4,P757338,15 Cent,Single,https://assets.helloaddress.com/ui/images/property-no-image-small-rl.jpg
Residential Land for Sale,Wayanad,Wayanad,Wayanad,Not Provided ,4,12343650,10 Cent,Single,https://assets.helloaddress.com/ui/images/property-no-image-small-rl.jpg
Residential Land for Sale,Mananthavady,Mananthavady,Wayanad,Not Provided ,4,12344840,56 Cent,Single,https://assets.helloaddress.com/ui/images/property-no-image-small-rl.jpg
Residential Land for Sale,Meenangadi,Sulthan bathery,Wayanad,Not Provided ,4,12345404,15 Cent,Single,https://assets.helloaddress.com/ui/images/property-no-image-small-rl.jpg
Commercial Building for Sale,Kalpetta,Kalpetta,Wayanad,Not Provided ,4,12316375,2500 Sq-ft,Single,https://assets.helloaddress.com/ui/images/property-no-image-small-cb.jpg
Residential Land for Sale,Thariyod,Kalpetta,Wayanad,1.2 Cr - 1.4 Cr ,4,P756565,4 Acre,Single,https://assets.helloaddress.com/ui/images/property-no-image-small-rl.jpg
Residential Land for Sale,in Puthenkunnu,Sulthan bathery,Wayanad,Not Provided ,4,123278291,20 Cent,Single,https://assets.helloaddress.com/ui/images/property-no-image-small-rl.jpg
Residential Land for Sale,Kalpetta,Kalpetta,Wayanad,Not Provided ,4,12327829,20 Cent,Single,https://assets.helloaddress.com/ui/images/property-no-image-small-rl.jpg
Residential Land for Sale,in Sultan Bathery,Sulthan bathery,Wayanad,Not Provided ,4,12344100,5 Cent,Single,https://assets.helloaddress.com/ui/images/property-no-image-small-rl.jpg
Agricultural Land for Sale,Nalloornad,Mananthavady,Wayanad,Not Provided ,4,P752623,1.17 Acre,Single,https://assets.helloaddress.com/ui/images/property-no-image-small-al.jpg
Residential House/Villa for Sale,in Pulpally,Pulpally,Wayanad,Not Provided ,3,12308793,900 Sq-ft,Single,https://assets.helloaddress.com/ui/images/property-no-image-small-rh.jpg
Residential Land for Sale,in Lakkidi,Kalpetta,Wayanad,Not Provided ,3,123300791,12 Cent,Single,https://assets.helloaddress.com/ui/images/property-no-image-small-rl.jpg
Agricultural Land for Sale,Wayanad,Wayanad,Wayanad,1.8 Cr - 2 Cr ,3,P754193,7 Acre,Single,https://assets.helloaddress.com/ui/images/property-no-image-small-al.jpg
Commercial Building for Sale,Mananthavady,Mananthavady,Wayanad,Not Provided ,3,12310992,470 Sq-ft,Single,https://assets.helloaddress.com/ui/images/property-no-image-small-cb.jpg
Residential Land for Sale,in Kuttimoola,Mananthavady,Wayanad,50 Lac - 55 Lac ,3,P751285,75 Cent,Single,https://assets.helloaddress.com/ui/images/property-no-image-small-rl.jpg
Commercial Building for Sale,Vythiri,Kalpetta,Wayanad,2 Cr - 2.3 Cr ,3,P754076,5000 Sq-ft,Single,https://assets.helloaddress.com/ui/images/property-no-image-small-cb.jpg
Residential Land for Sale,in Kalpetta,Kalpetta,Wayanad,Not Provided ,3,P753789,2 Acre,Single,https://assets.helloaddress.com/ui/images/property-no-image-small-rl.jpg
Residential Land for Sale,in Mananthavady,Mananthavady,Wayanad,Not Provided ,3,12299002,3 Acre,Single,https://assets.helloaddress.com/ui/images/property-no-image-small-rl.jpg
Commercial Land for Sale,Mananthavady,Mananthavady,Wayanad,Not Provided ,3,P753651,2.5 Acre,Single,https://assets.helloaddress.com/ui/images/property-no-image-small-cl.jpg
Commercial Land for Sale,in Mananthavady,Mananthavady,Wayanad,Not Provided ,3,12308547,8 Acre,Single,https://assets.helloaddress.com/ui/images/property-no-image-small-cl.jpg
Residential Land for Sale,Sultan Bathery,Sulthan bathery,Wayanad,Not Provided ,3,12324705,10 Cent,Single,https://assets.helloaddress.com/ui/images/property-no-image-small-rl.jpg
Residential House/Villa for Sale,in Sultan Bathery,Sulthan bathery,Wayanad,15 Lac - 20 Lac ,1,12307599,500 Sq-ft,Single,https://assets.helloaddress.com/ui/images/property-no-image-small-rh.jpg
Agricultural Land for Sale,in Chulliyod,Sulthan bathery,Wayanad,25 Lac - 30 Lac ,1,P752476,1 Acre,Single,https://assets.helloaddress.com/ui/images/property-no-image-small-al.jpg
Commercial Building for Sale,Kalpetta,Kalpetta,Wayanad,Above 10 Cr ,1,P752433,36500 Sq-ft,Single,https://assets.helloaddress.com/ui/images/property-no-image-small-cb.jpg
Residential Land for Sale,Sultan Bathery,Sulthan bathery,Wayanad,80 Lac - 85 Lac ,1,P752216,83 Cent,Single,https://assets.helloaddress.com/ui/images/property-no-image-small-rl.jpg
Residential Land for Sale,Kindanganad,Sulthan bathery,Wayanad,10 Lac - 15 Lac ,1,P752241,50 Cent,Single,https://assets.helloaddress.com/ui/images/property-no-image-small-rl.jpg
Commercial Building for Sale,Wayanad,Wayanad,Wayanad,Not Provided ,1,12300705,3000 Sq-ft,Single,https://assets.helloaddress.com/ui/images/property-no-image-small-cb.jpg
Residential Land for Sale,in Kalpetta,Kalpetta,Wayanad,Not Provided ,1,12290363,10 Cent,Single,https://assets.helloaddress.com/ui/images/property-no-image-small-rl.jpg
Residential House/Villa for Sale,in Sultan Bathery,Sulthan bathery,Wayanad,20 Lac - 25 Lac ,2,P749930,500 Sq-ft,Single,https://assets.helloaddress.com/ui/images/property-no-image-small-rh.jpg
Residential Land for Sale,in Kainatty,Kalpetta,Wayanad,75 Lac - 80 Lac ,2,P750148,2 Hectare,Single,https://assets.helloaddress.com/ui/images/property-no-image-small-rl.jpg
Residential Land for Sale,Kalpetta,Kalpetta,Wayanad,10 Lac - 15 Lac ,2,P749830,10 Cent,Single,https://assets.helloaddress.com/ui/images/property-no-image-small-rl.jpg
Residential House/Villa for Sale,Muttil,Kalpetta,Wayanad,75 Lac - 80 Lac ,3,P723313,1200 Sq-ft,Single,https://assets.helloaddress.com/ui/images/property-no-image-small-rh.jpg
Residential House/Villa for Sale,Meenangadi,Sulthan bathery,Wayanad,80 Lac - 85 Lac ,5,P749655,2500 Sq-ft,Single,https://assets.helloaddress.com/ui/images/property-no-image-small-rh.jpg
Agricultural Land for Sale,Mananthavady,Mananthavady,Wayanad,Not Provided ,5,P749130,2 Acre,Single,https://assets.helloaddress.com/ui/images/property-no-image-small-al.jpg
Residential Land for Sale,Tharuvana,Mananthavady,Wayanad,30 Lac - 35 Lac ,5,P749006,1.15 Acre,Single,https://assets.helloaddress.com/ui/images/property-no-image-small-rl.jpg
Residential Land for Sale,Krishnagiri,Sulthan bathery,Wayanad,Not Provided ,5,P748856,330 Cent,Single,https://assets.helloaddress.com/ui/images/property-no-image-small-rl.jpg
Residential Land for Sale,Pulpally,Pulpally,Wayanad,Not Provided ,5,12302328,80 Cent,Single,https://assets.helloaddress.com/ui/images/property-no-image-small-rl.jpg
Commercial Land for Sale,Vengapally,Kalpetta,Wayanad,Not Provided ,5,P748869,42 Cent,Single,https://assets.helloaddress.com/ui/images/property-no-image-small-cl.jpg
Residential Land for Sale,Mananthavady,Mananthavady,Wayanad,Not Provided ,5,12277277,57 Cent,Single,https://assets.helloaddress.com/ui/images/property-no-image-small-rl.jpg
Agricultural Land for Sale,Wayanad,Wayanad,Wayanad,Not Provided ,5,12294481,8.5 Acre,Single,https://assets.helloaddress.com/ui/images/property-no-image-small-al.jpg
Residential Land for Sale,in Sultan Bathery,Sulthan bathery,Wayanad,Not Provided ,5,12276114,13 Cent,Single,https://assets.helloaddress.com/ui/images/property-no-image-small-rl.jpg
Commercial Land for Sale,Kalpetta,Kalpetta,Wayanad,Not Provided ,5,12282436,90 Cent,Single,https://assets.helloaddress.com/ui/images/property-no-image-small-cl.jpg
Residential Land for Sale,Mananthavady,Mananthavady,Wayanad,Not Provided ,5,P747131,90 Cent,Single,https://assets.helloaddress.com/ui/images/property-no-image-small-rl.jpg
Commercial Land for Sale,Wayanad,Wayanad,Wayanad,Not Provided ,5,P747102,9 Acre,Single,https://assets.helloaddress.com/ui/images/property-no-image-small-cl.jpg
Residential Land for Sale,Kenichira,Wayanad,Wayanad,Not Provided ,5,12266768,60 Cent,Single,https://assets.helloaddress.com/ui/images/property-no-image-small-rl.jpg
Residential Land for Sale,Kalpetta,Kalpetta,Wayanad,Not Provided ,5,12259867,15 Cent,Single,https://assets.helloaddress.com/ui/images/property-no-image-small-rl.jpg
Residential Land for Sale,in Ambalavayal,Sulthan bathery,Wayanad,Not Provided ,5,12269977,1 Acre,Single,https://assets.helloaddress.com/ui/images/property-no-image-small-rl.jpg
Residential Land for Sale,Kalpetta,Kalpetta,Wayanad,Not Provided ,5,12259685,16 Cent,Single,https://assets.helloaddress.com/ui/images/property-no-image-small-rl.jpg
Residential House/Villa for Sale,Sultan Bathery,Sulthan bathery,Wayanad,80 Lac - 85 Lac ,2,12261055,2300 Sq-ft,Single,https://assets.helloaddress.com/ui/images/property-no-image-small-rh.jpg
Agricultural Land for Sale,in Meppadi,Kalpetta,Wayanad,Not Provided ,2,12268653,320 Acre,Single,https://assets.helloaddress.com/ui/images/property-no-image-small-al.jpg
Commercial Land for Sale,Wayanad,Wayanad,Wayanad,Not Provided ,2,12266988,12 Acre,Single,https://assets.helloaddress.com/ui/images/property-no-image-small-cl.jpg
Residential Land for Sale,Kalpetta,Kalpetta,Wayanad,35 Lac - 40 Lac ,2,P746412,8 Cent,Single,https://assets.helloaddress.com/ui/images/property-no-image-small-rl.jpg
Residential Land for Sale,in Payyampalli,Mananthavady,Wayanad,45 Lac - 50 Lac ,2,P743573,1 Acre,Single,https://assets.helloaddress.com/ui/images/property-no-image-small-rl.jpg
Residential Land for Sale,in Koleri,Pulpally,Wayanad,35 Lac - 40 Lac ,2,122358561,90 Cent,Joint,https://assets.helloaddress.com/ui/images/property-no-image-small-rl.jpg
Residential Land for Sale,in Meenangadi,Sulthan bathery,Wayanad,30 Lac - 35 Lac ,2,12235856,85 Cent,Single,https://assets.helloaddress.com/ui/images/property-no-image-small-rl.jpg
Agricultural Land for Sale,Kenichira,Wayanad,Wayanad,Not Provided ,2,12238724,1 Acre,Single,https://assets.helloaddress.com/ui/images/property-no-image-small-al.jpg
Residential Land for Sale,Meppadi,Kalpetta,Wayanad,Not Provided ,2,P745154,3.57 Acre,Single,https://assets.helloaddress.com/ui/images/property-no-image-small-rl.jpg
Residential Land for Sale,in Irulam,Pulpally,Wayanad,Not Provided ,2,12246694,80 Cent,Single,https://assets.helloaddress.com/ui/images/property-no-image-small-rl.jpg
Residential Land for Sale,in Kalpetta,Kalpetta,Wayanad,Not Provided ,2,12254417,1 Acre,Single,https://assets.helloaddress.com/ui/images/property-no-image-small-rl.jpg
Agricultural Land for Sale,Ambalavayal,Sulthan bathery,Wayanad,Not Provided ,2,12233440,1 Acre,Single,https://assets.helloaddress.com/ui/images/property-no-image-small-al.jpg
Residential Land for Sale,in Padinjarathara,Kalpetta,Wayanad,Not Provided ,2,12236456,10 Cent,Single,https://assets.helloaddress.com/ui/images/property-no-image-small-rl.jpg
Residential Land for Sale,in Wayanad,Wayanad,Wayanad,Not Provided ,2,P743650,3.5 Acre,Single,https://assets.helloaddress.com/ui/images/property-no-image-small-rl.jpg
Residential Land for Sale,Nenmeni,Sulthan bathery,Wayanad,85 Lac - 90 Lac ,2,P740345,53 Cent,Joint,https://assets.helloaddress.com/ui/images/property-no-image-small-rl.jpg
Agricultural Land for Sale,Mananthavady,Mananthavady,Wayanad,Not Provided ,2,12249510,4.25 Acre,Single,https://assets.helloaddress.com/ui/images/property-no-image-small-al.jpg
Residential House/Villa for Sale,Pulpally,Pulpally,Wayanad,15 Lac - 20 Lac ,2,P742907,750 Sq-ft,Single,https://assets.helloaddress.com/ui/images/property-no-image-small-rh.jpg
Commercial Land for Sale,in Mananthavady,Mananthavady,Wayanad,Not Provided ,2,12235056,5 Acre,Single,https://assets.helloaddress.com/ui/images/property-no-image-small-cl.jpg
Agricultural Land for Sale,in Pulpally,Pulpally,Wayanad,1 Cr - 1.2 Cr ,2,12236854,1.35 Acre,Single,https://assets.helloaddress.com/ui/images/property-no-image-small-al.jpg
Residential Land for Sale,Sultan Bathery,Sulthan bathery,Wayanad,25 Lac - 30 Lac ,2,12229333,10 Cent,Single,https://assets.helloaddress.com/ui/images/property-no-image-small-rl.jpg
Residential Land for Sale,in Pulpally,Pulpally,Wayanad,Not Provided ,2,12228908,1.82 Cent,Single,https://assets.helloaddress.com/ui/images/property-no-image-small-rl.jpg
Residential House/Villa for Sale,Anchukunnu,Panamaram,Wayanad,35 Lac - 40 Lac ,4,P741030,1100 Sq-ft,Single,https://assets.helloaddress.com/ui/images/property-no-image-small-rh.jpg
Residential House/Villa for Sale,Wayanad,Wayanad,Wayanad,20 Lac - 25 Lac ,2,P740934,600 Sq-ft,Single,https://assets.helloaddress.com/ui/images/property-no-image-small-rh.jpg
Commercial Land for Sale,Mananthavady,Mananthavady,Wayanad,Not Provided ,2,12214689,11 Acre,Single,https://assets.helloaddress.com/ui/images/property-no-image-small-cl.jpg
Residential Land for Sale,in Padichira,Pulpally,Wayanad,1 Cr - 1.2 Cr ,2,P739867,4 Acre,Single,https://assets.helloaddress.com/ui/images/property-no-image-small-rl.jpg
Residential Land for Sale,Sultan Bathery,Sulthan bathery,Wayanad,Not Provided ,2,12212897,1 Acre,Single,https://assets.helloaddress.com/ui/images/property-no-image-small-rl.jpg
Residential Land for Sale,Meenangadi,Sulthan bathery,Wayanad,60 Lac - 65 Lac ,2,P738727,25 Cent,Single,https://assets.helloaddress.com/ui/images/property-no-image-small-rl.jpg
Residential Land for Sale,in Irulam,Pulpally,Wayanad,Not Provided ,2,12198574,80 Cent,Single,https://assets.helloaddress.com/ui/images/property-no-image-small-rl.jpg
Residential Land for Sale,Mananthavady,Mananthavady,Wayanad,Not Provided ,2,12191414,11 Acre,Single,https://assets.helloaddress.com/ui/images/property-no-image-small-rl.jpg
Residential Land for Sale,Muttil,Kalpetta,Wayanad,25 Lac - 30 Lac ,2,12182257,30 Cent,Single,https://assets.helloaddress.com/ui/images/property-no-image-small-rl.jpg
Agricultural Land for Sale,Muthanga,Sulthan bathery,Wayanad,Not Provided ,2,P738194,5 Acre,Joint,https://assets.helloaddress.com/ui/images/property-no-image-small-al.jpg
Residential Land for Sale,Vythiri,Kalpetta,Wayanad,70 Lac - 75 Lac ,2,121772631,50 Cent,Single,https://assets.helloaddress.com/ui/images/property-no-image-small-rl.jpg
Residential House/Villa for Sale,Vythiri,Kalpetta,Wayanad,15 Lac - 20 Lac ,3,12177263,850 Sq-ft,Single,https://assets.helloaddress.com/ui/images/property-no-image-small-rh.jpg
Agricultural Land for Sale,in Kenichira,Wayanad,Wayanad,55 Lac - 60 Lac ,3,12180528,2 Acre,Single,https://assets.helloaddress.com/ui/images/property-no-image-small-al.jpg
Agricultural Land for Sale,in Cheeral,Sulthan bathery,Wayanad,Not Provided ,3,12184687,4.5 Acre,Single,https://assets.helloaddress.com/ui/images/property-no-image-small-al.jpg
Agricultural Land for Sale,Beenachi,Sulthan bathery,Wayanad,30 Lac - 35 Lac ,3,P737139,8 Acre,Single,https://assets.helloaddress.com/ui/images/property-no-image-small-al.jpg
Agricultural Land for Sale,Kenichira,Wayanad,Wayanad,Not Provided ,3,P737123,6 Acre,Single,https://assets.helloaddress.com/ui/images/property-no-image-small-al.jpg
Residential House/Villa for Sale,in Vythiri,Kalpetta,Wayanad,15 Lac - 20 Lac ,2,12176019,1300 Sq-ft,Single,https://assets.helloaddress.com/ui/images/property-no-image-small-rh.jpg
Residential Land for Sale,Meenangadi,Sulthan bathery,Wayanad,20 Lac - 25 Lac ,2,P736954,30 Cent,Single,https://assets.helloaddress.com/ui/images/property-no-image-small-rl.jpg
Commercial Land for Sale,Meppadi,Kalpetta,Wayanad,90 Lac - 95 Lac ,2,12174714,3.5 Acre,Single,https://assets.helloaddress.com/ui/images/property-no-image-small-cl.jpg
Agricultural Land for Sale,in Kenichira,Wayanad,Wayanad,20 Lac - 25 Lac ,2,12165489,1 Acre,Single,https://assets.helloaddress.com/ui/images/property-no-image-small-al.jpg
Residential Land for Sale,Ambalavayal,Sulthan bathery,Wayanad,Not Provided ,2,P735586,20 Cent,Single,https://assets.helloaddress.com/ui/images/property-no-image-small-rl.jpg
Residential Land for Sale,in Kenichira,Wayanad,Wayanad,30 Lac - 35 Lac ,2,12169331,10 Cent,Single,https://assets.helloaddress.com/ui/images/property-no-image-small-rl.jpg
Residential House/Villa for Sale,in Kenichira,Wayanad,Wayanad,20 Lac - 25 Lac ,2,12149821,850 Sq-ft,Single,https://assets.helloaddress.com/ui/images/property-no-image-small-rh.jpg
Residential Land for Sale,Kenichira,Wayanad,Wayanad,Not Provided ,2,12158083,3 Cent,Single,https://assets.helloaddress.com/ui/images/property-no-image-small-rl.jpg
Commercial Land for Sale,in Cheeral,Sulthan bathery,Wayanad,Not Provided ,2,12152360,1 Acre,Single,https://assets.helloaddress.com/ui/images/property-no-image-small-cl.jpg
Residential Land for Sale,Sultan Bathery,Sulthan bathery,Wayanad,55 Lac - 60 Lac ,2,12167564,35 Cent,Single,https://assets.helloaddress.com/ui/images/property-no-image-small-rl.jpg
Residential Land for Sale,in Meenangadi,Sulthan bathery,Wayanad,70 Lac - 75 Lac ,2,P734495,95 Cent,Joint,https://assets.helloaddress.com/ui/images/property-no-image-small-rl.jpg
Commercial Building for Sale,Kalpetta,Kalpetta,Wayanad,1.4 Cr - 1.6 Cr ,2,12151386,7000 Sq-ft,Single,https://assets.helloaddress.com/ui/images/property-no-image-small-cb.jpg
Agricultural Land for Sale,Sultan Bathery,Sulthan bathery,Wayanad,2.6 Cr - 3 Cr ,2,12159899,6 Acre,Joint,https://assets.helloaddress.com/ui/images/property-no-image-small-al.jpg
Commercial Building for Sale,in Kalpetta,Kalpetta,Wayanad,Not Provided ,2,12151391,40000 Sq-ft,Single,https://assets.helloaddress.com/ui/images/property-no-image-small-cb.jpg
Commercial Land for Sale,Kalpetta,Kalpetta,Wayanad,55 Lac - 60 Lac ,2,12152293,1.5 Acre,Single,https://assets.helloaddress.com/ui/images/property-no-image-small-cl.jpg
Commercial Land for Sale,in Munderi,Kalpetta,Wayanad,30 Lac - 35 Lac ,2,121522931,6 Cent,Single,https://assets.helloaddress.com/ui/images/property-no-image-small-cl.jpg
Commercial Land for Sale,in Banasura Sagar Dam,Kalpetta,Wayanad,1.8 Cr - 2 Cr ,2,121452621,2 Acre,Single,https://assets.helloaddress.com/ui/images/property-no-image-small-cl.jpg
Commercial Land for Sale,in Banasura Sagar Dam,Kalpetta,Wayanad,50 Lac - 55 Lac ,2,12145262,30 Cent,Single,https://assets.helloaddress.com/ui/images/property-no-image-small-cl.jpg
Commercial Land for Sale,Mananthavady,Mananthavady,Wayanad,70 Lac - 75 Lac ,2,12143677,25 Cent,Single,https://assets.helloaddress.com/ui/images/property-no-image-small-cl.jpg
Residential Land for Sale,in Sultan Bathery,Sulthan bathery,Wayanad,Not Provided ,2,12145129,10 Acre,Single,https://assets.helloaddress.com/ui/images/property-no-image-small-rl.jpg
Residential House/Villa for Sale,Irulam,Pulpally,Wayanad,40 Lac - 45 Lac ,3,12143987,1000 Sq-ft,Single,https://assets.helloaddress.com/ui/images/property-no-image-small-rh.jpg
Residential Land for Sale,in Meenangadi,Sulthan bathery,Wayanad,Not Provided ,3,12138038,5 Cent,Single,https://assets.helloaddress.com/ui/images/property-no-image-small-rl.jpg
കൃഷി ഭൂമി വില്പനയ്ക്ക്,Mananthavady,Mananthavady,Wayanad,15 Lac - 20 Lac ,3,P731005,20 Cent,Single,https://assets.helloaddress.com/ui/images/property-no-image-small-al.jpg
Residential Land for Sale,Sultan Bathery,Sulthan bathery,Wayanad,1.4 Cr - 1.6 Cr ,3,P730971,75 Cent,Single,https://assets.helloaddress.com/ui/images/property-no-image-small-rl.jpg
Agricultural Land for Sale,Wayanad,Wayanad,Wayanad,2.6 Cr - 3 Cr ,3,P630821,61 Cent,Single,https://assets.helloaddress.com/ui/images/property-no-image-small-al.jpg
Residential Land for Sale,in Meppadi,Kalpetta,Wayanad,95 Lac - 1 Cr ,3,12114954,4 Acre,Single,https://assets.helloaddress.com/ui/images/property-no-image-small-rl.jpg
Agricultural Land for Sale,Vythiri,Kalpetta,Wayanad,75 Lac - 80 Lac ,3,12115011,4 Acre,Single,https://assets.helloaddress.com/ui/images/property-no-image-small-al.jpg
Residential Land for Sale,in Meenangadi,Sulthan bathery,Wayanad,50 Lac - 55 Lac ,3,P729558,90 Cent,Single,https://assets.helloaddress.com/ui/images/property-no-image-small-rl.jpg
Residential Land for Sale,Kalpetta,Kalpetta,Wayanad,Not Provided ,3,12126965,50 Cent,Single,https://assets.helloaddress.com/ui/images/property-no-image-small-rl.jpg
Residential Land for Sale,Sultan Bathery,Sulthan bathery,Wayanad,1 Cr - 1.2 Cr ,3,P728881,40 Cent,Single,https://assets.helloaddress.com/ui/images/property-no-image-small-rl.jpg
Residential House/Villa for Sale,Kalpetta,Kalpetta,Wayanad,1.2 Cr - 1.4 Cr ,5,P728867,3200 Sq-ft,Single,https://assets.helloaddress.com/ui/images/property-no-image-small-rh.jpg
Residential Land for Sale,in Pozhuthana,Kalpetta,Wayanad,Not Provided ,5,12116996,7 Cent,Single,https://assets.helloaddress.com/ui/images/property-no-image-small-rl.jpg
Residential Land for Sale,Kenichira,Wayanad,Wayanad,Not Provided ,5,12113873,3 Cent,Single,https://assets.helloaddress.com/ui/images/property-no-image-small-rl.jpg
Residential House/Villa for Sale,Noolpuzha,Sulthan bathery,Wayanad,20 Lac - 25 Lac ,2,12098336,750 Sq-ft,Single,https://assets.helloaddress.com/ui/images/property-no-image-small-rh.jpg
Residential Land for Sale,in Thrissilery,Mananthavady,Wayanad,15 Lac - 20 Lac ,2,P715001,1 Acre,Single,https://assets.helloaddress.com/ui/images/property-no-image-small-rl.jpg
Residential Land for Sale,in Kenichira,Wayanad,Wayanad,Not Provided ,2,12105886,60 Cent,Single,https://assets.helloaddress.com/ui/images/property-no-image-small-rl.jpg
Commercial Land for Sale,in Kalpetta,Kalpetta,Wayanad,70 Lac - 75 Lac ,2,12107799,18 Cent,Single,https://assets.helloaddress.com/ui/images/property-no-image-small-cl.jpg
Commercial Land for Sale,Mananthavady,Mananthavady,Wayanad,40 Lac - 45 Lac ,2,P727352,25 Cent,Joint,https://assets.helloaddress.com/ui/images/property-no-image-small-cl.jpg
Residential Land for Sale,Chundale,Kalpetta,Wayanad,85 Lac - 90 Lac ,2,P727310,2 Acre,Single,https://assets.helloaddress.com/ui/images/property-no-image-small-rl.jpg
Residential Land for Sale,Wayanad,Wayanad,Wayanad,1.2 Cr - 1.4 Cr ,2,P726993,93 Cent,Single,https://assets.helloaddress.com/ui/images/property-no-image-small-rl.jpg
Agricultural Land for Sale,Mullankolly,Pulpally,Wayanad,40 Lac - 45 Lac ,2,P726732,1 Acre,Single,https://assets.helloaddress.com/ui/images/property-no-image-small-al.jpg
Residential Apartment for Sale,in Vythiri,Kalpetta,Wayanad,Not Provided ,3,12095753,1400 Sq-ft,Single,https://assets.helloaddress.com/ui/images/property-no-image-small-ra.jpg
Residential Land for Sale,in Chulliyod,Sulthan bathery,Wayanad,Not Provided ,3,12095033,15 Cent,Single,https://assets.helloaddress.com/ui/images/property-no-image-small-rl.jpg
Residential Land for Sale,in Sultan Bathery,Sulthan bathery,Wayanad,5 Lac - 10 Lac ,3,P724898,10 Cent,Single,https://assets.helloaddress.com/ui/images/property-no-image-small-rl.jpg
Residential Land for Sale,Sultan Bathery,Sulthan bathery,Wayanad,15 Lac - 20 Lac ,3,12081679,10 Cent,Single,https://assets.helloaddress.com/ui/images/property-no-image-small-rl.jpg
Residential Land for Sale,in Kalpetta,Kalpetta,Wayanad,5 Lac - 10 Lac ,3,P724718,10 Cent,Single,https://assets.helloaddress.com/ui/images/property-no-image-small-rl.jpg
Residential Land for Sale,in Kalpetta,Kalpetta,Wayanad,20 Lac - 25 Lac ,3,P724716,20 Cent,Single,https://assets.helloaddress.com/ui/images/property-no-image-small-rl.jpg
Residential Land for Sale,in Pozhuthana,Kalpetta,Wayanad,Not Provided ,3,P724714,1.45 Acre,Single,https://assets.helloaddress.com/ui/images/property-no-image-small-rl.jpg
Agricultural Land for Sale,in Banasura Sagar Dam,Kalpetta,Wayanad,95 Lac - 1 Cr ,3,12071631,2 Acre,Single,https://assets.helloaddress.com/ui/images/property-no-image-small-al.jpg
Commercial Land for Sale,Muttil,Kalpetta,Wayanad,Not Provided ,3,12072317,2.5 Acre,Single,https://assets.helloaddress.com/ui/images/property-no-image-small-cl.jpg
Commercial Building for Sale,in Kalpetta,Kalpetta,Wayanad,Not Provided ,3,12056724,40000 Sq-ft,Single,https://assets.helloaddress.com/ui/images/property-no-image-small-cb.jpg
Commercial Land for Sale,Mananthavady,Mananthavady,Wayanad,Not Provided ,3,P722173,10 Cent,Joint,https://assets.helloaddress.com/ui/images/property-no-image-small-cl.jpg
Commercial Land for Sale,in Beenachi,Sulthan bathery,Wayanad,4 Cr - 4.5 Cr ,3,P722052,25 Cent,Single,https://assets.helloaddress.com/ui/images/property-no-image-small-cl.jpg
Commercial Land for Sale,in Mananthavady,Mananthavady,Wayanad,Not Provided ,3,12048475,1.79 Acre,Single,https://assets.helloaddress.com/ui/images/property-no-image-small-cl.jpg
Agricultural Land for Sale,Kappumchal,Panamaram,Wayanad,10 Lac - 15 Lac ,3,P721836,10 Cent,Single,https://assets.helloaddress.com/ui/images/property-no-image-small-al.jpg
Commercial Building for Sale,in Banasura Sagar Dam,Kalpetta,Wayanad,Not Provided ,3,12043857,6000 Sq-ft,Single,https://assets.helloaddress.com/ui/images/property-no-image-small-cb.jpg
Commercial Building for Sale,in Kalpetta,Kalpetta,Wayanad,Not Provided ,3,12039769,40000 Sq-ft,Single,https://assets.helloaddress.com/ui/images/property-no-image-small-cb.jpg
Residential Land for Sale,in Mananthavady,Mananthavady,Wayanad,Not Provided ,3,12042388,20 Cent,Single,https://assets.helloaddress.com/ui/images/property-no-image-small-rl.jpg
Residential Land for Sale,in Muttil,Kalpetta,Wayanad,Not Provided ,3,12039792,67 Cent,Single,https://assets.helloaddress.com/ui/images/property-no-image-small-rl.jpg
Residential Land for Sale,Muttil,Kalpetta,Wayanad,Not Provided ,3,12026182,3 Acre,Single,https://assets.helloaddress.com/ui/images/property-no-image-small-rl.jpg
Agricultural Land for Sale,Meppadi,Kalpetta,Wayanad,Not Provided ,3,P719830,1.5 Acre,Joint,https://assets.helloaddress.com/ui/images/property-no-image-small-al.jpg
Residential House/Villa for Sale,in Chulliyod,Sulthan bathery,Wayanad,35 Lac - 40 Lac ,3,1207055,1700 Sq-ft,Single,https://assets.helloaddress.com/ui/images/property-no-image-small-rh.jpg
Agricultural Land for Sale,in Panamaram,Panamaram,Wayanad,15 Lac - 20 Lac ,3,12016454,50 Cent,Single,https://assets.helloaddress.com/ui/images/property-no-image-small-al.jpg
Commercial Building for Sale,in Kalpetta,Kalpetta,Wayanad,Not Provided ,3,12016460,40000 Sq-ft,Single,https://assets.helloaddress.com/ui/images/property-no-image-small-cb.jpg
Residential Land for Sale,Chulliyod,Sulthan bathery,Wayanad,15 Lac - 20 Lac ,3,12023479,10 Cent,Single,https://assets.helloaddress.com/ui/images/property-no-image-small-rl.jpg
Residential Land for Sale,Ambalavayal,Sulthan bathery,Wayanad,Not Provided ,3,12016457,20 Cent,Single,https://assets.helloaddress.com/ui/images/property-no-image-small-rl.jpg
Commercial Building for Sale,in Sultan Bathery,Sulthan bathery,Wayanad,Not Provided ,3,12034058,7000 Sq-ft,Single,https://assets.helloaddress.com/ui/images/property-no-image-small-cb.jpg
Residential House/Villa for Sale,Sultan Bathery,Sulthan bathery,Wayanad,Not Provided ,3,P719687,850 Sq-ft,Single,https://assets.helloaddress.com/ui/images/property-no-image-small-rh.jpg
Residential House/Villa for Sale,Pulpally,Pulpally,Wayanad,85 Lac - 90 Lac ,5,12033777,2700 Sq-ft,Single,https://assets.helloaddress.com/ui/images/property-no-image-small-rh.jpg
Agricultural Land for Sale,in Padichira,Pulpally,Wayanad,95 Lac - 1 Cr ,5,P712726,3.65 Acre,Single,https://assets.helloaddress.com/ui/images/property-no-image-small-al.jpg
Residential Land for Sale,in Kenichira,Wayanad,Wayanad,70 Lac - 75 Lac ,5,12002343,15 Cent,Single,https://assets.helloaddress.com/ui/images/property-no-image-small-rl.jpg
Residential Land for Sale,Kalpetta,Kalpetta,Wayanad,Not Provided ,5,12010096,25 Cent,Single,https://assets.helloaddress.com/ui/images/property-no-image-small-rl.jpg
Agricultural Land for Sale,in Kenichira,Wayanad,Wayanad,Not Provided ,5,12008117,1 Are,Single,https://assets.helloaddress.com/ui/images/property-no-image-small-al.jpg
Residential Land for Sale,Ambalavayal,Sulthan bathery,Wayanad,50 Lac - 55 Lac ,5,P717679,30 Cent,Single,https://assets.helloaddress.com/ui/images/property-no-image-small-rl.jpg
Residential Land for Sale,Panamaram,Panamaram,Wayanad,60 Lac - 65 Lac ,5,P716052,25 Cent,Single,https://assets.helloaddress.com/ui/images/property-no-image-small-rl.jpg
Residential Land for Sale,Sultan Bathery,Sulthan bathery,Wayanad,Not Provided ,5,11983124,8 Cent,Single,https://assets.helloaddress.com/ui/images/property-no-image-small-rl.jpg
Residential Land for Sale,Wayanad,Wayanad,Wayanad,40 Lac - 45 Lac ,5,11971111,65 Cent,Single,https://assets.helloaddress.com/ui/images/property-no-image-small-rl.jpg
Residential House/Villa for Sale,Wayanad,Wayanad,Wayanad,45 Lac - 50 Lac ,3,11975652,1300 Sq-ft,Single,https://assets.helloaddress.com/ui/images/property-no-image-small-rh.jpg
Residential Land for Sale,Mananthavady,Mananthavady,Wayanad,Not Provided ,3,11985115,94 Cent,Single,https://assets.helloaddress.com/ui/images/property-no-image-small-rl.jpg
Residential House/Villa for Sale,in Sultan Bathery,Sulthan bathery,Wayanad,45 Lac - 50 Lac ,3,P714782,1000 Sq-ft,Single,https://assets.helloaddress.com/ui/images/property-no-image-small-rh.jpg
Residential Land for Sale,Sultan Bathery,Sulthan bathery,Wayanad,30 Lac - 35 Lac ,3,P715011,10.5 Cent,Joint,https://assets.helloaddress.com/ui/images/property-no-image-small-rl.jpg
Residential Land for Sale,Kalpetta,Kalpetta,Wayanad,5 Lac - 10 Lac ,3,11969164,5 Cent,Single,https://assets.helloaddress.com/ui/images/property-no-image-small-rl.jpg
Residential Land for Sale,in Niravilpuzha,Mananthavady,Wayanad,Not Provided ,3,11942865,7.25 Acre,Single,https://assets.helloaddress.com/ui/images/property-no-image-small-rl.jpg
Commercial Land for Sale,in Kenichira,Wayanad,Wayanad,Not Provided ,3,11966189,170 Sq-ft,Single,https://assets.helloaddress.com/ui/images/property-no-image-small-cl.jpg
Residential Land for Sale,in Poothady,Panamaram,Wayanad,10 Lac - 15 Lac ,3,11969458,60 Cent,Single,https://assets.helloaddress.com/ui/images/property-no-image-small-rl.jpg
Residential Land for Sale,in Irulam,Pulpally,Wayanad,5 Lac - 10 Lac ,3,119598781,30 Cent,Single,https://assets.helloaddress.com/ui/images/property-no-image-small-rl.jpg
Residential Land for Sale,Irulam,Pulpally,Wayanad,1 Lac - 5 Lac ,3,11959878,20 Cent,Single,https://assets.helloaddress.com/ui/images/property-no-image-small-rl.jpg
Residential House/Villa for Sale,Sultan Bathery,Sulthan bathery,Wayanad,90 Lac - 95 Lac ,4,11967746,3200 Sq-ft,Single,https://assets.helloaddress.com/ui/images/property-no-image-small-rh.jpg
Residential House/Villa for Sale,Sultan Bathery,Sulthan bathery,Wayanad,1.6 Cr - 1.8 Cr ,4,P713232,2300 Sq-ft,Single,https://assets.helloaddress.com/ui/images/property-no-image-small-rh.jpg
Residential Land for Sale,Meppadi,Kalpetta,Wayanad,1.2 Cr - 1.4 Cr ,4,11959005,35 Cent,Single,https://assets.helloaddress.com/ui/images/property-no-image-small-rl.jpg
Residential Land for Sale,Sultan Bathery,Sulthan bathery,Wayanad,Not Provided ,4,11949060,3 Cent,Single,https://assets.helloaddress.com/ui/images/property-no-image-small-rl.jpg
Residential Land for Sale,in Chulliyod,Sulthan bathery,Wayanad,25 Lac - 30 Lac ,4,P712479,16 Cent,Single,https://assets.helloaddress.com/ui/images/property-no-image-small-rl.jpg
Residential Land for Sale,in Kalpetta,Kalpetta,Wayanad,Not Provided ,4,11928672,10 Cent,Single,https://assets.helloaddress.com/ui/images/property-no-image-small-rl.jpg
Agricultural Land for Sale,in Valad,Mananthavady,Wayanad,5 Lac - 10 Lac ,4,11931259,90 Cent,Single,https://assets.helloaddress.com/ui/images/property-no-image-small-al.jpg
Residential Apartment for Sale,Vythiri,Kalpetta,Wayanad,15 Lac - 20 Lac ,3,11930300,1400 Sq-ft,Single,https://assets.helloaddress.com/ui/images/property-no-image-small-ra.jpg
Residential Land for Sale,in Poothady,Panamaram,Wayanad,Not Provided ,3,11926659,60 Cent,Single,https://assets.helloaddress.com/ui/images/property-no-image-small-rl.jpg
Agricultural Land for Sale,Appapara,Mananthavady,Wayanad,Not Provided ,3,11922001,200 Acre,Single,https://assets.helloaddress.com/ui/images/property-no-image-small-al.jpg
Commercial Land for Sale,in Thalappuzha,Mananthavady,Wayanad,1.2 Cr - 1.4 Cr ,3,11921219,27 Cent,Single,https://assets.helloaddress.com/ui/images/property-no-image-small-cl.jpg
Residential Land for Sale,in Sultan Bathery,Sulthan bathery,Wayanad,60 Lac - 65 Lac ,3,11922554,20 Cent,Single,https://assets.helloaddress.com/ui/images/property-no-image-small-rl.jpg
Commercial Land for Sale,in Meenangadi,Sulthan bathery,Wayanad,1.6 Cr - 1.8 Cr ,3,11922873,1.2 Acre,Single,https://assets.helloaddress.com/ui/images/property-no-image-small-cl.jpg
Residential Land for Sale,Sultan Bathery,Sulthan bathery,Wayanad,15 Lac - 20 Lac ,3,11922412,10 Cent,Single,https://assets.helloaddress.com/ui/images/property-no-image-small-rl.jpg
Residential House/Villa for Sale,Sultan Bathery,Sulthan bathery,Wayanad,95 Lac - 1 Cr ,4,P710029,3200 Sq-ft,Single,https://assets.helloaddress.com/ui/images/property-no-image-small-rh.jpg
Commercial Land for Sale,in Sultan Bathery,Sulthan bathery,Wayanad,25 Lac - 30 Lac ,4,11913760,8.5 Cent,Single,https://assets.helloaddress.com/ui/images/property-no-image-small-cl.jpg
Residential Land for Sale,Kalpetta,Kalpetta,Wayanad,Not Provided ,4,11912108,1 Acre,Joint,https://assets.helloaddress.com/ui/images/property-no-image-small-rl.jpg
Commercial Building for Sale,in Kalpetta,Kalpetta,Wayanad,5.5 Cr - 6 Cr ,4,11911896,4000 Sq-ft,Single,https://assets.helloaddress.com/ui/images/property-no-image-small-cb.jpg
Residential Land for Sale,Ambalavayal,Sulthan bathery,Wayanad,Not Provided ,4,11920929,7 Cent,Single,https://assets.helloaddress.com/ui/images/property-no-image-small-rl.jpg
Residential House/Villa for Sale,Sultan Bathery,Sulthan bathery,Wayanad,4 Cr - 4.5 Cr ,6,11923434,6500 Sq-ft,Single,https://assets.helloaddress.com/ui/images/property-no-image-small-rh.jpg
Residential Land for Sale,Irulam,Pulpally,Wayanad,1 Lac - 5 Lac ,6,11904205,10 Cent,Single,https://assets.helloaddress.com/ui/images/property-no-image-small-rl.jpg
Residential Land for Sale,Sultan Bathery,Sulthan bathery,Wayanad,Not Provided ,6,11904005,96.5 Cent,Single,https://assets.helloaddress.com/ui/images/property-no-image-small-rl.jpg
Residential Land for Sale,Poothady,Panamaram,Wayanad,Not Provided ,6,11894328,60 Cent,Single,https://assets.helloaddress.com/ui/images/property-no-image-small-rl.jpg
Commercial Other for Sale,in Wayanad,Wayanad,Wayanad,20 Lac - 25 Lac ,6,P707903,450 Sq-ft,Single,https://assets.helloaddress.com/ui/images/property-no-image-small-co.jpg
Residential House/Villa for Sale,Nenmeni,Sulthan bathery,Wayanad,10 Lac - 15 Lac ,2,P707733,735 Sq-ft,Single,https://assets.helloaddress.com/ui/images/property-no-image-small-rh.jpg
Residential Apartment for Sale,in Vythiri,Kalpetta,Wayanad,15 Lac - 20 Lac ,1,11891254,478 Sq-ft,Single,https://assets.helloaddress.com/ui/images/property-no-image-small-ra.jpg
Commercial Land for Sale,in Kalpetta,Kalpetta,Wayanad,40 Lac - 45 Lac ,1,11886834,15 Cent,Single,https://assets.helloaddress.com/ui/images/property-no-image-small-cl.jpg
Commercial Land for Sale,in Mananthavady,Mananthavady,Wayanad,Not Provided ,1,11889322,3 Acre,Single,https://assets.helloaddress.com/ui/images/property-no-image-small-cl.jpg
Residential House/Villa for Sale,in Pulpally,Pulpally,Wayanad,2.6 Cr - 3 Cr ,4,P706957,1640 Sq-ft,Single,https://assets.helloaddress.com/ui/images/property-no-image-small-rh.jpg
Residential Land for Sale,in Beenachi,Sulthan bathery,Wayanad,1 Lac - 5 Lac ,4,P704953,8 Cent,Other,https://assets.helloaddress.com/ui/images/property-no-image-small-rl.jpg
Agricultural Land for Sale,in Pulpally,Pulpally,Wayanad,5 Lac - 10 Lac ,4,118427812,50 Cent,Single,https://assets.helloaddress.com/ui/images/property-no-image-small-al.jpg
Agricultural Land for Sale,in Nadavayal,Mananthavady,Wayanad,5 Lac - 10 Lac ,4,118427811,20 Cent,Single,https://assets.helloaddress.com/ui/images/property-no-image-small-al.jpg
Agricultural Land for Sale,in Meenangadi,Sulthan bathery,Wayanad,5 Lac - 10 Lac ,4,11842781,10 Cent,Single,https://assets.helloaddress.com/ui/images/property-no-image-small-al.jpg
Commercial Land for Sale,in Kattikulam,Mananthavady,Wayanad,20 Lac - 25 Lac ,4,11825490,75 Cent,Single,https://assets.helloaddress.com/ui/images/property-no-image-small-cl.jpg
Agricultural Land for Sale,in Pulpally,Pulpally,Wayanad,95 Lac - 1 Cr ,4,11825921,3.5 Acre,Single,https://assets.helloaddress.com/ui/images/property-no-image-small-al.jpg
Residential Land for Sale,in Kalpetta,Kalpetta,Wayanad,95 Lac - 1 Cr ,4,118127041,10 Cent,Single,https://assets.helloaddress.com/ui/images/property-no-image-small-rl.jpg
Residential House/Villa for Sale,Ambalavayal,Sulthan bathery,Wayanad,55 Lac - 60 Lac ,5,11815769,2000 Sq-ft,Single,https://assets.helloaddress.com/ui/images/property-no-image-small-rh.jpg
Residential Land for Sale,in Mananthavady,Mananthavady,Wayanad,Not Provided ,5,11814844,20 Cent,Single,https://assets.helloaddress.com/ui/images/property-no-image-small-rl.jpg
Residential House/Villa for Sale,Sultan Bathery,Sulthan bathery,Wayanad,80 Lac - 85 Lac ,4,11801954,2300 Sq-ft,Single,https://assets.helloaddress.com/ui/images/property-no-image-small-rh.jpg
Residential Land for Sale,Banasura Sagar Dam,Kalpetta,Wayanad,20 Lac - 25 Lac ,4,11795287,31 Cent,Single,https://assets.helloaddress.com/ui/images/property-no-image-small-rl.jpg
Residential House/Villa for Sale,Pulpally,Pulpally,Wayanad,55 Lac - 60 Lac ,5,11795173,3200 Sq-ft,Single,https://assets.helloaddress.com/ui/images/property-no-image-small-rh.jpg
Commercial Land for Sale,in Kenichira,Wayanad,Wayanad,85 Lac - 90 Lac ,5,11786982,170 Cent,Single,https://assets.helloaddress.com/ui/images/property-no-image-small-cl.jpg
Agricultural Land for Sale,in Cheeral,Sulthan bathery,Wayanad,2.3 Cr - 2.6 Cr ,5,11789210,3 Acre,Joint,https://assets.helloaddress.com/ui/images/property-no-image-small-al.jpg
Residential Land for Sale,Meppadi,Kalpetta,Wayanad,1.2 Cr - 1.4 Cr ,5,11776680,90 Cent,Single,https://assets.helloaddress.com/ui/images/property-no-image-small-rl.jpg
Commercial Land for Sale,Mananthavady,Mananthavady,Wayanad,Not Provided ,5,11781574,3 Acre,Single,https://assets.helloaddress.com/ui/images/property-no-image-small-cl.jpg
Residential Land for Sale,Kavumannam,Kalpetta,Wayanad,20 Lac - 25 Lac ,5,11782894,30 Cent,Single,https://assets.helloaddress.com/ui/images/property-no-image-small-rl.jpg
Residential Apartment for Sale,in Sultan Bathery,Sulthan bathery,Wayanad,1.4 Cr - 1.6 Cr ,3,11782354,3400 Sq-ft,Single,https://assets.helloaddress.com/ui/images/property-no-image-small-ra.jpg
Commercial Land for Sale,in Kalpetta,Kalpetta,Wayanad,40 Lac - 45 Lac ,3,11781926,35 Cent,Single,https://assets.helloaddress.com/ui/images/property-no-image-small-cl.jpg
Residential Land for Sale,Vythiri,Kalpetta,Wayanad,1.2 Cr - 1.4 Cr ,3,11777090,2 Acre,Single,https://assets.helloaddress.com/ui/images/property-no-image-small-rl.jpg
Residential Land for Sale,Mananthavady,Mananthavady,Wayanad,Not Provided ,3,11779899,92.5 Cent,Single,https://assets.helloaddress.com/ui/images/property-no-image-small-rl.jpg
Commercial Land for Sale,in Sultan Bathery,Sulthan bathery,Wayanad,2 Cr - 2.3 Cr ,3,11775526,43 Cent,Single,https://assets.helloaddress.com/ui/images/property-no-image-small-cl.jpg
Residential House/Villa for Sale,in Cherukottur,Panamaram,Wayanad,75 Lac - 80 Lac ,3,11775324,1250 Sq-ft,Single,https://assets.helloaddress.com/ui/images/property-no-image-small-rh.jpg
Residential Land for Sale,Kalpetta,Kalpetta,Wayanad,65 Lac - 70 Lac ,3,11768874,15 Cent,Single,https://assets.helloaddress.com/ui/images/property-no-image-small-rl.jpg
Residential Land for Sale,Kalpetta,Kalpetta,Wayanad,50 Lac - 55 Lac ,3,11769208,12.5 Cent,Single,https://assets.helloaddress.com/ui/images/property-no-image-small-rl.jpg
Agricultural Land for Sale,Mananthavady,Mananthavady,Wayanad,40 Lac - 45 Lac ,3,117704751,1.5 Acre,Single,https://assets.helloaddress.com/ui/images/property-no-image-small-al.jpg
Residential Land for Sale,in Mananthavady,Mananthavady,Wayanad,15 Lac - 20 Lac ,3,117798951,50 Cent,Single,https://assets.helloaddress.com/ui/images/property-no-image-small-rl.jpg
Residential Land for Sale,in Mananthavady,Mananthavady,Wayanad,75 Lac - 80 Lac ,3,11779895,20 Cent,Single,https://assets.helloaddress.com/ui/images/property-no-image-small-rl.jpg
Agricultural Land for Sale,in Kenichira,Wayanad,Wayanad,5 Lac - 10 Lac ,3,11778895,20 Cent,Single,https://assets.helloaddress.com/ui/images/property-no-image-small-al.jpg
Residential Land for Sale,Mananthavady,Mananthavady,Wayanad,2.6 Cr - 3 Cr ,3,P695641,3 Acre,Single,https://assets.helloaddress.com/ui/images/property-no-image-small-rl.jpg
Residential Land for Sale,in Vythiri,Kalpetta,Wayanad,10 Lac - 15 Lac ,3,117611121,5.5 Cent,Single,https://assets.helloaddress.com/ui/images/property-no-image-small-rl.jpg
Residential Apartment for Sale,Vythiri,Kalpetta,Wayanad,15 Lac - 20 Lac ,3,11761112,1400 Sq-ft,Single,https://assets.helloaddress.com/ui/images/property-no-image-small-ra.jpg
Residential Land for Sale,Kalpetta,Kalpetta,Wayanad,80 Lac - 85 Lac ,3,11758307,40 Cent,Single,https://assets.helloaddress.com/ui/images/property-no-image-small-rl.jpg
Commercial Land for Sale,Meppadi,Kalpetta,Wayanad,1.2 Cr - 1.4 Cr ,3,11748296,30 Cent,Single,https://assets.helloaddress.com/ui/images/property-no-image-small-cl.jpg
Residential House/Villa for Sale,in Lakkidi,Kalpetta,Wayanad,55 Lac - 60 Lac ,2,11751893,1200 Sq-ft,Single,https://assets.helloaddress.com/ui/images/property-no-image-small-rh.jpg
Agricultural Land for Sale,in Pulpally,Pulpally,Wayanad,65 Lac - 70 Lac ,2,11749954,70 Cent,Single,https://assets.helloaddress.com/ui/images/property-no-image-small-al.jpg
Residential Land for Sale,in Munderi,Kalpetta,Wayanad,75 Lac - 80 Lac ,2,11749224,22 Cent,Single,https://assets.helloaddress.com/ui/images/property-no-image-small-rl.jpg
Commercial Land for Sale,in Pulpally,Pulpally,Wayanad,80 Lac - 85 Lac ,2,11733065,74 Cent,Single,https://assets.helloaddress.com/ui/images/property-no-image-small-cl.jpg
Commercial Land for Sale,in Kenichira,Wayanad,Wayanad,1 Cr - 1.2 Cr ,2,11732214,175 Cent,Single,https://assets.helloaddress.com/ui/images/property-no-image-small-cl.jpg
Residential Land for Sale,Sultan Bathery,Sulthan bathery,Wayanad,5 Lac - 10 Lac ,2,11729790,8 Cent,Single,https://assets.helloaddress.com/ui/images/property-no-image-small-rl.jpg
Residential House/Villa for Sale,in Lakkidi,Kalpetta,Wayanad,55 Lac - 60 Lac ,2,11734810,1200 Sq-ft,Single,https://assets.helloaddress.com/ui/images/property-no-image-small-rh.jpg
Residential Land for Sale,Meppadi,Kalpetta,Wayanad,1.2 Cr - 1.4 Cr ,2,11738518,7 Cent,Single,https://assets.helloaddress.com/ui/images/property-no-image-small-rl.jpg
Residential Land for Sale,Kalpetta,Kalpetta,Wayanad,Not Provided ,2,11727939,30 Cent,Single,https://assets.helloaddress.com/ui/images/property-no-image-small-rl.jpg
Residential Land for Sale,in Sultan Bathery,Sulthan bathery,Wayanad,Not Provided ,2,11733825,17 Cent,Single,https://assets.helloaddress.com/ui/images/property-no-image-small-rl.jpg
Residential Land for Sale,in Vythiri,Kalpetta,Wayanad,Not Provided ,2,11741546,24 Cent,Single,https://assets.helloaddress.com/ui/images/property-no-image-small-rl.jpg
Agricultural Land for Sale,in Beenachi,Sulthan bathery,Wayanad,30 Lac - 35 Lac ,2,11734347,65 Cent,Single,https://assets.helloaddress.com/ui/images/property-no-image-small-al.jpg
Commercial Building for Sale,in Kalpetta,Kalpetta,Wayanad,1.6 Cr - 1.8 Cr ,2,11737802,7400 Sq-ft,Single,https://assets.helloaddress.com/ui/images/property-no-image-small-cb.jpg
Residential Land for Sale,in Kakkavayal,Sulthan bathery,Wayanad,Not Provided ,2,11734355,54 Cent,Single,https://assets.helloaddress.com/ui/images/property-no-image-small-rl.jpg
Agricultural Land for Sale,Sultan Bathery,Sulthan bathery,Wayanad,Not Provided ,2,11720226,2 Acre,Single,https://assets.helloaddress.com/ui/images/property-no-image-small-al.jpg
Residential Land for Sale,in Nadavayal,Mananthavady,Wayanad,Not Provided ,2,11715538,52.5 Cent,Single,https://assets.helloaddress.com/ui/images/property-no-image-small-rl.jpg
Residential House/Villa for Sale,in Mananthavady,Mananthavady,Wayanad,40 Lac - 45 Lac ,2,11715274,1100 Sq-ft,Single,https://assets.helloaddress.com/ui/images/property-no-image-small-rh.jpg
Commercial Land for Sale,in Sultan Bathery,Sulthan bathery,Wayanad,Not Provided ,2,11686831,1 Acre,Single,https://assets.helloaddress.com/ui/images/property-no-image-small-cl.jpg
Residential Apartment for Sale,Lakkidi,Kalpetta,Wayanad,70 Lac - 75 Lac ,2,11685098,900 Sq-ft,Single,https://assets.helloaddress.com/ui/images/property-no-image-small-ra.jpg
Residential House/Villa for Sale,in Wayanad,Wayanad,Wayanad,20 Lac - 25 Lac ,3,11708682,1000 Sq-ft,Single,https://assets.helloaddress.com/ui/images/property-no-image-small-rh.jpg
Agricultural Land for Sale,Mananthavady,Mananthavady,Wayanad,Not Provided ,3,117072351,1.5 Acre,Single,https://assets.helloaddress.com/ui/images/property-no-image-small-al.jpg
Residential Land for Sale,Vythiri,Kalpetta,Wayanad,45 Lac - 50 Lac ,3,11707235,40 Cent,Single,https://assets.helloaddress.com/ui/images/property-no-image-small-rl.jpg
Residential Land for Sale,Kuppady,Sulthan bathery,Wayanad,75 Lac - 80 Lac ,3,P687364,35 Cent,Single,https://assets.helloaddress.com/ui/images/property-no-image-small-rl.jpg
Residential Land for Sale,in Mananthavady,Mananthavady,Wayanad,Not Provided ,3,11694144,30 Cent,Single,https://assets.helloaddress.com/ui/images/property-no-image-small-rl.jpg
Agricultural Land for Sale,in Kuppady,Sulthan bathery,Wayanad,1.8 Cr - 2 Cr ,3,11691599,8 Acre,Single,https://assets.helloaddress.com/ui/images/property-no-image-small-al.jpg
Residential House/Villa for Sale,Sultan Bathery,Sulthan bathery,Wayanad,80 Lac - 85 Lac ,4,11683835,2300 Sq-ft,Single,https://assets.helloaddress.com/ui/images/property-no-image-small-rh.jpg
Residential House/Villa for Sale,Panamaram,Panamaram,Wayanad,45 Lac - 50 Lac ,4,11684385,1500 Sq-ft,Single,https://assets.helloaddress.com/ui/images/property-no-image-small-rh.jpg
Residential Land for Sale,Sultan Bathery,Sulthan bathery,Wayanad,20 Lac - 25 Lac ,4,116843881,10 Cent,Single,https://assets.helloaddress.com/ui/images/property-no-image-small-rl.jpg
Residential House/Villa for Sale,Sultan Bathery,Sulthan bathery,Wayanad,65 Lac - 70 Lac ,3,11684388,1650 Sq-ft,Single,https://assets.helloaddress.com/ui/images/property-no-image-small-rh.jpg
Residential Land for Sale,Kalpetta,Kalpetta,Wayanad,Not Provided ,3,11693017,25 Cent,Single,https://assets.helloaddress.com/ui/images/property-no-image-small-rl.jpg
Residential Land for Sale,Wayanad,Wayanad,Wayanad,10 Lac - 15 Lac ,3,11689624,10.5 Cent,Single,https://assets.helloaddress.com/ui/images/property-no-image-small-rl.jpg
Residential House/Villa for Sale,in Meenangadi,Sulthan bathery,Wayanad,55 Lac - 60 Lac ,4,11686060,1500 Sq-ft,Single,https://assets.helloaddress.com/ui/images/property-no-image-small-rh.jpg
Residential House/Villa for Sale,Sultan Bathery,Sulthan bathery,Wayanad,1 Cr - 1.2 Cr ,5,11686056,3400 Sq-ft,Single,https://assets.helloaddress.com/ui/images/property-no-image-small-rh.jpg
Residential House/Villa for Sale,in Kindanganad,Sulthan bathery,Wayanad,45 Lac - 50 Lac ,3,P682453,1200 Sq-ft,Joint,https://assets.helloaddress.com/ui/images/property-no-image-small-rh.jpg
വാസയോഗ്യമായ വീട്‌ / ഉല്ലാസഭവനം വില്പനയ്ക്ക്,Muthanga,Sulthan bathery,Wayanad,1.2 Cr - 1.4 Cr ,4,P684519,2200 Sq-ft,Single,https://assets.helloaddress.com/ui/images/property-no-image-small-rh.jpg
Residential Apartment for Sale,in Vythiri,Kalpetta,Wayanad,Not Provided ,1,11675877,472 Sq-ft,Single,https://assets.helloaddress.com/ui/images/property-no-image-small-ra.jpg
Residential House/Villa for Sale,in Thalappuzha,Mananthavady,Wayanad,1.2 Cr - 1.4 Cr ,3,11666450,2000 Sq-ft,Single,https://assets.helloaddress.com/ui/images/property-no-image-small-rh.jpg
Commercial Building for Sale,in Sultan Bathery,Sulthan bathery,Wayanad,3.5 Cr - 4 Cr ,3,11657457,7000 Sq-ft,Single,https://assets.helloaddress.com/ui/images/property-no-image-small-cb.jpg
Commercial Land for Sale,in Pulpally,Pulpally,Wayanad,Not Provided ,3,11653719,5.5 Acre,Joint,https://assets.helloaddress.com/ui/images/property-no-image-small-cl.jpg
Commercial Land for Sale,in Kalpetta,Kalpetta,Wayanad,Not Provided ,3,11640155,5600 Cent,Single,https://assets.helloaddress.com/ui/images/property-no-image-small-cl.jpg
Residential Land for Sale,in Vythiri,Kalpetta,Wayanad,40 Lac - 45 Lac ,3,11640175,16 Cent,Single,https://assets.helloaddress.com/ui/images/property-no-image-small-rl.jpg
Residential Land for Sale,Kalpetta,Kalpetta,Wayanad,35 Lac - 40 Lac ,3,11654354,1 Acre,Single,https://assets.helloaddress.com/ui/images/property-no-image-small-rl.jpg
Residential Land for Sale,in Kalpetta,Kalpetta,Wayanad,Not Provided ,3,11615267,15 Cent,Single,https://assets.helloaddress.com/ui/images/property-no-image-small-rl.jpg
Residential House/Villa for Sale,in Ambalavayal,Sulthan bathery,Wayanad,Not Provided ,5,11615029,2000 Sq-ft,Single,https://assets.helloaddress.com/ui/images/property-no-image-small-rh.jpg
Residential Land for Sale,Vythiri,Kalpetta,Wayanad,45 Lac - 50 Lac ,5,11649884,24 Cent,Single,https://assets.helloaddress.com/ui/images/property-no-image-small-rl.jpg
Residential House/Villa for Sale,Sultan Bathery,Sulthan bathery,Wayanad,95 Lac - 1 Cr ,4,11615365,1500 Sq-ft,Single,https://assets.helloaddress.com/ui/images/property-no-image-small-rh.jpg
Residential House/Villa for Sale,in Mananthavady,Mananthavady,Wayanad,30 Lac - 35 Lac ,3,11573315,1000 Sq-ft,Single,https://assets.helloaddress.com/ui/images/property-no-image-small-rh.jpg
Commercial Land for Sale,in Padinjarathara,Kalpetta,Wayanad,50 Lac - 55 Lac ,3,11596785,30 Cent,Single,https://assets.helloaddress.com/ui/images/property-no-image-small-cl.jpg
Residential House/Villa for Sale,in Lakkidi,Kalpetta,Wayanad,2.3 Cr - 2.6 Cr ,2,11613552,996 Sq-ft,Single,https://assets.helloaddress.com/ui/images/property-no-image-small-rh.jpg
Agricultural Land for Sale,Wayanad,Wayanad,Wayanad,15 Lac - 20 Lac ,2,11609712,1.25 Acre,Single,https://assets.helloaddress.com/ui/images/property-no-image-small-al.jpg
Residential House/Villa for Sale,in Kalpetta,Kalpetta,Wayanad,70 Lac - 75 Lac ,5,11613324,2200 Sq-ft,Single,https://assets.helloaddress.com/ui/images/property-no-image-small-rh.jpg
Residential Land for Sale,Thariyod,Kalpetta,Wayanad,15 Lac - 20 Lac ,5,116133082,39 Cent,Single,https://assets.helloaddress.com/ui/images/property-no-image-small-rl.jpg
Residential Land for Sale,in Sultan Bathery,Sulthan bathery,Wayanad,40 Lac - 45 Lac ,5,116133081,33 Cent,Single,https://assets.helloaddress.com/ui/images/property-no-image-small-rl.jpg
Residential House/Villa for Sale,in Mananthavady,Mananthavady,Wayanad,80 Lac - 85 Lac ,3,11613308,3000 Sq-ft,Single,https://assets.helloaddress.com/ui/images/property-no-image-small-rh.jpg
Agricultural Land for Sale,Padichira,Pulpally,Wayanad,20 Lac - 25 Lac ,3,P678579,1 Acre,Single,https://assets.helloaddress.com/ui/images/property-no-image-small-al.jpg
Residential Land for Sale,Mananthavady,Mananthavady,Wayanad,Not Provided ,3,P677219,10 Cent,Single,https://assets.helloaddress.com/ui/images/property-no-image-small-rl.jpg
Residential Land for Sale,Sultan Bathery,Sulthan bathery,Wayanad,75 Lac - 80 Lac ,3,11589652,1.3 Acre,Single,https://assets.helloaddress.com/ui/images/property-no-image-small-rl.jpg
Residential Land for Sale,in Chundale,Kalpetta,Wayanad,Not Provided ,3,11583239,2 Acre,Single,https://assets.helloaddress.com/ui/images/property-no-image-small-rl.jpg
Residential Land for Sale,in Vengapally,Kalpetta,Wayanad,45 Lac - 50 Lac ,3,11597139,20 Cent,Single,https://assets.helloaddress.com/ui/images/property-no-image-small-rl.jpg
Residential Land for Sale,in Meppadi,Kalpetta,Wayanad,1.2 Cr - 1.4 Cr ,3,11577602,35 Cent,Single,https://assets.helloaddress.com/ui/images/property-no-image-small-rl.jpg
Agricultural Land for Sale,Wayanad,Wayanad,Wayanad,1.2 Cr - 1.4 Cr ,3,11569354,7 Acre,Single,https://assets.helloaddress.com/ui/images/property-no-image-small-al.jpg
Residential Land for Sale,Wayanad,Wayanad,Wayanad,Not Provided ,3,11579588,120 Cent,Single,https://assets.helloaddress.com/ui/images/property-no-image-small-rl.jpg
Residential Land for Sale,Wayanad,Wayanad,Wayanad,5 Lac - 10 Lac ,3,11579720,5 Cent,Single,https://assets.helloaddress.com/ui/images/property-no-image-small-rl.jpg
Residential Land for Sale,Kalpetta,Kalpetta,Wayanad,Not Provided ,3,11578342,22 Cent,Single,https://assets.helloaddress.com/ui/images/property-no-image-small-rl.jpg
Commercial Building for Sale,in Meppadi,Kalpetta,Wayanad,60 Lac - 65 Lac ,3,11579863,3000 Sq-ft,Joint,https://assets.helloaddress.com/ui/images/property-no-image-small-cb.jpg
Residential Land for Sale,in Panamaram,Panamaram,Wayanad,20 Lac - 25 Lac ,3,11569765,80 Cent,Single,https://assets.helloaddress.com/ui/images/property-no-image-small-rl.jpg
Residential Land for Sale,in Krishnagiri,Sulthan bathery,Wayanad,Not Provided ,3,11580502,96 Cent,Single,https://assets.helloaddress.com/ui/images/property-no-image-small-rl.jpg
Commercial Land for Sale,Sultan Bathery,Sulthan bathery,Wayanad,Not Provided ,3,11568952,10 Cent,Single,https://assets.helloaddress.com/ui/images/property-no-image-small-cl.jpg
Residential Land for Sale,Wayanad,Wayanad,Wayanad,15 Lac - 20 Lac ,3,11570907,30 Cent,Single,https://assets.helloaddress.com/ui/images/property-no-image-small-rl.jpg
Residential Land for Sale,Anchukunnu,Panamaram,Wayanad,5 Lac - 10 Lac ,3,11558355,10.5 Cent,Joint,https://assets.helloaddress.com/ui/images/property-no-image-small-rl.jpg
Residential Land for Sale,Mananthavady,Mananthavady,Wayanad,1 Cr - 1.2 Cr ,3,11560329,42 Cent,Single,https://assets.helloaddress.com/ui/images/property-no-image-small-rl.jpg
Residential Land for Sale,Kaniyambetta,Kalpetta,Wayanad,1 Cr - 1.2 Cr ,3,11560305,34 Cent,Single,https://assets.helloaddress.com/ui/images/property-no-image-small-rl.jpg
Residential Land for Sale,Kalpetta,Kalpetta,Wayanad,40 Lac - 45 Lac ,3,11548199,49 Cent,Single,https://assets.helloaddress.com/ui/images/property-no-image-small-rl.jpg
Residential Land for Sale,Sultan Bathery,Sulthan bathery,Wayanad,60 Lac - 65 Lac ,3,11553938,16 Cent,Joint,https://assets.helloaddress.com/ui/images/property-no-image-small-rl.jpg
Residential House/Villa for Sale,in Vythiri,Kalpetta,Wayanad,15 Lac - 20 Lac ,2,11543552,1300 Sq-ft,Single,https://assets.helloaddress.com/ui/images/property-no-image-small-rh.jpg
Residential Land for Sale,Poothikkad,Sulthan bathery,Wayanad,30 Lac - 35 Lac ,2,11532548,90 Cent,Single,https://assets.helloaddress.com/ui/images/property-no-image-small-rl.jpg
Residential Land for Sale,in Sultan Bathery,Sulthan bathery,Wayanad,15 Lac - 20 Lac ,2,11516362,10 Cent,Single,https://assets.helloaddress.com/ui/images/property-no-image-small-rl.jpg
Residential House/Villa for Sale,in Vythiri,Kalpetta,Wayanad,15 Lac - 20 Lac ,4,11516017,700 Sq-ft,Single,https://assets.helloaddress.com/ui/images/property-no-image-small-rh.jpg
Residential Land for Sale,in Meppadi,Kalpetta,Wayanad,1.4 Cr - 1.6 Cr ,4,11515818,40 Cent,Single,https://assets.helloaddress.com/ui/images/property-no-image-small-rl.jpg
Residential Apartment for Sale,Lakkidi,Kalpetta,Wayanad,Not Provided ,2,11544400,900 Sq-ft,Single,https://assets.helloaddress.com/ui/images/property-no-image-small-ra.jpg
Commercial Building for Sale,in Vythiri,Kalpetta,Wayanad,2.6 Cr - 3 Cr ,2,11510576,4800 Sq-ft,Single,https://assets.helloaddress.com/ui/images/property-no-image-small-cb.jpg
Residential Land for Sale,Chundale,Kalpetta,Wayanad,Not Provided ,2,11544556,1 Acre,Single,https://assets.helloaddress.com/ui/images/property-no-image-small-rl.jpg
Residential Land for Sale,Sultan Bathery,Sulthan bathery,Wayanad,Not Provided ,2,11507187,13 Cent,Single,https://assets.helloaddress.com/ui/images/property-no-image-small-rl.jpg
Residential Land for Sale,Wayanad,Wayanad,Wayanad,20 Lac - 25 Lac ,2,11508166,45 Cent,Single,https://assets.helloaddress.com/ui/images/property-no-image-small-rl.jpg
Residential Land for Sale,Ambalavayal,Sulthan bathery,Wayanad,30 Lac - 35 Lac ,2,11520475,44 Cent,Single,https://assets.helloaddress.com/ui/images/property-no-image-small-rl.jpg
Residential Land for Sale,Irulam,Pulpally,Wayanad,30 Lac - 35 Lac ,2,11533304,20 Cent,Single,https://assets.helloaddress.com/ui/images/property-no-image-small-rl.jpg
Residential Land for Sale,Vythiri,Kalpetta,Wayanad,15 Lac - 20 Lac ,2,11501923,13 Cent,Single,https://assets.helloaddress.com/ui/images/property-no-image-small-rl.jpg
Residential Land for Sale,Meenangadi,Sulthan bathery,Wayanad,95 Lac - 1 Cr ,2,11510396,210 Cent,Single,https://assets.helloaddress.com/ui/images/property-no-image-small-rl.jpg
Residential Land for Sale,in Thrissilery,Mananthavady,Wayanad,15 Lac - 20 Lac ,2,11513901,28 Cent,Single,https://assets.helloaddress.com/ui/images/property-no-image-small-rl.jpg
Agricultural Land for Sale,in Pulpally,Pulpally,Wayanad,Not Provided ,2,11512130,50 Cent,Single,https://assets.helloaddress.com/ui/images/property-no-image-small-al.jpg
Residential Land for Sale,Kalpetta,Kalpetta,Wayanad,20 Lac - 25 Lac ,2,11501513,10 Cent,Single,https://assets.helloaddress.com/ui/images/property-no-image-small-rl.jpg
Residential Land for Sale,in Pulpally,Pulpally,Wayanad,45 Lac - 50 Lac ,2,11495322,1.25 Acre,Single,https://assets.helloaddress.com/ui/images/property-no-image-small-rl.jpg
Residential Land for Sale,Pulpally,Pulpally,Wayanad,5 Lac - 10 Lac ,2,11475710,30 Cent,Single,https://assets.helloaddress.com/ui/images/property-no-image-small-rl.jpg
Residential Land for Sale,Sultan Bathery,Sulthan bathery,Wayanad,15 Lac - 20 Lac ,2,11475713,15 Cent,Single,https://assets.helloaddress.com/ui/images/property-no-image-small-rl.jpg
Residential House/Villa for Sale,in Munderi,Kalpetta,Wayanad,25 Lac - 30 Lac ,4,11485156,1000 Sq-ft,Single,https://assets.helloaddress.com/ui/images/property-no-image-small-rh.jpg
Residential House/Villa for Sale,Nenmeni,Sulthan bathery,Wayanad,10 Lac - 15 Lac ,2,11953551,850 Sq-ft,Single,https://assets.helloaddress.com/ui/images/property-no-image-small-rh.jpg
